Date,Time,Camera,Detection,Confidence
2026-06-26,15:13:52,Floor-1 Laptop-cam0,fire,0.50
2026-06-26,15:13:54,Floor-1 Laptop-cam0,fire,0.60
2026-06-26,15:13:55,Floor-1 Laptop-cam0,fire,0.60
2026-06-26,15:13:56,Floor-1 Laptop-cam0,fire,0.63
2026-06-26,15:13:57,Floor-1 Laptop-cam0,fire,0.68
2026-06-26,15:13:58,Floor-1 Laptop-cam0,fire,0.52
2026-06-26,15:13:59,Floor-1 Laptop-cam0,fire,0.70
2026-06-26,15:14:00,Floor-1 Laptop-cam0,fire,0.83
2026-06-26,15:14:01,Floor-1 Laptop-cam0,fire,0.79
2026-06-26,15:14:02,Floor-1 Laptop-cam0,fire,0.68
2026-06-26,15:14:03,Floor-1 Laptop-cam0,fire,0.71
2026-06-26,15:14:04,Floor-1 Laptop-cam0,fire,0.56
2026-06-26,15:15:20,Floor-1 Laptop-cam0,fire,0.67
2026-06-26,15:15:21,Floor-1 Laptop-cam0,fire,0.56
2026-06-26,15:15:22,Floor-1 Laptop-cam0,fire,0.59
2026-06-26,15:15:23,Floor-1 Laptop-cam0,fire,0.34
2026-06-26,15:15:24,Floor-1 Laptop-cam0,fire,0.26
2026-06-26,15:15:25,Floor-1 Laptop-cam0,fire,0.42
2026-06-26,15:15:26,Floor-1 Laptop-cam0,fire,0.26
2026-06-26,15:15:27,Floor-1 Laptop-cam0,fire,0.53
2026-06-26,15:15:28,Floor-1 Laptop-cam0,fire,0.42
2026-06-26,15:15:29,Floor-1 Laptop-cam0,fire,0.27
2026-06-26,15:15:35,Floor-1 Laptop-cam0,fire,0.74
2026-06-26,15:15:36,Floor-1 Laptop-cam0,fire,0.52
2026-06-26,15:15:37,Floor-1 Laptop-cam0,fire,0.44
2026-06-26,15:15:38,Floor-1 Laptop-cam0,fire,0.50
2026-06-26,15:15:39,Floor-1 Laptop-cam0,fire,0.48
2026-06-26,15:15:40,Floor-1 Laptop-cam0,fire,0.38
2026-06-26,15:15:41,Floor-1 Laptop-cam0,fire,0.69
2026-06-26,15:15:42,Floor-1 Laptop-cam0,fire,0.45
2026-06-26,15:15:43,Floor-1 Laptop-cam0,fire,0.47
2026-06-26,15:15:44,Floor-1 Laptop-cam0,fire,0.43
2026-06-26,15:22:19,Floor-1 Laptop-cam0,fire,0.39
2026-06-26,15:22:20,Floor-1 Laptop-cam0,fire,0.31
2026-06-26,15:22:21,Floor-1 Laptop-cam0,fire,0.54
2026-06-26,15:22:22,Floor-1 Laptop-cam0,fire,0.65
2026-06-26,15:22:23,Floor-1 Laptop-cam0,fire,0.76
2026-06-26,15:22:44,Floor-1 Laptop-cam0,smoke,0.40
2026-06-26,15:22:51,Floor-1 Laptop-cam0,smoke,0.32
2026-06-26,15:23:04,Floor-1 Laptop-cam0,smoke,0.40
2026-06-26,15:23:07,Floor-1 Laptop-cam0,smoke,0.26
2026-06-26,16:36:20,Floor-1 Laptop-cam0,fire,0.62
2026-06-26,16:36:20,Floor-1 Laptop-cam0,smoke,0.00
2026-06-26,16:36:21,Floor-1 Laptop-cam0,fire,0.57
2026-06-26,16:36:22,Floor-1 Laptop-cam0,fire,0.47
2026-06-26,16:36:23,Floor-1 Laptop-cam0,fire,0.53
2026-06-26,16:36:24,Floor-1 Laptop-cam0,fire,0.68
2026-06-26,16:36:25,Floor-1 Laptop-cam0,fire,0.55
2026-06-26,16:36:26,Floor-1 Laptop-cam0,fire,0.60
2026-06-26,16:36:27,Floor-1 Laptop-cam0,fire,0.62
2026-06-30,11:03:17,Floor-1 Laptop-cam0,smoke,0.36
2026-06-30,11:03:17,Floor-1 Laptop-cam0,smoke,0.41
2026-06-30,11:03:18,Floor-1 Laptop-cam0,smoke,0.35
2026-06-30,11:03:19,Floor-1 Laptop-cam0,smoke,0.38
2026-06-30,11:03:20,Floor-1 Laptop-cam0,smoke,0.31
2026-06-30,11:03:21,Floor-1 Laptop-cam0,smoke,0.31
2026-06-30,11:03:22,Floor-1 Laptop-cam0,smoke,0.30
2026-06-30,11:03:23,Floor-1 Laptop-cam0,smoke,0.27
2026-06-30,11:03:24,Floor-1 Laptop-cam0,smoke,0.38
2026-06-30,11:03:25,Floor-1 Laptop-cam0,smoke,0.28
2026-06-30,11:03:26,Floor-1 Laptop-cam0,smoke,0.31
2026-06-30,11:03:27,Floor-1 Laptop-cam0,smoke,0.37
2026-06-30,11:03:28,Floor-1 Laptop-cam0,smoke,0.51
2026-06-30,11:03:29,Floor-1 Laptop-cam0,smoke,0.47
2026-06-30,11:03:30,Floor-1 Laptop-cam0,smoke,0.48
2026-06-30,11:03:33,Floor-1 Laptop-cam0,smoke,0.42
2026-06-30,11:03:35,Floor-1 Laptop-cam0,smoke,0.26
2026-06-30,11:03:53,Floor-1 Laptop-cam0,smoke,0.27
2026-06-30,11:03:54,Floor-1 Laptop-cam0,smoke,0.46
2026-06-30,11:03:55,Floor-1 Laptop-cam0,smoke,0.29
2026-06-30,11:03:56,Floor-1 Laptop-cam0,smoke,0.29
2026-06-30,11:03:57,Floor-1 Laptop-cam0,smoke,0.35
2026-06-30,11:03:59,Floor-1 Laptop-cam0,smoke,0.31
2026-06-30,11:04:05,Floor-1 Laptop-cam0,smoke,0.27
2026-06-30,11:04:06,Floor-1 Laptop-cam0,smoke,0.67
2026-06-30,11:04:07,Floor-1 Laptop-cam0,smoke,0.64
2026-06-30,11:04:08,Floor-1 Laptop-cam0,smoke,0.61
2026-06-30,11:04:09,Floor-1 Laptop-cam0,smoke,0.65
2026-06-30,11:04:10,Floor-1 Laptop-cam0,smoke,0.72
2026-06-30,11:04:11,Floor-1 Laptop-cam0,smoke,0.62
2026-06-30,11:04:12,Floor-1 Laptop-cam0,smoke,0.60
2026-06-30,11:04:13,Floor-1 Laptop-cam0,smoke,0.62
2026-06-30,11:04:14,Floor-1 Laptop-cam0,smoke,0.70
2026-06-30,11:04:17,Floor-1 Laptop-cam0,smoke,0.32
2026-06-30,11:04:20,Floor-1 Laptop-cam0,smoke,0.34
2026-06-30,11:04:23,Floor-1 Laptop-cam0,smoke,0.38
2026-06-30,11:04:24,Floor-1 Laptop-cam0,smoke,0.38
2026-06-30,11:04:25,Floor-1 Laptop-cam0,smoke,0.26
2026-06-30,11:04:28,Floor-1 Laptop-cam0,smoke,0.25
2026-06-30,11:04:37,Floor-1 Laptop-cam0,smoke,0.46
2026-06-30,11:04:45,Floor-1 Laptop-cam0,smoke,0.58
2026-06-30,11:04:50,Floor-1 Laptop-cam0,smoke,0.29
2026-06-30,11:04:51,Floor-1 Laptop-cam0,smoke,0.46
2026-06-30,11:04:52,Floor-1 Laptop-cam0,smoke,0.26
2026-06-30,11:04:53,Floor-1 Laptop-cam0,smoke,0.46
2026-06-30,11:04:54,Floor-1 Laptop-cam0,smoke,0.25
2026-06-30,11:04:55,Floor-1 Laptop-cam0,smoke,0.29
2026-06-30,11:04:57,Floor-1 Laptop-cam0,smoke,0.33
2026-06-30,11:04:58,Floor-1 Laptop-cam0,smoke,0.37
2026-06-30,11:04:59,Floor-1 Laptop-cam0,smoke,0.29
2026-06-30,11:05:00,Floor-1 Laptop-cam0,smoke,0.26
2026-06-30,11:05:02,Floor-1 Laptop-cam0,smoke,0.28
2026-06-30,11:05:12,Floor-1 Laptop-cam0,smoke,0.33
2026-06-30,11:05:13,Floor-1 Laptop-cam0,smoke,0.32
2026-06-30,11:05:14,Floor-1 Laptop-cam0,smoke,0.34
2026-06-30,11:05:15,Floor-1 Laptop-cam0,smoke,0.36
2026-06-30,11:05:16,Floor-1 Laptop-cam0,smoke,0.29
2026-06-30,11:05:17,Floor-1 Laptop-cam0,smoke,0.26
2026-06-30,11:05:19,Floor-1 Laptop-cam0,smoke,0.33
2026-06-30,11:05:23,Floor-1 Laptop-cam0,smoke,0.35
2026-06-30,11:05:25,Floor-1 Laptop-cam0,smoke,0.29
2026-06-30,11:05:30,Floor-1 Laptop-cam0,smoke,0.29
2026-06-30,11:05:33,Floor-1 Laptop-cam0,smoke,0.39
2026-06-30,11:05:34,Floor-1 Laptop-cam0,smoke,0.28
2026-06-30,11:06:01,Floor-1 Laptop-cam0,smoke,0.30
2026-06-30,11:06:05,Floor-1 Laptop-cam0,smoke,0.29
2026-06-30,11:07:15,Floor-1 Laptop-cam0,smoke,0.27
2026-06-30,11:07:18,Floor-1 Laptop-cam0,smoke,0.36
2026-06-30,11:07:21,Floor-1 Laptop-cam0,smoke,0.30
2026-06-30,11:07:25,Floor-1 Laptop-cam0,smoke,0.29
2026-06-30,11:07:26,Floor-1 Laptop-cam0,smoke,0.29
2026-06-30,11:07:27,Floor-1 Laptop-cam0,smoke,0.36
2026-06-30,11:07:31,Floor-1 Laptop-cam0,smoke,0.29
2026-06-30,11:07:32,Floor-1 Laptop-cam0,smoke,0.29
2026-06-30,11:07:33,Floor-1 Laptop-cam0,smoke,0.26
2026-06-30,11:07:35,Floor-1 Laptop-cam0,smoke,0.29
2026-06-30,11:07:38,Floor-1 Laptop-cam0,smoke,0.32
2026-06-30,11:07:39,Floor-1 Laptop-cam0,smoke,0.32
2026-06-30,11:07:40,Floor-1 Laptop-cam0,smoke,0.29
2026-06-30,11:07:41,Floor-1 Laptop-cam0,smoke,0.28
2026-06-30,11:07:58,Floor-1 Laptop-cam0,smoke,0.44
2026-06-30,11:08:02,Floor-1 Laptop-cam0,smoke,0.35
2026-06-30,11:08:17,Floor-1 Laptop-cam0,smoke,0.28
2026-06-30,11:08:18,Floor-1 Laptop-cam0,smoke,0.30
2026-06-30,11:08:19,Floor-1 Laptop-cam0,smoke,0.34
2026-06-30,11:08:20,Floor-1 Laptop-cam0,smoke,0.29
2026-06-30,11:08:21,Floor-1 Laptop-cam0,smoke,0.30
2026-06-30,11:08:22,Floor-1 Laptop-cam0,smoke,0.35
2026-06-30,11:08:23,Floor-1 Laptop-cam0,smoke,0.27
2026-06-30,11:08:24,Floor-1 Laptop-cam0,smoke,0.30
2026-06-30,11:08:25,Floor-1 Laptop-cam0,smoke,0.51
2026-06-30,11:09:05,Floor-1 Laptop-cam0,smoke,0.40
2026-06-30,11:09:06,Floor-1 Laptop-cam0,smoke,0.32
2026-06-30,11:09:07,Floor-1 Laptop-cam0,smoke,0.44
2026-06-30,11:09:08,Floor-1 Laptop-cam0,smoke,0.38
2026-06-30,11:09:09,Floor-1 Laptop-cam0,smoke,0.45
2026-06-30,11:09:10,Floor-1 Laptop-cam0,smoke,0.30
2026-06-30,11:09:13,Floor-1 Laptop-cam0,smoke,0.27
2026-06-30,11:09:14,Floor-1 Laptop-cam0,smoke,0.29
2026-06-30,11:09:16,Floor-1 Laptop-cam0,smoke,0.50
2026-06-30,11:09:17,Floor-1 Laptop-cam0,smoke,0.26
2026-06-30,11:09:18,Floor-1 Laptop-cam0,smoke,0.27
2026-06-30,11:09:19,Floor-1 Laptop-cam0,smoke,0.35
2026-06-30,11:09:20,Floor-1 Laptop-cam0,smoke,0.33
2026-06-30,11:09:24,Floor-1 Laptop-cam0,smoke,0.46
2026-06-30,11:09:25,Floor-1 Laptop-cam0,smoke,0.52
2026-06-30,11:09:26,Floor-1 Laptop-cam0,smoke,0.42
2026-06-30,11:09:27,Floor-1 Laptop-cam0,smoke,0.42
2026-06-30,11:09:28,Floor-1 Laptop-cam0,smoke,0.36
2026-06-30,11:09:30,Floor-1 Laptop-cam0,smoke,0.40
2026-06-30,11:09:31,Floor-1 Laptop-cam0,smoke,0.42
2026-06-30,11:09:32,Floor-1 Laptop-cam0,smoke,0.55
2026-06-30,11:09:33,Floor-1 Laptop-cam0,smoke,0.54
2026-06-30,11:09:37,Floor-1 Laptop-cam0,smoke,0.45
2026-06-30,11:09:47,Floor-1 Laptop-cam0,smoke,0.36
2026-06-30,11:09:48,Floor-1 Laptop-cam0,smoke,0.29
2026-06-30,11:10:02,Floor-1 Laptop-cam0,fire,0.26
2026-06-30,11:10:06,Floor-1 Laptop-cam0,fire,0.26
2026-06-30,11:10:18,Floor-1 Laptop-cam0,fire,0.34
2026-06-30,11:10:23,Floor-1 Laptop-cam0,smoke,0.26
2026-06-30,11:10:24,Floor-1 Laptop-cam0,smoke,0.32
2026-06-30,11:10:25,Floor-1 Laptop-cam0,smoke,0.28
2026-06-30,11:10:28,Floor-1 Laptop-cam0,smoke,0.26
2026-06-30,11:10:38,Floor-1 Laptop-cam0,smoke,0.41
2026-06-30,11:10:55,Floor-1 Laptop-cam0,smoke,0.32
2026-06-30,11:10:56,Floor-1 Laptop-cam0,smoke,0.59
2026-06-30,11:11:25,Floor-1 Laptop-cam0,smoke,0.34
2026-06-30,11:12:13,Floor-1 Laptop-cam0,smoke,0.65
2026-06-30,11:12:15,Floor-1 Laptop-cam0,smoke,0.47
2026-06-30,11:12:16,Floor-1 Laptop-cam0,smoke,0.46
2026-06-30,11:12:17,Floor-1 Laptop-cam0,smoke,0.62
2026-06-30,11:12:18,Floor-1 Laptop-cam0,smoke,0.72
2026-06-30,11:12:19,Floor-1 Laptop-cam0,smoke,0.27
2026-06-30,11:14:55,Floor-1 Laptop-cam0,smoke,0.36
2026-06-30,11:15:03,Floor-1 Laptop-cam0,smoke,0.26
2026-06-30,11:15:03,Floor-1 Laptop-cam0,fire,0.43
2026-06-30,11:15:04,Floor-1 Laptop-cam0,smoke,0.41
2026-06-30,11:15:07,Floor-1 Laptop-cam0,smoke,0.34
2026-06-30,11:15:09,Floor-1 Laptop-cam0,smoke,0.38
2026-06-30,11:15:25,Floor-1 Laptop-cam0,smoke,0.28
2026-06-30,14:36:12,Floor-1 Laptop-cam0,smoke,0.37
2026-06-30,14:36:45,Floor-1 Laptop-cam0,smoke,0.33
2026-06-30,14:36:55,Floor-1 Laptop-cam0,smoke,0.25
2026-06-30,14:37:01,Floor-1 Laptop-cam0,smoke,0.34
2026-06-30,14:37:23,Floor-1 Laptop-cam0,smoke,0.34
2026-06-30,14:37:39,Floor-1 Laptop-cam0,smoke,0.68
2026-06-30,14:37:39,Floor-1 Laptop-cam0,fire,0.50
2026-06-30,14:37:40,Floor-1 Laptop-cam0,fire,0.69
2026-06-30,14:37:41,Floor-1 Laptop-cam0,fire,0.73
2026-06-30,14:37:42,Floor-1 Laptop-cam0,fire,0.65
2026-06-30,14:37:53,Floor-1 Laptop-cam0,smoke,0.31
2026-06-30,14:38:00,Floor-1 Laptop-cam0,smoke,0.31
2026-06-30,14:38:02,Floor-1 Laptop-cam0,smoke,0.26
2026-06-30,14:38:04,Floor-1 Laptop-cam0,smoke,0.33
2026-06-30,14:38:18,Floor-1 Laptop-cam0,smoke,0.30
2026-06-30,14:38:34,Floor-1 Laptop-cam0,smoke,0.29
2026-06-30,14:38:44,Floor-1 Laptop-cam0,smoke,0.35
2026-06-30,14:39:11,Floor-1 Laptop-cam0,smoke,0.51
2026-06-30,14:39:17,Floor-1 Laptop-cam0,smoke,0.28
2026-06-30,14:39:19,Floor-1 Laptop-cam0,smoke,0.26
2026-06-30,14:39:20,Floor-1 Laptop-cam0,smoke,0.33
2026-06-30,14:40:13,Floor-1 Laptop-cam0,smoke,0.31
2026-06-30,14:40:23,Floor-1 Laptop-cam0,smoke,0.28
2026-06-30,14:40:33,Floor-1 Laptop-cam0,smoke,0.25
2026-06-30,14:40:37,Floor-1 Laptop-cam0,smoke,0.41
2026-06-30,14:40:39,Floor-1 Laptop-cam0,smoke,0.37
2026-06-30,14:41:46,Floor-1 Laptop-cam0,smoke,0.25
2026-06-30,14:50:49,Floor-2 Laptop-cam0,fire,0.25
2026-06-30,14:50:57,Reception Laptop-cam0,fire,0.34
2026-06-30,14:51:08,Reception Laptop-cam0,fire,0.31
2026-06-30,14:51:09,Floor-2 Laptop-cam0,fire,0.32
2026-06-30,14:51:09,Reception Laptop-cam0,fire,0.25
2026-06-30,14:51:11,Reception Laptop-cam0,fire,0.29
2026-06-30,14:51:13,Reception Laptop-cam0,fire,0.29
2026-06-30,14:56:09,Lab Laptop-cam0,smoke,0.28
2026-06-30,14:56:10,Lab Laptop-cam0,smoke,0.28
2026-06-30,14:56:15,Lab Laptop-cam0,smoke,0.30
2026-06-30,14:56:16,Lab Laptop-cam0,smoke,0.40
2026-06-30,14:56:18,Lab Laptop-cam0,smoke,0.45
2026-06-30,14:56:20,Lab Laptop-cam0,smoke,0.65
2026-06-30,14:56:23,Lab Laptop-cam0,smoke,0.52
2026-06-30,14:56:24,Lab Laptop-cam0,smoke,0.31
2026-06-30,14:56:25,Lab Laptop-cam0,smoke,0.43
2026-06-30,14:57:06,Floor-2 Laptop-cam0,fire,0.33
2026-06-30,14:57:08,Floor-2 Laptop-cam0,fire,0.27
2026-06-30,14:57:14,Lab Laptop-cam0,smoke,0.28
2026-06-30,14:57:58,Floor-2 Laptop-cam0,fire,0.31
2026-06-30,14:58:00,Floor-2 Laptop-cam0,fire,0.26
2026-06-30,14:59:22,BAY 3-cam0,smoke,0.31
2026-06-30,14:59:23,BAY 3-cam0,smoke,0.50
2026-06-30,15:01:07,CAM0-BAY 3,fire,0.29
2026-06-30,15:01:08,CAM0-BAY 3,fire,0.42
2026-06-30,15:01:09,CAM0-BAY 3,smoke,0.26
2026-06-30,15:01:11,CAM0-BAY 3,fire,0.42
2026-06-30,15:01:12,CAM0-BAY 3,fire,0.56
2026-06-30,15:01:13,CAM0-BAY 3,fire,0.62
2026-06-30,15:01:14,CAM0-BAY 3,fire,0.69
2026-06-30,15:01:51,CAM0-BAY 3,smoke,0.45
2026-06-30,15:04:22,CAM0-BAY 3,smoke,0.25
2026-06-30,15:04:58,CAM0-BAY 3,smoke,0.30
2026-06-30,15:06:08,CAM0-BAY 3,smoke,0.26
2026-06-30,15:06:28,CAM0-BAY 3,smoke,0.25
2026-06-30,15:06:29,CAM0-BAY 3,smoke,0.45
2026-06-30,15:06:30,CAM0-BAY 3,smoke,0.25
2026-06-30,15:06:31,CAM0-BAY 3,smoke,0.36
2026-06-30,15:06:32,CAM0-BAY 3,smoke,0.32
2026-06-30,15:06:40,CAM0-BAY 3,smoke,0.30
2026-06-30,15:06:45,CAM0-BAY 3,smoke,0.33
2026-06-30,15:06:50,CAM0-BAY 3,smoke,0.28
2026-06-30,15:07:07,CAM0-BAY 3,smoke,0.35
2026-06-30,15:07:09,CAM0-BAY 3,smoke,0.41
2026-06-30,15:07:11,CAM0-BAY 3,smoke,0.43
2026-06-30,15:08:42,CAM0-BAY 3,smoke,0.52
2026-06-30,15:08:44,CAM0-BAY 3,smoke,0.28
2026-06-30,15:08:45,CAM0-BAY 3,smoke,0.28
2026-06-30,15:08:47,CAM0-BAY 3,smoke,0.55
2026-06-30,15:08:48,CAM0-BAY 3,smoke,0.25
2026-06-30,15:08:54,CAM0-BAY 3,smoke,0.67
2026-06-30,15:08:55,CAM0-BAY 3,smoke,0.32
2026-06-30,15:09:15,CAM0-DOCK,fire,0.26
2026-06-30,15:09:16,CAM0-BAY 3,smoke,0.26
2026-06-30,15:09:20,CAM0-BAY 3,fire,0.30
2026-06-30,15:09:21,CAM0-BAY 3,fire,0.36
2026-06-30,15:09:23,CAM0-BAY 3,fire,0.33
2026-06-30,15:09:27,CAM0-BAY 3,fire,0.26
2026-06-30,15:09:29,CAM0-BAY 3,fire,0.25
2026-06-30,15:09:30,CAM0-BAY 3,fire,0.39
2026-06-30,15:09:32,CAM0-BAY 3,fire,0.32
2026-06-30,15:09:36,CAM0-BAY 3,fire,0.27
2026-06-30,15:09:41,CAM0-BAY 3,smoke,0.34
2026-06-30,15:10:02,CAM0-BAY 3,smoke,0.51
2026-06-30,15:10:04,CAM0-BAY 3,smoke,0.31
2026-06-30,15:10:06,CAM0-BAY 3,smoke,0.39
2026-06-30,15:10:09,CAM0-BAY 3,smoke,0.72
2026-06-30,15:10:10,CAM0-BAY 3,smoke,0.35
2026-06-30,15:10:11,CAM0-BAY 3,smoke,0.28
2026-06-30,15:10:14,CAM0-BAY 3,smoke,0.59
2026-06-30,15:10:16,CAM0-BAY 3,smoke,0.51
2026-06-30,15:10:16,CAM0-DOCK,fire,0.26
2026-06-30,15:10:18,CAM0-BAY 3,smoke,0.28
2026-06-30,15:10:27,CAM0-BAY 3,smoke,0.34
2026-06-30,15:10:30,CAM0-BAY 3,smoke,0.32
2026-06-30,15:10:34,CAM0-BAY 3,smoke,0.35
2026-06-30,15:10:35,CAM0-BAY 3,smoke,0.39
2026-06-30,15:10:36,CAM0-BAY 3,smoke,0.26
2026-06-30,15:10:38,CAM0-BAY 3,smoke,0.35
2026-06-30,15:10:39,CAM0-BAY 3,smoke,0.30
2026-06-30,15:10:40,CAM0-BAY 3,smoke,0.29
2026-06-30,15:10:43,CAM0-BAY 3,smoke,0.27
2026-06-30,15:10:44,CAM0-BAY 3,smoke,0.35
2026-06-30,15:10:45,CAM0-BAY 3,smoke,0.30
2026-06-30,15:10:46,CAM0-BAY 3,smoke,0.28
2026-06-30,15:10:47,CAM0-BAY 3,smoke,0.35
2026-06-30,15:10:50,CAM0-BAY 3,smoke,0.32
2026-06-30,15:10:51,CAM0-BAY 3,smoke,0.29
2026-06-30,15:10:52,CAM0-BAY 3,smoke,0.26
2026-06-30,15:10:56,CAM0-BAY 3,smoke,0.29
2026-06-30,15:11:00,CAM0-BAY 3,smoke,0.35
2026-06-30,15:11:14,CAM0-BAY 3,smoke,0.31
2026-06-30,15:11:21,CAM0-BAY 3,smoke,0.55
2026-06-30,15:11:23,CAM0-BAY 3,smoke,0.27
2026-06-30,15:11:42,CAM0-BAY 3,smoke,0.26
2026-06-30,15:12:04,CAM0-BAY 3,smoke,0.28
2026-06-30,15:12:06,CAM0-BAY 3,smoke,0.33
2026-06-30,15:12:08,CAM0-BAY 3,smoke,0.28
2026-06-30,15:12:14,CAM0-BAY 3,smoke,0.29
2026-06-30,15:12:16,CAM0-BAY 3,smoke,0.33
2026-06-30,15:12:18,CAM0-BAY 3,smoke,0.61
2026-06-30,15:12:20,CAM0-BAY 3,smoke,0.50
2026-06-30,15:12:22,CAM0-BAY 3,smoke,0.37
2026-06-30,15:12:25,CAM0-BAY 3,smoke,0.29
2026-06-30,15:12:30,CAM0-BAY 3,smoke,0.38
2026-06-30,15:12:31,CAM0-BAY 3,smoke,0.26
2026-06-30,15:12:39,CAM0-BAY 3,smoke,0.42
2026-06-30,15:12:55,CAM0-BAY 3,smoke,0.28
2026-06-30,15:13:03,CAM0-BAY 3,smoke,0.35
2026-06-30,15:13:07,CAM0-BAY 3,smoke,0.55
2026-06-30,15:13:08,CAM0-BAY 3,smoke,0.41
2026-06-30,15:13:09,CAM0-BAY 3,smoke,0.57
2026-06-30,15:13:29,CAM0-BAY 3,smoke,0.31
2026-06-30,15:13:31,CAM0-BAY 3,smoke,0.28
2026-06-30,15:13:32,CAM0-BAY 3,smoke,0.37
2026-06-30,15:13:40,CAM0-BAY 3,smoke,0.34
2026-06-30,15:13:42,CAM0-BAY 3,smoke,0.37
2026-06-30,15:13:43,CAM0-BAY 3,smoke,0.26
2026-06-30,15:13:45,CAM0-BAY 3,smoke,0.28
2026-06-30,15:13:46,CAM0-BAY 3,smoke,0.27
2026-06-30,15:13:47,CAM0-BAY 3,smoke,0.36
2026-06-30,15:13:49,CAM0-BAY 3,smoke,0.37
2026-06-30,15:14:01,CAM0-BAY 3,smoke,0.27
2026-06-30,15:14:08,CAM0-BAY 3,smoke,0.52
2026-06-30,15:14:11,CAM0-DOCK,fire,0.26
2026-06-30,15:14:37,CAM0-DOCK,fire,0.27
2026-06-30,15:15:19,CAM0-BAY 3,fire,0.28
2026-06-30,15:15:20,CAM0-BAY 3,smoke,0.29
2026-06-30,15:15:24,CAM0-BAY 3,smoke,0.34
2026-06-30,15:15:25,CAM0-BAY 3,smoke,0.48
2026-06-30,15:15:26,CAM0-BAY 3,smoke,0.29
2026-06-30,15:15:27,CAM0-BAY 3,smoke,0.58
2026-06-30,15:15:30,CAM0-BAY 3,smoke,0.33
2026-06-30,15:15:42,CAM0-BAY 3,smoke,0.30
2026-06-30,15:15:43,CAM0-BAY 3,smoke,0.78
2026-06-30,15:15:46,CAM0-BAY 3,smoke,0.29
2026-06-30,15:16:26,CAM0-BAY 3,smoke,0.38
2026-06-30,15:16:29,CAM0-BAY 3,smoke,0.26
2026-06-30,15:16:33,CAM0-BAY 3,smoke,0.41
2026-06-30,15:16:39,CAM0-BAY 3,smoke,0.26
2026-06-30,15:16:41,CAM0-BAY 3,smoke,0.29
2026-06-30,15:16:52,CAM0-BAY 3,smoke,0.30
2026-06-30,15:16:55,CAM0-BAY 3,smoke,0.33
2026-06-30,15:17:03,CAM0-BAY 3,smoke,0.28
2026-06-30,15:17:06,CAM0-BAY 3,smoke,0.39
2026-06-30,15:17:07,CAM0-BAY 3,smoke,0.32
2026-06-30,15:17:08,CAM0-BAY 3,smoke,0.25
2026-06-30,15:17:11,CAM0-BAY 3,smoke,0.44
2026-06-30,15:17:13,CAM0-BAY 3,smoke,0.40
2026-06-30,15:17:14,CAM0-BAY 3,smoke,0.42
2026-06-30,15:17:15,CAM0-BAY 3,smoke,0.25
2026-06-30,15:17:16,CAM0-BAY 3,smoke,0.30
2026-06-30,15:17:17,CAM0-BAY 3,smoke,0.28
2026-06-30,15:17:18,CAM0-BAY 3,smoke,0.29
2026-06-30,15:17:23,CAM0-BAY 3,smoke,0.26
2026-06-30,15:17:24,CAM0-BAY 3,smoke,0.49
2026-06-30,15:17:32,CAM0-BAY 3,smoke,0.57
2026-06-30,15:17:33,CAM0-BAY 3,smoke,0.33
2026-06-30,15:17:35,CAM0-BAY 3,smoke,0.51
2026-06-30,15:17:37,CAM0-BAY 3,smoke,0.51
2026-06-30,15:17:38,CAM0-BAY 3,smoke,0.38
2026-06-30,15:17:44,CAM0-BAY 3,smoke,0.47
2026-06-30,15:17:49,CAM0-BAY 3,smoke,0.34
2026-06-30,15:18:48,CAM0-BAY 3,smoke,0.27
2026-06-30,15:18:52,CAM0-BAY 3,smoke,0.36
2026-06-30,15:19:34,CAM0-BAY 3,smoke,0.40
2026-06-30,15:19:35,CAM0-BAY 3,smoke,0.26
2026-06-30,15:20:37,CAM0-BAY 3,smoke,0.26
2026-06-30,15:26:26,CAM0-DOCK,fire,0.25
2026-06-30,15:26:30,CAM0-BAY 3,smoke,0.44
2026-06-30,15:26:33,CAM0-BAY 3,smoke,0.38
2026-06-30,15:26:37,CAM0-BAY 3,smoke,0.34
2026-06-30,15:26:38,CAM0-BAY 3,smoke,0.57
2026-06-30,15:26:43,CAM0-BAY 3,smoke,0.34
2026-06-30,15:26:51,CAM0-BAY 3,smoke,0.29
2026-06-30,15:26:54,CAM0-BAY 3,smoke,0.27
2026-06-30,15:38:43,CAM0-DOCK,fire,0.30
2026-06-30,15:38:59,CAM0-DOCK,fire,0.25
2026-06-30,15:39:00,CAM0-DOCK,fire,0.30
2026-06-30,15:39:07,CAM0-DOCK,fire,0.25
2026-06-30,15:39:18,CAM0-DOCK,fire,0.74
2026-06-30,15:40:25,CAM0-DOCK,fire,0.36
2026-06-30,15:40:46,CAM0-DOCK,smoke,0.43
2026-06-30,15:41:08,CAM0-DOCK,fire,0.30
2026-06-30,15:41:18,CAM0-DOCK,smoke,0.28
2026-06-30,15:41:25,CAM0-DOCK,smoke,0.28
2026-06-30,15:41:25,CAM0-DOCK,fire,0.37
2026-06-30,15:41:30,CAM0-DOCK,smoke,0.28
2026-06-30,15:41:30,CAM0-DOCK,fire,0.32
2026-06-30,15:41:31,CAM0-DOCK,fire,0.50
2026-06-30,15:41:31,CAM0-DOCK,smoke,0.25
2026-06-30,15:41:35,CAM0-DOCK,smoke,0.33
2026-06-30,15:41:38,CAM0-BAY 3,fire,0.37
2026-06-30,15:41:38,CAM0-DOCK,smoke,0.44
2026-06-30,15:41:40,CAM0-DOCK,smoke,0.52
2026-06-30,15:41:41,CAM0-DOCK,smoke,0.41
2026-06-30,15:41:48,CAM0-DOCK,fire,0.57
2026-06-30,15:41:49,CAM0-DOCK,smoke,0.32
2026-06-30,15:41:49,CAM0-DOCK,fire,0.34
2026-06-30,15:41:50,CAM0-DOCK,fire,0.33
2026-06-30,15:41:52,CAM0-DOCK,smoke,0.25
2026-06-30,15:41:55,CAM0-DOCK,smoke,0.26
2026-06-30,15:41:56,CAM0-DOCK,fire,0.39
2026-06-30,15:43:00,CAM0-BAY 3,smoke,0.31
2026-06-30,15:43:02,CAM0-DOCK,fire,0.34
2026-06-30,15:43:06,CAM0-DOCK,fire,0.27
2026-06-30,15:43:12,CAM0-BAY 3,smoke,0.26
2026-06-30,15:43:13,CAM0-BAY 3,smoke,0.34
2026-06-30,15:43:15,CAM0-BAY 3,smoke,0.29
2026-06-30,15:43:16,CAM0-BAY 3,smoke,0.66
2026-06-30,15:43:19,CAM0-BAY 3,smoke,0.26
2026-06-30,15:43:27,CAM0-BAY 3,smoke,0.42
2026-06-30,15:43:28,CAM0-BAY 3,smoke,0.80
2026-06-30,15:43:29,CAM0-BAY 3,smoke,0.35
2026-06-30,15:43:31,CAM0-DOCK,smoke,0.32
2026-06-30,15:43:37,CAM0-BAY 3,smoke,0.34
2026-06-30,15:43:40,CAM0-BAY 3,smoke,0.29
2026-06-30,15:43:41,CAM0-BAY 3,smoke,0.29
2026-06-30,15:43:43,CAM0-DOCK,smoke,0.47
2026-06-30,15:43:53,CAM0-DOCK,smoke,0.28
2026-06-30,15:43:54,CAM0-DOCK,smoke,0.26
2026-06-30,15:43:54,CAM0-BAY 3,smoke,0.34
2026-06-30,15:43:56,CAM0-DOCK,smoke,0.32
2026-06-30,15:44:10,CAM0-DOCK,fire,0.38
2026-06-30,15:44:10,CAM0-DOCK,smoke,0.39
2026-06-30,15:44:11,CAM0-DOCK,smoke,0.30
2026-06-30,15:44:13,CAM0-DOCK,smoke,0.33
2026-06-30,15:44:13,CAM0-DOCK,fire,0.29
2026-06-30,15:44:34,CAM0-DOCK,smoke,0.29
2026-06-30,15:44:50,CAM0-BAY 3,fire,0.38
2026-06-30,15:44:53,CAM0-DOCK,smoke,0.27
2026-06-30,15:45:21,CAM0-DOCK,smoke,0.39
2026-06-30,15:45:43,CAM0-DOCK,fire,0.42
2026-06-30,15:45:44,CAM0-DOCK,fire,0.40
2026-06-30,15:45:46,CAM0-BAY 3,smoke,0.39
2026-06-30,15:46:03,CAM0-DOCK,fire,0.27
2026-06-30,15:47:31,CAM0-BAY 3,smoke,0.65
2026-06-30,15:47:45,CAM0-BAY 3,fire,0.33
2026-06-30,15:47:47,CAM0-BAY 3,fire,0.26
2026-06-30,15:47:48,CAM0-BAY 3,fire,0.25
2026-06-30,15:47:50,CAM0-BAY 3,fire,0.28
2026-06-30,15:47:51,CAM0-BAY 3,fire,0.31
2026-06-30,15:47:52,CAM0-BAY 3,fire,0.38
2026-06-30,15:47:53,CAM0-BAY 3,fire,0.56
2026-06-30,15:47:54,CAM0-BAY 3,fire,0.26
2026-06-30,15:47:55,CAM0-BAY 3,fire,0.26
2026-06-30,15:48:13,CAM0-BAY 3,smoke,0.40
2026-06-30,15:48:17,CAM0-BAY 3,smoke,0.47
2026-06-30,15:48:18,CAM0-BAY 3,smoke,0.47
2026-06-30,15:48:34,CAM0-DOCK,smoke,0.32
2026-06-30,15:48:37,CAM0-DOCK,smoke,0.38
2026-06-30,15:48:38,CAM0-DOCK,smoke,0.32
2026-07-01,10:46:15,Floor-1 Laptop-cam0,fire,0.25
2026-07-01,10:46:15,Floor-2 Laptop-cam0,smoke,0.33
2026-07-01,10:46:16,Floor-2 Laptop-cam0,smoke,0.25
2026-07-01,10:46:18,Floor-2 Laptop-cam0,smoke,0.32
2026-07-01,10:46:19,Floor-2 Laptop-cam0,smoke,0.31
2026-07-01,10:46:20,Floor-2 Laptop-cam0,smoke,0.37
2026-07-01,10:46:21,Floor-2 Laptop-cam0,smoke,0.28
2026-07-01,10:46:22,Floor-2 Laptop-cam0,smoke,0.33
2026-07-01,10:46:23,Floor-2 Laptop-cam0,smoke,0.38
2026-07-01,10:46:24,Floor-2 Laptop-cam0,smoke,0.30
2026-07-01,10:46:25,Floor-2 Laptop-cam0,smoke,0.30
2026-07-01,10:46:26,Floor-2 Laptop-cam0,smoke,0.29
2026-07-01,10:46:28,Floor-2 Laptop-cam0,smoke,0.30
2026-07-01,10:46:29,Floor-2 Laptop-cam0,smoke,0.31
2026-07-01,10:46:30,Floor-2 Laptop-cam0,smoke,0.35
2026-07-01,10:46:32,Floor-2 Laptop-cam0,smoke,0.27
2026-07-01,10:46:41,Floor-1 Laptop-cam0,fire,0.25
2026-07-01,10:46:44,Floor-2 Laptop-cam0,fire,0.34
2026-07-01,10:46:45,Floor-1 Laptop-cam0,fire,0.32
2026-07-01,10:46:46,Floor-1 Laptop-cam0,fire,0.33
2026-07-01,10:46:48,Floor-1 Laptop-cam0,fire,0.25
2026-07-01,10:46:50,Floor-1 Laptop-cam0,fire,0.25
2026-07-01,10:46:52,Floor-1 Laptop-cam0,fire,0.26
2026-07-01,10:46:53,Floor-1 Laptop-cam0,fire,0.27
2026-07-01,10:46:55,Floor-1 Laptop-cam0,fire,0.27
2026-07-01,10:46:56,Floor-1 Laptop-cam0,fire,0.27
2026-07-01,10:46:57,Floor-1 Laptop-cam0,fire,0.34
2026-07-01,10:46:58,Floor-1 Laptop-cam0,fire,0.33
2026-07-01,10:46:59,Floor-1 Laptop-cam0,fire,0.27
2026-07-01,10:47:00,Floor-1 Laptop-cam0,fire,0.30
2026-07-01,10:47:01,Floor-1 Laptop-cam0,fire,0.29
2026-07-01,10:47:02,Floor-1 Laptop-cam0,fire,0.44
2026-07-01,10:47:03,Floor-1 Laptop-cam0,fire,0.32
2026-07-01,10:47:04,Floor-1 Laptop-cam0,fire,0.26
2026-07-01,10:47:05,Floor-1 Laptop-cam0,fire,0.57
2026-07-01,10:47:06,Floor-1 Laptop-cam0,fire,0.30
2026-07-01,10:47:07,Floor-1 Laptop-cam0,fire,0.37
2026-07-01,10:47:08,Floor-1 Laptop-cam0,fire,0.55
2026-07-01,10:47:09,Floor-1 Laptop-cam0,fire,0.35
2026-07-01,10:47:09,Floor-2 Laptop-cam0,smoke,0.37
2026-07-01,10:47:10,Floor-1 Laptop-cam0,fire,0.34
2026-07-01,10:47:11,Floor-2 Laptop-cam0,smoke,0.29
2026-07-01,10:47:11,Floor-1 Laptop-cam0,fire,0.36
2026-07-01,10:47:12,Floor-2 Laptop-cam0,smoke,0.40
2026-07-01,10:47:12,Floor-1 Laptop-cam0,fire,0.33
2026-07-01,10:47:13,Floor-2 Laptop-cam0,smoke,0.57
2026-07-01,10:47:14,Floor-1 Laptop-cam0,fire,0.34
2026-07-01,10:47:14,Floor-2 Laptop-cam0,fire,0.30
2026-07-01,10:47:14,Floor-2 Laptop-cam0,smoke,0.52
2026-07-01,10:47:15,Floor-1 Laptop-cam0,fire,0.55
2026-07-01,10:47:15,Floor-2 Laptop-cam0,fire,0.26
2026-07-01,10:47:15,Floor-2 Laptop-cam0,smoke,0.52
2026-07-01,10:47:16,Floor-1 Laptop-cam0,fire,0.43
2026-07-01,10:47:17,Floor-2 Laptop-cam0,smoke,0.51
2026-07-01,10:47:17,Floor-1 Laptop-cam0,fire,0.38
2026-07-01,10:47:18,Floor-2 Laptop-cam0,smoke,0.50
2026-07-01,10:47:18,Floor-1 Laptop-cam0,fire,0.46
2026-07-01,10:47:18,Floor-2 Laptop-cam0,fire,0.32
2026-07-01,10:47:19,Floor-2 Laptop-cam0,smoke,0.30
2026-07-01,10:47:19,Floor-1 Laptop-cam0,fire,0.38
2026-07-01,10:47:20,Floor-2 Laptop-cam0,fire,0.30
2026-07-01,10:47:20,Floor-2 Laptop-cam0,smoke,0.25
2026-07-01,10:47:20,Floor-1 Laptop-cam0,fire,0.37
2026-07-01,10:47:21,Floor-2 Laptop-cam0,fire,0.28
2026-07-01,10:47:21,Floor-2 Laptop-cam0,smoke,0.68
2026-07-01,10:47:21,Floor-1 Laptop-cam0,fire,0.34
2026-07-01,10:47:22,Floor-2 Laptop-cam0,smoke,0.64
2026-07-01,10:47:22,Floor-1 Laptop-cam0,fire,0.53
2026-07-01,10:47:22,Floor-2 Laptop-cam0,fire,0.29
2026-07-01,10:47:23,Floor-2 Laptop-cam0,smoke,0.39
2026-07-01,10:47:23,Floor-1 Laptop-cam0,fire,0.33
2026-07-01,10:47:23,Floor-2 Laptop-cam0,fire,0.29
2026-07-01,10:47:24,Floor-2 Laptop-cam0,smoke,0.66
2026-07-01,10:47:24,Floor-1 Laptop-cam0,fire,0.37
2026-07-01,10:47:25,Floor-2 Laptop-cam0,fire,0.39
2026-07-01,10:47:25,Floor-2 Laptop-cam0,smoke,0.71
2026-07-01,10:47:25,Floor-1 Laptop-cam0,fire,0.36
2026-07-01,10:47:26,Floor-2 Laptop-cam0,fire,0.27
2026-07-01,10:47:26,Floor-2 Laptop-cam0,smoke,0.34
2026-07-01,10:47:26,Floor-1 Laptop-cam0,fire,0.58
2026-07-01,10:47:27,Floor-2 Laptop-cam0,smoke,0.36
2026-07-01,10:47:27,Floor-2 Laptop-cam0,fire,0.27
2026-07-01,10:47:28,Floor-1 Laptop-cam0,fire,0.28
2026-07-01,10:47:28,Floor-2 Laptop-cam0,smoke,0.49
2026-07-01,10:47:28,Floor-2 Laptop-cam0,fire,0.25
2026-07-01,10:47:29,Floor-2 Laptop-cam0,smoke,0.57
2026-07-01,10:47:29,Floor-2 Laptop-cam0,fire,0.36
2026-07-01,10:47:30,Floor-2 Laptop-cam0,smoke,0.65
2026-07-01,10:47:31,Floor-2 Laptop-cam0,smoke,0.60
2026-07-01,10:47:31,Floor-2 Laptop-cam0,fire,0.31
2026-07-01,10:47:35,Floor-2 Laptop-cam0,smoke,0.35
2026-07-01,10:47:37,Floor-2 Laptop-cam0,smoke,0.35
2026-07-01,10:47:51,Floor-1 Laptop-cam0,smoke,0.33
2026-07-01,10:48:08,Floor-2 Laptop-cam0,smoke,0.29
2026-07-01,10:48:08,Floor-1 Laptop-cam0,fire,0.30
2026-07-01,10:48:16,Floor-1 Laptop-cam0,fire,0.37
2026-07-01,10:48:22,Floor-2 Laptop-cam0,fire,0.32
2026-07-01,10:48:33,Floor-2 Laptop-cam0,fire,0.28
2026-07-01,10:48:34,Floor-2 Laptop-cam0,fire,0.40
2026-07-01,10:48:35,Floor-2 Laptop-cam0,smoke,0.44
2026-07-01,10:48:36,Floor-2 Laptop-cam0,smoke,0.34
2026-07-01,10:48:37,Floor-2 Laptop-cam0,fire,0.34
2026-07-01,10:48:41,Floor-2 Laptop-cam0,fire,0.32
2026-07-01,10:48:43,Floor-1 Laptop-cam0,fire,0.25
2026-07-01,10:48:44,Floor-1 Laptop-cam0,fire,0.25
2026-07-01,10:48:51,Floor-1 Laptop-cam0,fire,0.25
2026-07-01,10:48:53,Floor-1 Laptop-cam0,fire,0.26
2026-07-01,10:49:11,Floor-2 Laptop-cam0,smoke,0.31
2026-07-01,10:49:12,Floor-1 Laptop-cam0,fire,0.33
2026-07-01,10:49:12,Floor-2 Laptop-cam0,smoke,0.34
2026-07-01,10:49:15,Floor-2 Laptop-cam0,smoke,0.28
2026-07-01,10:49:16,Floor-2 Laptop-cam0,smoke,0.26
2026-07-01,10:49:17,Floor-2 Laptop-cam0,smoke,0.35
2026-07-01,10:49:18,Floor-2 Laptop-cam0,smoke,0.30
2026-07-01,10:49:19,Floor-2 Laptop-cam0,smoke,0.39
2026-07-01,10:49:20,Floor-2 Laptop-cam0,smoke,0.34
2026-07-01,10:49:24,Floor-2 Laptop-cam0,smoke,0.31
2026-07-01,10:49:25,Floor-2 Laptop-cam0,smoke,0.39
2026-07-01,10:49:26,Floor-2 Laptop-cam0,fire,0.26
2026-07-01,10:49:26,Floor-1 Laptop-cam0,fire,0.33
2026-07-01,10:49:26,Floor-2 Laptop-cam0,smoke,0.47
2026-07-01,10:49:27,Floor-2 Laptop-cam0,fire,0.30
2026-07-01,10:49:27,Floor-2 Laptop-cam0,smoke,0.50
2026-07-01,10:49:28,Floor-1 Laptop-cam0,fire,0.29
2026-07-01,10:49:28,Floor-2 Laptop-cam0,smoke,0.46
2026-07-01,10:49:31,Floor-1 Laptop-cam0,fire,0.35
2026-07-01,10:49:31,Floor-2 Laptop-cam0,fire,0.26
2026-07-01,10:49:32,Floor-2 Laptop-cam0,smoke,0.26
2026-07-01,10:49:33,Floor-1 Laptop-cam0,fire,0.28
2026-07-01,10:49:33,Floor-2 Laptop-cam0,fire,0.30
2026-07-01,10:49:34,Floor-2 Laptop-cam0,smoke,0.26
2026-07-01,10:49:35,Floor-1 Laptop-cam0,fire,0.29
2026-07-01,10:49:35,Floor-2 Laptop-cam0,smoke,0.28
2026-07-01,10:49:41,Floor-2 Laptop-cam0,smoke,0.30
2026-07-01,10:49:41,Floor-2 Laptop-cam0,fire,0.35
2026-07-01,10:49:45,Floor-1 Laptop-cam0,fire,0.30
2026-07-01,10:49:45,Floor-2 Laptop-cam0,fire,0.25
2026-07-01,10:49:48,Floor-2 Laptop-cam0,smoke,0.31
2026-07-01,10:49:49,Floor-2 Laptop-cam0,smoke,0.30
2026-07-01,10:49:50,Floor-1 Laptop-cam0,fire,0.37
2026-07-01,10:49:50,Floor-2 Laptop-cam0,smoke,0.26
2026-07-01,10:49:51,Floor-2 Laptop-cam0,smoke,0.33
2026-07-01,10:49:52,Floor-2 Laptop-cam0,smoke,0.39
2026-07-01,10:49:53,Floor-2 Laptop-cam0,smoke,0.29
2026-07-01,10:49:54,Floor-2 Laptop-cam0,smoke,0.50
2026-07-01,10:49:56,Floor-2 Laptop-cam0,smoke,0.33
2026-07-01,10:49:57,Floor-2 Laptop-cam0,smoke,0.37
2026-07-01,10:49:58,Floor-2 Laptop-cam0,smoke,0.38
2026-07-01,10:49:59,Floor-2 Laptop-cam0,smoke,0.27
2026-07-01,10:50:00,Floor-2 Laptop-cam0,smoke,0.34
2026-07-01,10:50:01,Floor-2 Laptop-cam0,fire,0.33
2026-07-01,10:50:02,Floor-2 Laptop-cam0,fire,0.25
2026-07-01,10:50:02,Floor-2 Laptop-cam0,smoke,0.29
2026-07-01,10:50:04,Floor-2 Laptop-cam0,smoke,0.26
2026-07-01,10:50:05,Floor-2 Laptop-cam0,smoke,0.27
2026-07-01,10:50:06,Floor-2 Laptop-cam0,fire,0.25
2026-07-01,10:50:06,Floor-2 Laptop-cam0,smoke,0.29
2026-07-01,10:50:07,Floor-2 Laptop-cam0,smoke,0.44
2026-07-01,10:50:08,Floor-2 Laptop-cam0,fire,0.25
2026-07-01,10:50:09,Floor-2 Laptop-cam0,smoke,0.26
2026-07-01,10:50:09,Floor-1 Laptop-cam0,fire,0.25
2026-07-01,10:50:10,Floor-2 Laptop-cam0,smoke,0.27
2026-07-01,10:50:11,Floor-2 Laptop-cam0,smoke,0.36
2026-07-01,10:50:11,Floor-2 Laptop-cam0,fire,0.37
2026-07-01,10:50:12,Floor-2 Laptop-cam0,smoke,0.26
2026-07-01,10:50:13,Floor-2 Laptop-cam0,smoke,0.41
2026-07-01,10:50:14,Floor-2 Laptop-cam0,smoke,0.48
2026-07-01,10:50:15,Floor-2 Laptop-cam0,smoke,0.43
2026-07-01,10:50:16,Floor-2 Laptop-cam0,smoke,0.46
2026-07-01,10:50:17,Floor-2 Laptop-cam0,smoke,0.46
2026-07-01,10:50:18,Floor-2 Laptop-cam0,smoke,0.41
2026-07-01,10:50:20,Floor-2 Laptop-cam0,smoke,0.27
2026-07-01,10:50:21,Floor-2 Laptop-cam0,smoke,0.32
2026-07-01,10:50:22,Floor-1 Laptop-cam0,fire,0.34
2026-07-01,10:50:23,Floor-1 Laptop-cam0,fire,0.39
2026-07-01,10:50:23,Floor-2 Laptop-cam0,smoke,0.28
2026-07-01,10:50:24,Floor-1 Laptop-cam0,fire,0.31
2026-07-01,10:50:24,Floor-2 Laptop-cam0,smoke,0.37
2026-07-01,10:50:25,Floor-1 Laptop-cam0,fire,0.41
2026-07-01,10:50:25,Floor-2 Laptop-cam0,smoke,0.36
2026-07-01,10:50:26,Floor-1 Laptop-cam0,fire,0.37
2026-07-01,10:50:26,Floor-2 Laptop-cam0,smoke,0.45
2026-07-01,10:50:27,Floor-1 Laptop-cam0,fire,0.33
2026-07-01,10:50:27,Floor-2 Laptop-cam0,smoke,0.36
2026-07-01,10:50:28,Floor-1 Laptop-cam0,fire,0.48
2026-07-01,10:50:28,Floor-2 Laptop-cam0,fire,0.25
2026-07-01,10:50:28,Floor-2 Laptop-cam0,smoke,0.28
2026-07-01,10:50:29,Floor-1 Laptop-cam0,fire,0.45
2026-07-01,10:50:30,Floor-1 Laptop-cam0,fire,0.25
2026-07-01,10:50:30,Floor-2 Laptop-cam0,smoke,0.50
2026-07-01,10:50:31,Floor-1 Laptop-cam0,fire,0.29
2026-07-01,10:50:31,Floor-2 Laptop-cam0,smoke,0.31
2026-07-01,10:50:32,Floor-1 Laptop-cam0,fire,0.39
2026-07-01,10:50:32,Floor-2 Laptop-cam0,fire,0.27
2026-07-01,10:50:33,Floor-2 Laptop-cam0,smoke,0.33
2026-07-01,10:50:33,Floor-1 Laptop-cam0,fire,0.57
2026-07-01,10:50:34,Floor-1 Laptop-cam0,fire,0.43
2026-07-01,10:50:34,Floor-2 Laptop-cam0,smoke,0.27
2026-07-01,10:50:35,Floor-1 Laptop-cam0,fire,0.28
2026-07-01,10:50:35,Floor-2 Laptop-cam0,fire,0.33
2026-07-01,10:50:35,Floor-2 Laptop-cam0,smoke,0.28
2026-07-01,10:50:36,Floor-1 Laptop-cam0,fire,0.33
2026-07-01,10:50:36,Floor-2 Laptop-cam0,smoke,0.29
2026-07-01,10:50:37,Floor-1 Laptop-cam0,fire,0.52
2026-07-01,10:50:38,Floor-2 Laptop-cam0,smoke,0.25
2026-07-01,10:50:38,Floor-2 Laptop-cam0,fire,0.47
2026-07-01,10:50:38,Floor-1 Laptop-cam0,fire,0.55
2026-07-01,10:50:39,Floor-1 Laptop-cam0,fire,0.27
2026-07-01,10:50:39,Floor-2 Laptop-cam0,smoke,0.27
2026-07-01,10:50:42,Floor-2 Laptop-cam0,smoke,0.25
2026-07-01,10:50:42,Floor-1 Laptop-cam0,fire,0.31
2026-07-01,10:50:44,Floor-1 Laptop-cam0,fire,0.43
2026-07-01,10:50:44,Floor-1 Laptop-cam0,fire,0.29
2026-07-01,10:50:45,Floor-2 Laptop-cam0,smoke,0.35
2026-07-01,10:50:45,Floor-2 Laptop-cam0,fire,0.33
2026-07-01,10:50:46,Floor-1 Laptop-cam0,fire,0.37
2026-07-01,10:50:47,Floor-1 Laptop-cam0,fire,0.28
2026-07-01,10:50:48,Floor-1 Laptop-cam0,fire,0.34
2026-07-01,10:50:50,Floor-1 Laptop-cam0,fire,0.26
2026-07-01,10:50:50,Floor-2 Laptop-cam0,smoke,0.36
2026-07-01,10:50:51,Floor-1 Laptop-cam0,fire,0.26
2026-07-01,10:50:52,Floor-1 Laptop-cam0,fire,0.49
2026-07-01,10:50:55,Floor-1 Laptop-cam0,fire,0.32
2026-07-01,10:50:55,Floor-2 Laptop-cam0,smoke,0.29
2026-07-01,10:50:56,Floor-1 Laptop-cam0,fire,0.30
2026-07-01,10:50:58,Floor-2 Laptop-cam0,smoke,0.39
2026-07-01,10:51:01,Floor-2 Laptop-cam0,smoke,0.25
2026-07-01,10:51:02,Floor-2 Laptop-cam0,smoke,0.30
2026-07-01,10:51:12,Floor-2 Laptop-cam0,smoke,0.59
2026-07-01,10:51:16,Floor-1 Laptop-cam0,fire,0.29
2026-07-01,10:51:17,Floor-1 Laptop-cam0,fire,0.32
2026-07-01,10:51:18,Floor-2 Laptop-cam0,smoke,0.48
2026-07-01,10:51:18,Floor-1 Laptop-cam0,fire,0.30
2026-07-01,10:51:19,Floor-1 Laptop-cam0,fire,0.31
2026-07-01,10:51:20,Floor-1 Laptop-cam0,fire,0.37
2026-07-01,10:51:21,Floor-1 Laptop-cam0,fire,0.56
2026-07-01,10:51:22,Floor-1 Laptop-cam0,fire,0.29
2026-07-01,10:51:24,Floor-1 Laptop-cam0,fire,0.27
2026-07-01,10:51:24,Floor-2 Laptop-cam0,smoke,0.44
2026-07-01,10:51:25,Floor-2 Laptop-cam0,smoke,0.31
2026-07-01,10:51:26,Floor-2 Laptop-cam0,fire,0.41
2026-07-01,10:51:28,Floor-2 Laptop-cam0,smoke,0.36
2026-07-01,10:51:29,Floor-1 Laptop-cam0,fire,0.32
2026-07-01,10:51:32,Floor-1 Laptop-cam0,fire,0.26
2026-07-01,10:51:33,Floor-1 Laptop-cam0,fire,0.27
2026-07-01,10:51:34,Floor-1 Laptop-cam0,fire,0.26
2026-07-01,10:51:36,Floor-1 Laptop-cam0,fire,0.29
2026-07-01,10:51:37,Floor-1 Laptop-cam0,fire,0.25
2026-07-01,10:51:38,Floor-1 Laptop-cam0,fire,0.26
2026-07-01,10:51:39,Floor-1 Laptop-cam0,fire,0.38
2026-07-01,10:51:40,Floor-1 Laptop-cam0,fire,0.26
2026-07-01,10:51:44,Floor-1 Laptop-cam0,fire,0.30
2026-07-01,10:51:48,Reception Laptop-cam0,fire,0.29
2026-07-01,10:51:51,Reception Laptop-cam0,fire,0.27
2026-07-01,10:51:53,Reception Laptop-cam0,fire,0.32
2026-07-01,10:51:54,Floor-1 Laptop-cam0,fire,0.35
2026-07-01,10:51:54,Reception Laptop-cam0,fire,0.28
2026-07-01,10:51:55,Floor-1 Laptop-cam0,fire,0.27
2026-07-01,10:51:56,Floor-1 Laptop-cam0,fire,0.30
2026-07-01,10:51:57,Reception Laptop-cam0,fire,0.28
2026-07-01,10:51:58,Floor-2 Laptop-cam0,smoke,0.27
2026-07-01,10:51:58,Reception Laptop-cam0,fire,0.25
2026-07-01,10:52:00,Floor-1 Laptop-cam0,fire,0.31
2026-07-01,10:52:00,Floor-2 Laptop-cam0,fire,0.38
2026-07-01,10:52:01,Reception Laptop-cam0,fire,0.26
2026-07-01,10:52:02,Floor-1 Laptop-cam0,fire,0.30
2026-07-01,10:52:03,Reception Laptop-cam0,fire,0.29
2026-07-01,10:52:03,Floor-1 Laptop-cam0,fire,0.26
2026-07-01,10:52:04,Floor-1 Laptop-cam0,fire,0.41
2026-07-01,10:52:05,Reception Laptop-cam0,fire,0.28
2026-07-01,10:52:06,Floor-1 Laptop-cam0,fire,0.29
2026-07-01,10:52:10,Reception Laptop-cam0,fire,0.26
2026-07-01,10:52:18,Reception Laptop-cam0,fire,0.26
2026-07-01,10:52:19,Reception Laptop-cam0,fire,0.25
2026-07-01,10:52:21,Reception Laptop-cam0,fire,0.26
2026-07-01,10:52:22,Reception Laptop-cam0,fire,0.25
2026-07-01,10:52:23,Reception Laptop-cam0,fire,0.27
2026-07-01,10:52:25,Reception Laptop-cam0,fire,0.25
2026-07-01,10:52:27,Reception Laptop-cam0,fire,0.25
2026-07-01,10:52:28,Reception Laptop-cam0,fire,0.30
2026-07-01,10:52:29,Reception Laptop-cam0,fire,0.27
2026-07-01,10:52:30,Reception Laptop-cam0,fire,0.28
2026-07-01,10:52:32,Reception Laptop-cam0,fire,0.26
2026-07-01,10:52:33,Reception Laptop-cam0,fire,0.26
2026-07-01,10:52:34,Reception Laptop-cam0,fire,0.27
2026-07-01,10:52:36,Reception Laptop-cam0,fire,0.26
2026-07-01,10:52:37,Reception Laptop-cam0,fire,0.27
2026-07-01,10:52:38,Reception Laptop-cam0,fire,0.26
2026-07-01,10:52:39,Reception Laptop-cam0,fire,0.27
2026-07-01,10:52:41,Reception Laptop-cam0,fire,0.25
2026-07-01,10:52:46,Floor-1 Laptop-cam0,fire,0.31
2026-07-01,10:52:47,Floor-1 Laptop-cam0,fire,0.26
2026-07-01,10:52:51,Floor-2 Laptop-cam0,smoke,0.28
2026-07-01,10:52:52,Reception Laptop-cam0,fire,0.30
2026-07-01,10:52:58,Reception Laptop-cam0,fire,0.27
2026-07-01,10:53:01,Floor-1 Laptop-cam0,fire,0.36
2026-07-01,10:53:02,Floor-1 Laptop-cam0,fire,0.29
2026-07-01,10:53:06,Reception Laptop-cam0,fire,0.32
2026-07-01,10:53:11,Reception Laptop-cam0,fire,0.28
2026-07-01,10:53:16,Reception Laptop-cam0,fire,0.29
2026-07-01,10:53:17,Floor-1 Laptop-cam0,smoke,0.27
2026-07-01,10:53:26,Reception Laptop-cam0,fire,0.26
2026-07-01,10:53:28,Reception Laptop-cam0,fire,0.27
2026-07-01,10:53:35,Reception Laptop-cam0,fire,0.25
2026-07-01,10:53:44,Floor-2 Laptop-cam0,fire,0.28
2026-07-01,10:53:44,Floor-2 Laptop-cam0,smoke,0.33
2026-07-01,10:53:52,Floor-2 Laptop-cam0,fire,0.55
2026-07-01,10:53:53,Reception Laptop-cam0,fire,0.27
2026-07-01,10:53:54,Floor-2 Laptop-cam0,fire,0.28
2026-07-01,10:53:55,Floor-2 Laptop-cam0,smoke,0.27
2026-07-01,10:53:56,Floor-2 Laptop-cam0,smoke,0.43
2026-07-01,10:53:56,Reception Laptop-cam0,fire,0.25
2026-07-01,10:53:57,Floor-2 Laptop-cam0,smoke,0.37
2026-07-01,10:53:58,Floor-2 Laptop-cam0,fire,0.28
2026-07-01,10:53:59,Floor-1 Laptop-cam0,smoke,0.26
2026-07-01,10:54:03,Floor-2 Laptop-cam0,smoke,0.27
2026-07-01,10:54:04,Floor-2 Laptop-cam0,smoke,0.31
2026-07-01,10:54:15,Floor-2 Laptop-cam0,smoke,0.29
2026-07-01,10:54:17,Floor-2 Laptop-cam0,smoke,0.29
2026-07-01,10:54:19,Floor-2 Laptop-cam0,smoke,0.26
2026-07-01,10:54:20,Floor-1 Laptop-cam0,fire,0.26
2026-07-01,10:54:20,Floor-2 Laptop-cam0,smoke,0.25
2026-07-01,10:54:29,Floor-2 Laptop-cam0,fire,0.35
2026-07-01,10:54:30,Floor-2 Laptop-cam0,smoke,0.36
2026-07-01,10:54:37,Floor-2 Laptop-cam0,smoke,0.30
2026-07-01,10:54:38,Floor-1 Laptop-cam0,fire,0.31
2026-07-01,10:54:39,Floor-1 Laptop-cam0,fire,0.28
2026-07-01,10:54:47,Floor-2 Laptop-cam0,smoke,0.25
2026-07-01,10:54:48,Floor-2 Laptop-cam0,smoke,0.32
2026-07-01,10:54:50,Floor-2 Laptop-cam0,fire,0.26
2026-07-01,10:54:51,Floor-2 Laptop-cam0,fire,0.49
2026-07-01,10:54:53,Floor-2 Laptop-cam0,fire,0.42
2026-07-01,10:54:55,Floor-2 Laptop-cam0,fire,0.28
2026-07-01,10:54:56,Floor-2 Laptop-cam0,fire,0.36
2026-07-01,10:54:58,Floor-2 Laptop-cam0,fire,0.30
2026-07-01,10:54:59,Floor-2 Laptop-cam0,fire,0.32
2026-07-01,10:55:02,Floor-2 Laptop-cam0,fire,0.28
2026-07-01,10:55:04,Floor-1 Laptop-cam0,fire,0.28
2026-07-01,10:55:04,Floor-2 Laptop-cam0,fire,0.28
2026-07-01,10:55:05,Floor-1 Laptop-cam0,fire,0.26
2026-07-01,10:55:05,Floor-2 Laptop-cam0,fire,0.33
2026-07-01,10:55:06,Floor-2 Laptop-cam0,fire,0.44
2026-07-01,10:55:07,Floor-2 Laptop-cam0,fire,0.31
2026-07-01,16:08:49,1,fire,0.53
2026-07-01,16:08:49,1,fire,0.51
2026-07-01,16:08:50,1,fire,0.51
2026-07-01,16:08:51,1,fire,0.52
2026-07-01,16:08:52,1,fire,0.54
2026-07-01,16:08:53,1,fire,0.57
2026-07-01,16:08:54,1,fire,0.54
2026-07-01,16:08:55,1,fire,0.52
2026-07-01,16:08:56,1,fire,0.49
2026-07-01,16:08:57,1,fire,0.48
2026-07-01,16:08:58,1,fire,0.50
2026-07-01,16:08:59,1,fire,0.49
2026-07-01,16:09:00,1,fire,0.47
2026-07-01,16:09:01,1,fire,0.49
2026-07-01,16:09:02,1,fire,0.51
2026-07-01,16:09:03,1,fire,0.52
2026-07-01,16:09:04,1,fire,0.45
2026-07-01,16:09:05,1,fire,0.44
2026-07-01,16:09:06,1,fire,0.49
2026-07-01,16:09:07,1,fire,0.46
2026-07-01,16:09:09,1,fire,0.27
2026-07-01,16:09:21,1,fire,0.27
2026-07-01,16:09:22,1,fire,0.52
2026-07-01,16:09:23,1,fire,0.48
2026-07-01,16:09:24,1,fire,0.35
2026-07-01,16:09:25,1,fire,0.30
2026-07-01,16:09:26,1,fire,0.31
2026-07-01,16:09:28,1,fire,0.48
2026-07-01,16:09:32,1,fire,0.30
2026-07-01,16:09:33,1,fire,0.43
2026-07-01,16:09:34,1,fire,0.35
2026-07-01,16:09:35,1,fire,0.25
2026-07-01,16:09:36,1,fire,0.43
2026-07-01,16:09:37,1,fire,0.41
2026-07-01,16:09:38,1,fire,0.28
2026-07-01,16:09:41,1,fire,0.26
2026-07-01,16:09:43,1,fire,0.28
2026-07-01,16:09:44,1,fire,0.31
2026-07-01,16:09:45,1,fire,0.51
2026-07-01,16:09:46,1,fire,0.46
2026-07-01,16:09:47,1,fire,0.29
2026-07-01,16:09:48,1,fire,0.38
2026-07-01,16:09:49,1,fire,0.26
2026-07-01,16:09:50,1,fire,0.26
2026-07-01,16:09:51,1,fire,0.30
2026-07-01,16:09:52,1,fire,0.34
2026-07-01,16:09:53,1,fire,0.30
2026-07-01,16:09:54,1,fire,0.30
2026-07-01,16:09:55,1,fire,0.27
2026-07-01,16:09:57,1,fire,0.29
2026-07-01,16:09:58,1,fire,0.36
2026-07-01,16:09:59,1,fire,0.46
2026-07-01,16:10:00,1,fire,0.44
2026-07-01,16:10:01,1,fire,0.44
2026-07-01,16:10:02,1,fire,0.44
2026-07-01,16:10:03,1,fire,0.34
2026-07-01,16:10:04,1,fire,0.44
2026-07-01,16:10:05,1,fire,0.40
2026-07-01,16:10:06,1,fire,0.42
2026-07-01,16:10:07,1,fire,0.39
2026-07-01,16:10:08,1,fire,0.40
2026-07-01,16:10:09,1,fire,0.30
2026-07-01,16:10:10,1,fire,0.25
2026-07-01,16:10:13,1,fire,0.27
2026-07-01,16:10:24,1,fire,0.26
2026-07-01,16:10:25,1,fire,0.26
2026-07-01,16:10:26,1,fire,0.29
2026-07-01,16:10:27,1,fire,0.37
2026-07-01,16:10:28,1,fire,0.35
2026-07-01,16:10:29,1,fire,0.36
2026-07-01,16:10:30,1,fire,0.35
2026-07-01,16:10:31,1,fire,0.37
2026-07-01,16:10:33,1,fire,0.37
2026-07-01,16:10:34,1,fire,0.34
2026-07-01,16:10:35,1,fire,0.37
2026-07-01,16:10:36,1,fire,0.29
2026-07-01,16:10:37,1,fire,0.33
2026-07-01,16:10:38,1,fire,0.39
2026-07-01,16:10:39,1,fire,0.38
2026-07-01,16:10:40,1,fire,0.31
2026-07-01,16:10:41,1,fire,0.33
2026-07-01,16:10:42,1,fire,0.36
2026-07-01,16:10:43,1,fire,0.33
2026-07-01,16:10:44,1,fire,0.37
2026-07-01,16:10:45,1,fire,0.38
2026-07-01,16:10:46,1,fire,0.34
2026-07-01,16:10:47,1,fire,0.34
2026-07-01,16:10:48,1,fire,0.35
2026-07-01,16:10:49,1,fire,0.37
2026-07-01,16:10:50,1,fire,0.35
2026-07-01,16:10:51,1,fire,0.33
2026-07-01,16:10:52,1,fire,0.33
2026-07-01,16:10:53,1,fire,0.29
2026-07-01,16:10:54,1,fire,0.35
2026-07-01,16:10:55,1,fire,0.35
2026-07-01,16:10:56,1,fire,0.34
2026-07-01,16:10:57,1,fire,0.35
2026-07-01,16:10:58,1,fire,0.36
2026-07-01,16:10:59,1,fire,0.36
2026-07-01,16:11:00,1,fire,0.32
2026-07-01,16:11:01,1,fire,0.31
2026-07-01,16:11:02,1,fire,0.34
2026-07-01,16:11:03,1,fire,0.39
2026-07-01,16:11:04,1,fire,0.34
2026-07-01,16:11:05,1,fire,0.31
2026-07-01,16:11:06,1,fire,0.33
2026-07-01,16:11:07,1,fire,0.39
2026-07-01,16:11:08,1,fire,0.43
2026-07-01,16:11:09,1,fire,0.33
2026-07-01,16:11:10,1,fire,0.33
2026-07-01,16:11:11,1,fire,0.36
2026-07-01,16:11:12,1,fire,0.27
2026-07-01,16:11:13,1,fire,0.26
2026-07-01,16:11:14,1,fire,0.30
2026-07-01,16:11:16,1,fire,0.25
2026-07-01,16:11:17,1,fire,0.28
2026-07-01,16:11:18,1,fire,0.26
2026-07-01,16:11:19,1,fire,0.25
2026-07-01,16:11:20,1,fire,0.33
2026-07-01,16:11:21,1,fire,0.32
2026-07-01,16:11:22,1,fire,0.34
2026-07-01,16:11:23,1,fire,0.33
2026-07-01,16:11:24,1,fire,0.32
2026-07-01,16:11:25,1,fire,0.31
2026-07-01,16:11:26,1,fire,0.35
2026-07-01,16:11:27,1,fire,0.31
2026-07-01,16:11:28,1,fire,0.30
2026-07-01,16:11:29,1,fire,0.30
2026-07-01,16:11:30,1,fire,0.28
2026-07-01,16:11:31,1,fire,0.27
2026-07-01,16:11:32,1,fire,0.37
2026-07-01,16:11:33,1,fire,0.31
2026-07-01,16:11:34,1,fire,0.30
2026-07-01,16:11:36,1,fire,0.29
2026-07-01,16:11:37,1,fire,0.44
2026-07-01,16:11:38,1,fire,0.40
2026-07-01,16:11:39,1,fire,0.35
2026-07-01,16:11:40,1,fire,0.25
2026-07-01,16:11:41,1,fire,0.35
2026-07-01,16:11:42,1,fire,0.32
2026-07-01,16:11:43,1,fire,0.33
2026-07-01,16:11:44,1,fire,0.31
2026-07-01,16:11:45,1,fire,0.32
2026-07-01,16:11:46,1,fire,0.34
2026-07-01,16:11:47,1,fire,0.34
2026-07-01,16:11:48,1,fire,0.35
2026-07-01,16:11:49,1,fire,0.35
2026-07-01,16:11:50,1,fire,0.40
2026-07-01,16:11:51,1,fire,0.39
2026-07-01,16:11:52,1,fire,0.41
2026-07-01,16:11:53,1,fire,0.41
2026-07-01,16:11:54,1,fire,0.38
2026-07-01,16:11:55,1,fire,0.37
2026-07-01,16:11:56,1,fire,0.37
2026-07-01,16:11:57,1,fire,0.44
2026-07-01,16:11:59,1,fire,0.44
2026-07-01,16:12:00,1,fire,0.35
2026-07-01,16:12:01,1,fire,0.36
2026-07-01,16:12:02,1,fire,0.36
2026-07-01,16:12:03,1,fire,0.38
2026-07-01,16:12:04,1,fire,0.42
2026-07-01,16:12:05,1,fire,0.40
2026-07-01,16:12:06,1,fire,0.35
2026-07-01,16:12:07,1,fire,0.27
2026-07-01,16:12:08,1,fire,0.38
2026-07-01,16:12:09,1,fire,0.36
2026-07-01,16:12:10,1,fire,0.35
2026-07-01,16:12:11,1,fire,0.37
2026-07-01,16:12:12,1,fire,0.40
2026-07-01,16:12:13,1,fire,0.39
2026-07-01,16:12:14,1,fire,0.32
2026-07-01,16:12:15,1,fire,0.34
2026-07-01,16:12:16,1,fire,0.36
2026-07-01,16:12:17,1,fire,0.39
2026-07-01,16:12:18,1,fire,0.36
2026-07-01,16:12:19,1,fire,0.41
2026-07-01,16:12:20,1,fire,0.39
2026-07-01,16:12:21,1,fire,0.39
2026-07-01,16:12:22,1,fire,0.35
2026-07-01,16:12:23,1,fire,0.41
2026-07-01,16:12:24,1,fire,0.43
2026-07-01,16:12:25,1,fire,0.45
2026-07-01,16:12:26,1,fire,0.40
2026-07-01,16:12:27,1,fire,0.38
2026-07-01,16:12:28,1,fire,0.40
2026-07-01,16:12:29,1,fire,0.37
2026-07-01,16:12:30,1,fire,0.40
2026-07-01,16:12:31,1,fire,0.44
2026-07-01,16:12:32,1,fire,0.42
2026-07-01,16:12:33,1,fire,0.38
2026-07-01,16:12:34,1,fire,0.40
2026-07-01,16:12:35,1,fire,0.35
2026-07-01,16:12:36,1,fire,0.40
2026-07-01,16:12:37,1,fire,0.41
2026-07-01,16:12:38,1,fire,0.37
2026-07-01,16:12:39,1,fire,0.39
2026-07-01,16:12:40,1,fire,0.39
2026-07-01,16:12:41,1,fire,0.36
2026-07-01,16:12:42,1,fire,0.39
2026-07-01,16:12:43,1,fire,0.37
2026-07-01,16:12:44,1,fire,0.33
2026-07-01,16:12:45,1,fire,0.34
2026-07-01,16:12:46,1,fire,0.40
2026-07-01,16:12:47,1,fire,0.39
2026-07-01,16:12:48,1,fire,0.42
2026-07-01,16:12:49,1,fire,0.38
2026-07-01,16:12:50,1,fire,0.46
2026-07-01,16:12:51,1,fire,0.46
2026-07-01,16:12:52,1,fire,0.42
2026-07-01,16:12:53,1,fire,0.38
2026-07-01,16:12:54,1,fire,0.36
2026-07-01,16:12:55,1,fire,0.34
2026-07-01,16:12:56,1,fire,0.33
2026-07-01,16:12:57,1,fire,0.38
2026-07-01,16:12:58,1,fire,0.36
2026-07-01,16:12:59,1,fire,0.35
2026-07-01,16:13:01,1,fire,0.34
2026-07-01,16:13:02,1,fire,0.41
2026-07-01,16:13:03,1,fire,0.40
2026-07-01,16:13:04,1,fire,0.34
2026-07-01,16:13:05,1,fire,0.32
2026-07-01,16:13:06,1,fire,0.39
2026-07-01,16:13:07,1,fire,0.38
2026-07-01,16:13:08,1,fire,0.33
2026-07-01,16:13:09,1,fire,0.32
2026-07-01,16:13:10,1,fire,0.32
2026-07-01,16:13:11,1,fire,0.34
2026-07-01,16:13:12,1,fire,0.38
2026-07-01,16:13:13,1,fire,0.39
2026-07-01,16:13:14,1,fire,0.38
2026-07-01,16:13:15,1,fire,0.34
2026-07-01,16:13:16,1,fire,0.38
2026-07-01,16:13:17,1,fire,0.34
2026-07-01,16:13:18,1,fire,0.34
2026-07-01,16:13:19,1,fire,0.37
2026-07-01,16:13:20,1,fire,0.30
2026-07-01,16:13:21,1,fire,0.27
2026-07-01,16:13:22,1,fire,0.38
2026-07-01,16:13:23,1,fire,0.40
2026-07-01,16:13:24,1,fire,0.41
2026-07-01,16:13:25,1,fire,0.40
2026-07-01,16:13:26,1,fire,0.32
2026-07-01,16:13:27,1,fire,0.30
2026-07-01,16:13:28,1,fire,0.37
2026-07-01,16:13:29,1,fire,0.37
2026-07-01,16:13:30,1,fire,0.34
2026-07-01,16:13:31,1,fire,0.34
2026-07-01,16:13:32,1,fire,0.29
2026-07-01,16:13:33,1,fire,0.30
2026-07-01,16:13:34,1,fire,0.33
2026-07-01,16:13:35,1,fire,0.35
2026-07-01,16:13:36,1,fire,0.35
2026-07-01,16:13:37,1,fire,0.35
2026-07-01,16:13:38,1,fire,0.38
2026-07-01,16:13:39,1,fire,0.40
2026-07-01,16:13:40,1,fire,0.40
2026-07-01,16:13:41,1,fire,0.35
2026-07-01,16:13:42,1,fire,0.35
2026-07-01,16:13:43,1,fire,0.32
2026-07-01,16:13:44,1,fire,0.31
2026-07-01,16:13:45,1,fire,0.33
2026-07-01,16:13:46,1,fire,0.36
2026-07-01,16:13:47,1,fire,0.34
2026-07-01,16:13:48,1,fire,0.37
2026-07-01,16:13:49,1,fire,0.38
2026-07-01,16:13:50,1,fire,0.44
2026-07-01,16:13:51,1,fire,0.43
2026-07-01,16:13:52,1,fire,0.41
2026-07-01,16:13:53,1,fire,0.41
2026-07-01,16:13:54,1,fire,0.37
2026-07-01,16:13:55,1,fire,0.37
2026-07-01,16:13:56,1,fire,0.41
2026-07-01,16:13:57,1,fire,0.41
2026-07-01,16:13:58,1,fire,0.41
2026-07-01,16:13:59,1,fire,0.41
2026-07-01,16:14:00,1,fire,0.39
2026-07-01,16:14:01,1,fire,0.37
2026-07-01,16:14:02,1,fire,0.35
2026-07-01,16:14:03,1,fire,0.33
2026-07-01,16:14:04,1,fire,0.38
2026-07-01,16:14:05,1,fire,0.39
2026-07-01,16:14:06,1,fire,0.35
2026-07-01,16:14:07,1,fire,0.34
2026-07-01,16:14:08,1,fire,0.36
2026-07-01,16:14:09,1,fire,0.42
2026-07-01,16:14:10,1,fire,0.43
2026-07-01,16:14:11,1,fire,0.43
2026-07-01,16:14:13,1,fire,0.43
2026-07-01,16:14:14,1,fire,0.41
2026-07-01,16:14:15,1,fire,0.44
2026-07-01,16:14:16,1,fire,0.40
2026-07-01,16:14:17,1,fire,0.40
2026-07-01,16:14:18,1,fire,0.40
2026-07-01,16:14:19,1,fire,0.40
2026-07-01,16:14:20,1,fire,0.41
2026-07-01,16:14:21,1,fire,0.40
2026-07-01,16:14:22,1,fire,0.40
2026-07-01,16:14:23,1,fire,0.41
2026-07-01,16:14:24,1,fire,0.36
2026-07-01,16:14:25,1,fire,0.36
2026-07-01,16:14:26,1,fire,0.35
2026-07-01,16:14:27,1,fire,0.35
2026-07-01,16:14:28,1,fire,0.38
2026-07-01,16:14:29,1,fire,0.39
2026-07-01,16:14:30,1,fire,0.44
2026-07-01,16:14:31,1,fire,0.45
2026-07-01,16:14:32,1,fire,0.41
2026-07-01,16:14:33,1,fire,0.41
2026-07-01,16:14:34,1,fire,0.46
2026-07-01,16:14:35,1,fire,0.46
2026-07-01,16:14:36,1,fire,0.44
2026-07-01,16:14:37,1,fire,0.45
2026-07-01,16:14:38,1,fire,0.44
2026-07-01,16:14:39,1,fire,0.40
2026-07-01,16:14:40,1,fire,0.40
2026-07-01,16:14:41,1,fire,0.40
2026-07-01,16:14:42,1,fire,0.41
2026-07-01,16:14:43,1,fire,0.34
2026-07-01,16:14:44,1,fire,0.34
2026-07-01,16:14:45,1,fire,0.34
2026-07-01,16:14:46,1,fire,0.32
2026-07-01,16:14:47,1,fire,0.28
2026-07-01,16:14:48,1,fire,0.33
2026-07-01,16:14:49,1,fire,0.31
2026-07-01,16:14:50,1,fire,0.27
2026-07-01,16:14:51,1,fire,0.29
2026-07-01,16:14:52,1,fire,0.30
2026-07-01,16:18:02,Camera 3,fire,0.38
2026-07-01,16:18:03,Camera 3,fire,0.36
2026-07-01,16:18:04,Camera 3,fire,0.31
2026-07-01,16:18:05,Camera 3,fire,0.34
2026-07-01,16:18:06,Camera 3,fire,0.30
2026-07-01,16:18:07,Camera 3,fire,0.34
2026-07-01,16:18:08,Camera 3,fire,0.36
2026-07-01,16:18:09,Camera 3,fire,0.30
2026-07-01,16:18:10,Camera 3,fire,0.36
2026-07-01,16:18:11,Camera 3,fire,0.32
2026-07-01,16:18:12,Camera 3,fire,0.31
2026-07-01,16:18:13,Camera 3,fire,0.34
2026-07-01,16:18:14,Camera 3,fire,0.33
2026-07-01,16:18:15,Camera 3,fire,0.29
2026-07-01,16:18:16,Camera 3,fire,0.27
2026-07-01,16:18:17,Camera 3,fire,0.26
2026-07-01,16:18:18,Camera 3,fire,0.37
2026-07-01,16:18:19,Camera 3,fire,0.26
2026-07-01,16:18:25,Camera 3,fire,0.27
2026-07-01,16:18:27,Camera 3,fire,0.29
2026-07-01,16:18:31,Camera 3,fire,0.26
2026-07-01,16:18:34,Camera 3,fire,0.26
2026-07-01,16:18:39,Camera 3,fire,0.27
2026-07-01,16:18:40,Camera 3,fire,0.28
2026-07-01,16:18:42,Camera 3,fire,0.25
2026-07-01,16:18:43,Camera 3,fire,0.31
2026-07-01,16:18:44,Camera 3,fire,0.27
2026-07-01,16:18:45,Camera 3,fire,0.34
2026-07-01,16:18:46,Camera 3,fire,0.26
2026-07-01,16:18:47,Camera 3,fire,0.28
2026-07-01,16:18:49,Camera 3,fire,0.28
2026-07-01,16:18:50,Camera 3,fire,0.27
2026-07-01,16:18:51,Camera 3,fire,0.32
2026-07-01,16:18:52,Camera 3,fire,0.26
2026-07-01,16:18:53,Camera 3,fire,0.27
2026-07-01,16:18:54,Camera 3,fire,0.27
2026-07-01,16:18:56,Camera 3,fire,0.26
2026-07-01,16:18:57,Camera 3,fire,0.26
2026-07-01,16:18:58,Camera 3,fire,0.26
2026-07-01,16:18:59,Camera 3,fire,0.25
2026-07-01,16:19:24,Camera 3,fire,0.25
2026-07-01,16:19:26,Camera 3,fire,0.25
2026-07-01,16:20:09,Camera 3,fire,0.26
2026-07-01,16:20:10,Camera 3,fire,0.30
2026-07-01,16:20:13,Camera 3,fire,0.25
2026-07-01,16:20:14,Camera 3,fire,0.26
2026-07-01,16:20:25,Camera 3,fire,0.36
2026-07-01,16:21:34,Camera 3,fire,0.26
2026-07-01,16:21:42,Camera 3,fire,0.26
2026-07-01,16:21:43,Camera 3,fire,0.30
2026-07-01,16:21:44,Camera 3,fire,0.32
2026-07-01,16:21:45,Camera 3,fire,0.29
2026-07-01,16:21:46,Camera 3,fire,0.27
2026-07-01,16:21:58,Camera 3,fire,0.31
2026-07-01,16:22:02,Camera 3,fire,0.28
2026-07-01,16:22:03,Camera 3,fire,0.36
2026-07-01,16:22:04,Camera 3,fire,0.32
2026-07-01,16:22:05,Camera 3,fire,0.32
2026-07-01,16:22:06,Camera 3,fire,0.38
2026-07-01,16:22:07,Camera 3,fire,0.36
2026-07-01,16:22:08,Camera 3,fire,0.26
2026-07-01,16:22:09,Camera 3,fire,0.33
2026-07-01,16:22:10,Camera 3,fire,0.29
2026-07-01,16:22:11,Camera 3,fire,0.27
2026-07-01,16:22:12,Camera 3,fire,0.27
2026-07-01,16:22:13,Camera 3,fire,0.29
2026-07-01,16:22:14,Camera 3,fire,0.25
2026-07-01,16:22:16,Camera 3,fire,0.25
2026-07-01,16:22:19,Camera 3,fire,0.28
2026-07-01,16:22:24,Camera 3,fire,0.34
2026-07-01,16:22:26,Camera 3,fire,0.29
2026-07-01,16:22:29,Camera 3,fire,0.25
2026-07-01,16:22:32,Camera 3,fire,0.26
2026-07-01,16:22:42,Camera 3,fire,0.26
2026-07-01,16:22:53,Camera 3,fire,0.25
2026-07-01,16:22:55,Camera 3,fire,0.25
2026-07-01,16:23:04,Camera 3,fire,0.25
2026-07-01,16:23:07,Camera 3,fire,0.26
2026-07-01,16:23:10,Camera 3,fire,0.26
2026-07-01,16:23:22,Camera 3,fire,0.25
2026-07-01,16:23:31,Camera 3,fire,0.26
2026-07-01,16:23:34,Camera 3,fire,0.29
2026-07-01,16:23:35,Camera 3,fire,0.27
2026-07-01,16:23:37,Camera 3,fire,0.26
2026-07-01,16:23:40,Camera 3,fire,0.26
2026-07-01,16:23:41,Camera 3,fire,0.32
2026-07-01,16:23:42,Camera 3,fire,0.45
2026-07-01,16:23:43,Camera 3,fire,0.50
2026-07-01,16:24:05,Camera 3,fire,0.25
2026-07-01,16:24:09,Camera 3,fire,0.46
2026-07-01,16:24:11,Camera 3,fire,0.25
2026-07-01,16:24:12,Camera 3,fire,0.25
2026-07-01,16:24:15,Camera 3,fire,0.25
2026-07-01,16:24:16,Camera 3,fire,0.27
2026-07-01,16:24:22,Camera 3,fire,0.25
2026-07-01,16:24:23,Camera 3,fire,0.25
2026-07-01,16:24:24,Camera 3,fire,0.26
2026-07-01,16:25:03,Camera 3,fire,0.25
2026-07-01,16:25:04,Camera 3,fire,0.29
2026-07-01,16:25:17,Camera 3,fire,0.26
2026-07-01,16:25:22,Camera 1,fire,0.26
2026-07-01,16:25:39,Camera 3,fire,0.25
2026-07-01,16:25:40,Camera 3,fire,0.25
2026-07-01,16:25:43,Camera 3,fire,0.26
2026-07-01,16:25:44,Camera 3,fire,0.26
2026-07-01,16:25:55,Camera 1,fire,0.27
2026-07-01,16:26:00,Camera 1,fire,0.29
2026-07-01,16:26:37,Camera 3,fire,0.26
2026-07-01,16:26:40,Camera 3,fire,0.40
2026-07-01,16:26:41,Camera 3,fire,0.29
2026-07-01,16:26:42,Camera 3,fire,0.44
2026-07-01,16:26:43,Camera 3,fire,0.26
2026-07-01,16:26:47,Camera 3,fire,0.35
2026-07-01,16:26:48,Camera 3,fire,0.28
2026-07-01,16:26:53,Camera 3,fire,0.26
2026-07-01,16:26:54,Camera 3,fire,0.28
2026-07-01,16:26:57,Camera 3,fire,0.26
2026-07-01,16:26:58,Camera 3,fire,0.30
2026-07-01,16:27:00,Camera 3,fire,0.29
2026-07-01,16:27:01,Camera 3,fire,0.26
2026-07-01,16:27:02,Camera 3,fire,0.26
2026-07-01,16:27:04,Camera 3,fire,0.28
2026-07-01,16:27:05,Camera 3,fire,0.33
2026-07-01,16:27:07,Camera 3,fire,0.26
2026-07-01,16:27:09,Camera 3,fire,0.26
2026-07-01,16:27:14,Camera 3,fire,0.30
2026-07-01,16:27:15,Camera 3,fire,0.26
2026-07-01,16:27:17,Camera 3,fire,0.27
2026-07-01,16:27:43,Camera 3,fire,0.28
2026-07-01,16:27:44,Camera 3,fire,0.37
2026-07-01,16:27:45,Camera 3,fire,0.34
2026-07-01,16:27:46,Camera 3,fire,0.30
2026-07-01,16:28:01,Camera 1,fire,0.26
2026-07-01,16:28:04,Camera 3,fire,0.26
2026-07-01,16:28:06,Camera 3,fire,0.25
2026-07-01,16:28:08,Camera 3,fire,0.26
2026-07-01,16:28:09,Camera 3,fire,0.26
2026-07-01,16:28:10,Camera 3,fire,0.29
2026-07-01,16:28:11,Camera 3,fire,0.27
2026-07-01,16:28:14,Camera 3,fire,0.28
2026-07-01,16:28:16,Camera 3,fire,0.28
2026-07-01,16:28:33,Camera 3,fire,0.26
2026-07-01,16:28:34,Camera 3,fire,0.27
2026-07-01,16:28:37,Camera 3,fire,0.26
2026-07-01,16:28:38,Camera 3,fire,0.30
2026-07-01,16:28:39,Camera 3,fire,0.38
2026-07-01,16:28:41,Camera 3,fire,0.26
2026-07-01,16:28:44,Camera 3,fire,0.47
2026-07-01,16:28:46,Camera 3,fire,0.26
2026-07-01,16:28:47,Camera 3,fire,0.26
2026-07-01,16:28:49,Camera 3,fire,0.27
2026-07-01,16:28:50,Camera 3,fire,0.26
2026-07-01,16:28:51,Camera 3,fire,0.25
2026-07-01,16:28:52,Camera 3,fire,0.27
2026-07-01,16:28:54,Camera 3,fire,0.30
2026-07-01,16:28:55,Camera 3,fire,0.25
2026-07-01,16:28:56,Camera 3,fire,0.25
2026-07-01,16:28:59,Camera 3,fire,0.28
2026-07-01,16:29:01,Camera 3,fire,0.26
2026-07-01,16:29:02,Camera 3,fire,0.32
2026-07-01,16:29:03,Camera 3,fire,0.36
2026-07-01,16:29:04,Camera 3,fire,0.35
2026-07-01,16:29:05,Camera 3,fire,0.36
2026-07-01,16:29:06,Camera 3,fire,0.28
2026-07-01,16:29:07,Camera 3,fire,0.33
2026-07-01,16:29:08,Camera 3,fire,0.28
2026-07-01,16:29:09,Camera 3,fire,0.28
2026-07-01,16:29:10,Camera 3,fire,0.27
2026-07-01,16:29:11,Camera 3,fire,0.33
2026-07-01,16:29:12,Camera 3,fire,0.31
2026-07-01,16:29:13,Camera 3,fire,0.28
2026-07-01,16:29:14,Camera 3,fire,0.25
2026-07-01,16:29:15,Camera 3,fire,0.29
2026-07-01,16:29:16,Camera 3,fire,0.28
2026-07-01,16:29:17,Camera 3,fire,0.28
2026-07-01,16:29:18,Camera 3,fire,0.26
2026-07-01,16:29:19,Camera 3,fire,0.32
2026-07-01,16:29:20,Camera 3,fire,0.32
2026-07-01,16:29:21,Camera 3,fire,0.29
2026-07-01,16:29:22,Camera 3,fire,0.27
2026-07-01,16:29:25,Camera 3,fire,0.26
2026-07-01,16:29:26,Camera 3,fire,0.26
2026-07-01,16:29:28,Camera 3,fire,0.25
2026-07-01,16:29:29,Camera 3,fire,0.30
2026-07-01,16:29:30,Camera 3,fire,0.33
2026-07-01,16:29:31,Camera 3,fire,0.33
2026-07-01,16:29:32,Camera 3,fire,0.26
2026-07-01,16:29:33,Camera 3,fire,0.31
2026-07-01,16:29:34,Camera 3,fire,0.35
2026-07-01,16:29:35,Camera 3,fire,0.30
2026-07-01,16:29:36,Camera 3,fire,0.28
2026-07-01,16:29:37,Camera 3,fire,0.35
2026-07-01,16:29:38,Camera 3,fire,0.36
2026-07-01,16:29:40,Camera 3,fire,0.29
2026-07-01,16:29:41,Camera 3,fire,0.33
2026-07-01,16:29:42,Camera 3,fire,0.31
2026-07-01,16:29:43,Camera 3,fire,0.25
2026-07-01,16:29:44,Camera 3,fire,0.25
2026-07-01,16:29:45,Camera 3,fire,0.26
2026-07-01,16:29:46,Camera 3,fire,0.25
2026-07-01,16:29:47,Camera 3,fire,0.29
2026-07-01,16:29:48,Camera 3,fire,0.29
2026-07-01,16:29:49,Camera 3,fire,0.27
2026-07-01,16:29:50,Camera 3,fire,0.30
2026-07-01,16:29:51,Camera 3,fire,0.30
2026-07-01,16:29:52,Camera 3,fire,0.31
2026-07-01,16:29:53,Camera 3,fire,0.32
2026-07-01,16:29:54,Camera 3,fire,0.30
2026-07-01,16:29:55,Camera 3,fire,0.38
2026-07-01,16:29:56,Camera 3,fire,0.35
2026-07-01,16:29:57,Camera 3,fire,0.28
2026-07-01,16:29:58,Camera 3,fire,0.28
2026-07-01,16:29:59,Camera 3,fire,0.29
2026-07-01,16:30:01,Camera 3,fire,0.27
2026-07-01,16:30:02,Camera 3,fire,0.31
2026-07-01,16:30:03,Camera 3,fire,0.32
2026-07-01,16:30:04,Camera 3,fire,0.30
2026-07-01,16:30:05,Camera 3,fire,0.32
2026-07-01,16:30:06,Camera 3,fire,0.25
2026-07-01,16:30:07,Camera 3,fire,0.25
2026-07-01,16:30:08,Camera 3,fire,0.25
2026-07-01,16:30:09,Camera 3,fire,0.29
2026-07-01,16:30:10,Camera 3,fire,0.31
2026-07-01,16:30:12,Camera 3,fire,0.25
2026-07-01,16:30:13,Camera 3,fire,0.26
2026-07-01,16:30:15,Camera 3,fire,0.26
2026-07-01,16:30:16,Camera 3,fire,0.25
2026-07-01,16:30:17,Camera 3,fire,0.26
2026-07-01,16:30:18,Camera 3,fire,0.29
2026-07-01,16:30:19,Camera 3,fire,0.32
2026-07-01,16:30:20,Camera 3,fire,0.28
2026-07-01,16:30:21,Camera 3,fire,0.34
2026-07-01,16:30:22,Camera 3,fire,0.30
2026-07-01,16:30:23,Camera 3,fire,0.31
2026-07-01,16:30:24,Camera 3,fire,0.34
2026-07-01,16:30:25,Camera 3,fire,0.32
2026-07-01,16:30:26,Camera 3,fire,0.28
2026-07-01,16:30:27,Camera 3,fire,0.36
2026-07-01,16:30:28,Camera 3,fire,0.35
2026-07-01,16:30:29,Camera 3,fire,0.26
2026-07-01,16:30:30,Camera 3,fire,0.27
2026-07-01,16:30:31,Camera 3,fire,0.35
2026-07-01,16:30:32,Camera 3,fire,0.31
2026-07-01,16:30:33,Camera 3,fire,0.29
2026-07-01,16:30:34,Camera 3,fire,0.27
2026-07-01,16:30:36,Camera 3,fire,0.27
2026-07-01,16:30:37,Camera 3,fire,0.28
2026-07-01,16:30:38,Camera 3,fire,0.26
2026-07-01,16:30:39,Camera 3,fire,0.26
2026-07-01,16:30:40,Camera 3,fire,0.25
2026-07-01,16:30:41,Camera 3,fire,0.26
2026-07-01,16:30:50,Camera 3,fire,0.25
2026-07-01,16:30:51,Camera 3,fire,0.25
2026-07-01,16:30:52,Camera 3,fire,0.26
2026-07-01,16:30:53,Camera 3,fire,0.30
2026-07-01,16:30:54,Camera 3,fire,0.25
2026-07-01,16:30:55,Camera 3,fire,0.29
2026-07-01,16:30:56,Camera 3,fire,0.30
2026-07-01,16:30:57,Camera 3,fire,0.27
2026-07-01,16:30:58,Camera 3,fire,0.27
2026-07-01,16:30:59,Camera 3,fire,0.28
2026-07-01,16:31:00,Camera 3,fire,0.28
2026-07-01,16:31:09,Camera 3,fire,0.26
2026-07-01,16:31:11,Camera 3,fire,0.27
2026-07-01,16:31:12,Camera 3,fire,0.25
2026-07-01,16:31:13,Camera 3,fire,0.27
2026-07-01,16:31:14,Camera 3,fire,0.29
2026-07-01,16:31:15,Camera 1,fire,0.26
2026-07-01,16:31:16,Camera 3,fire,0.25
2026-07-01,16:31:17,Camera 3,fire,0.25
2026-07-01,16:31:19,Camera 3,fire,0.27
2026-07-01,16:31:20,Camera 3,fire,0.27
2026-07-01,16:31:21,Camera 3,fire,0.27
2026-07-01,16:31:22,Camera 3,fire,0.27
2026-07-01,16:31:23,Camera 3,fire,0.26
2026-07-01,16:31:24,Camera 3,fire,0.25
2026-07-01,16:31:25,Camera 3,fire,0.26
2026-07-01,16:31:26,Camera 3,fire,0.29
2026-07-01,16:31:27,Camera 3,fire,0.28
2026-07-01,16:31:28,Camera 3,fire,0.31
2026-07-01,16:31:29,Camera 3,fire,0.37
2026-07-01,16:31:30,Camera 3,fire,0.32
2026-07-01,16:31:31,Camera 3,fire,0.26
2026-07-01,16:31:32,Camera 3,fire,0.30
2026-07-01,16:31:33,Camera 3,fire,0.27
2026-07-01,16:31:34,Camera 3,fire,0.41
2026-07-01,16:31:35,Camera 3,fire,0.31
2026-07-01,16:31:36,Camera 3,fire,0.29
2026-07-01,16:31:37,Camera 3,fire,0.28
2026-07-01,16:31:38,Camera 3,fire,0.27
2026-07-01,16:31:39,Camera 3,fire,0.28
2026-07-01,16:31:41,Camera 3,fire,0.28
2026-07-01,16:31:42,Camera 3,fire,0.26
2026-07-01,16:31:43,Camera 3,fire,0.30
2026-07-01,16:31:44,Camera 3,fire,0.30
2026-07-01,16:31:45,Camera 3,fire,0.25
2026-07-01,16:31:46,Camera 3,fire,0.25
2026-07-01,16:31:47,Camera 3,fire,0.28
2026-07-01,16:31:49,Camera 3,fire,0.29
2026-07-01,16:31:50,Camera 3,fire,0.29
2026-07-01,16:31:51,Camera 3,fire,0.26
2026-07-01,16:31:53,Camera 3,fire,0.26
2026-07-01,16:31:54,Camera 3,fire,0.28
2026-07-01,16:31:55,Camera 3,fire,0.28
2026-07-01,16:31:56,Camera 3,fire,0.28
2026-07-01,16:32:03,Camera 3,fire,0.25
2026-07-01,16:32:04,Camera 3,fire,0.25
2026-07-01,16:32:08,Camera 3,fire,0.26
2026-07-01,16:32:11,Camera 3,fire,0.26
2026-07-01,16:32:13,Camera 3,fire,0.26
2026-07-01,16:32:14,Camera 3,fire,0.27
2026-07-01,16:32:15,Camera 3,fire,0.29
2026-07-01,16:32:16,Camera 3,fire,0.26
2026-07-01,16:32:17,Camera 3,fire,0.29
2026-07-01,16:32:18,Camera 3,fire,0.32
2026-07-01,16:32:19,Camera 3,fire,0.25
2026-07-01,16:32:20,Camera 3,fire,0.29
2026-07-01,16:32:21,Camera 3,fire,0.31
2026-07-01,16:32:22,Camera 3,fire,0.31
2026-07-01,16:32:23,Camera 3,fire,0.29
2026-07-01,16:32:27,Camera 3,fire,0.27
2026-07-01,16:32:28,Camera 3,fire,0.27
2026-07-01,16:32:29,Camera 3,fire,0.27
2026-07-01,16:32:30,Camera 3,fire,0.27
2026-07-01,16:32:31,Camera 3,fire,0.27
2026-07-01,16:32:32,Camera 3,fire,0.28
2026-07-01,16:32:33,Camera 3,fire,0.30
2026-07-01,16:32:34,Camera 3,fire,0.28
2026-07-01,16:32:35,Camera 3,fire,0.26
2026-07-01,16:32:37,Camera 3,fire,0.25
2026-07-01,16:32:38,Camera 3,fire,0.29
2026-07-01,16:32:39,Camera 3,fire,0.27
2026-07-01,16:32:40,Camera 3,fire,0.25
2026-07-01,16:32:41,Camera 3,fire,0.26
2026-07-01,16:32:42,Camera 3,fire,0.26
2026-07-01,16:32:43,Camera 3,fire,0.25
2026-07-01,16:32:44,Camera 3,fire,0.25
2026-07-01,16:32:45,Camera 3,fire,0.26
2026-07-01,16:32:46,Camera 3,fire,0.25
2026-07-01,16:32:47,Camera 3,fire,0.29
2026-07-01,16:32:48,Camera 3,fire,0.31
2026-07-01,16:32:50,Camera 3,fire,0.29
2026-07-01,16:32:51,Camera 3,fire,0.29
2026-07-01,16:32:52,Camera 3,fire,0.30
2026-07-01,16:32:53,Camera 3,fire,0.29
2026-07-01,16:32:55,Camera 3,fire,0.25
2026-07-01,16:32:57,Camera 3,fire,0.25
2026-07-01,16:33:01,Camera 3,fire,0.30
2026-07-01,16:33:02,Camera 3,fire,0.29
2026-07-01,16:33:04,Camera 3,fire,0.26
2026-07-01,16:33:05,Camera 3,fire,0.30
2026-07-01,16:33:06,Camera 3,fire,0.33
2026-07-01,16:33:07,Camera 3,fire,0.26
2026-07-01,16:33:08,Camera 3,fire,0.26
2026-07-01,16:33:09,Camera 3,fire,0.27
2026-07-01,16:33:10,Camera 3,fire,0.28
2026-07-01,16:33:11,Camera 3,fire,0.28
2026-07-01,16:33:12,Camera 3,fire,0.30
2026-07-01,16:33:14,Camera 3,fire,0.25
2026-07-01,16:33:16,Camera 3,fire,0.26
2026-07-01,16:33:17,Camera 3,fire,0.26
2026-07-01,16:33:19,Camera 3,fire,0.25
2026-07-01,16:33:28,Camera 3,fire,0.25
2026-07-01,16:33:33,Camera 3,fire,0.25
2026-07-01,16:33:34,Camera 3,fire,0.28
2026-07-01,16:33:36,Camera 3,fire,0.26
2026-07-01,16:33:38,Camera 3,fire,0.27
2026-07-01,16:33:39,Camera 3,fire,0.25
2026-07-01,16:33:40,Camera 3,fire,0.29
2026-07-01,16:33:41,Camera 3,fire,0.29
2026-07-01,16:33:42,Camera 3,fire,0.32
2026-07-01,16:33:43,Camera 3,fire,0.29
2026-07-01,16:33:45,Camera 3,fire,0.27
2026-07-01,16:33:46,Camera 3,fire,0.25
2026-07-01,16:33:49,Camera 3,fire,0.26
2026-07-01,16:33:50,Camera 3,fire,0.29
2026-07-01,16:33:51,Camera 3,fire,0.27
2026-07-01,16:33:52,Camera 3,fire,0.26
2026-07-01,16:33:53,Camera 3,fire,0.25
2026-07-01,16:33:57,Camera 3,fire,0.27
2026-07-01,16:33:59,Camera 3,fire,0.26
2026-07-01,16:34:00,Camera 3,fire,0.27
2026-07-01,16:34:01,Camera 3,fire,0.26
2026-07-01,16:34:02,Camera 3,fire,0.42
2026-07-01,16:34:03,Camera 3,fire,0.36
2026-07-01,16:34:04,Camera 3,fire,0.25
2026-07-01,16:34:05,Camera 3,fire,0.26
2026-07-01,16:34:07,Camera 3,fire,0.25
2026-07-01,16:34:08,Camera 3,fire,0.30
2026-07-01,16:34:09,Camera 3,fire,0.45
2026-07-01,16:34:10,Camera 3,fire,0.41
2026-07-01,16:34:11,Camera 3,fire,0.39
2026-07-01,16:34:13,Camera 3,fire,0.26
2026-07-01,16:34:15,Camera 2,fire,0.31
2026-07-01,16:34:15,Camera 3,fire,0.26
2026-07-01,16:34:16,Camera 3,fire,0.28
2026-07-01,16:34:17,Camera 3,fire,0.29
2026-07-01,16:34:19,Camera 3,fire,0.25
2026-07-01,16:34:21,Camera 3,fire,0.25
2026-07-01,16:34:23,Camera 3,fire,0.25
2026-07-01,16:34:24,Camera 2,fire,0.29
2026-07-01,16:34:25,Camera 3,fire,0.31
2026-07-01,16:34:26,Camera 3,fire,0.27
2026-07-01,16:34:27,Camera 3,fire,0.25
2026-07-01,16:34:28,Camera 3,fire,0.26
2026-07-01,16:34:30,Camera 3,fire,0.25
2026-07-01,16:34:31,Camera 3,fire,0.35
2026-07-01,16:34:35,Camera 3,fire,0.26
2026-07-01,16:34:36,Camera 3,fire,0.30
2026-07-01,16:34:42,Camera 3,fire,0.25
2026-07-01,16:34:43,Camera 3,fire,0.27
2026-07-01,16:34:48,Camera 3,fire,0.26
2026-07-01,16:34:49,Camera 3,fire,0.26
2026-07-01,16:34:56,Camera 3,fire,0.26
2026-07-01,16:34:57,Camera 1,fire,0.25
2026-07-01,16:34:59,Camera 3,fire,0.25
2026-07-01,16:35:00,Camera 3,fire,0.25
2026-07-01,16:35:04,Camera 3,fire,0.25
2026-07-01,16:35:06,Camera 3,fire,0.27
2026-07-01,16:35:07,Camera 3,fire,0.26
2026-07-01,16:35:08,Camera 3,fire,0.31
2026-07-01,16:35:09,Camera 3,fire,0.26
2026-07-01,16:35:11,Camera 3,fire,0.27
2026-07-01,16:35:13,Camera 3,fire,0.25
2026-07-01,16:35:14,Camera 3,fire,0.25
2026-07-01,16:35:21,Camera 3,fire,0.26
2026-07-01,16:35:22,Camera 3,fire,0.28
2026-07-01,16:35:23,Camera 3,fire,0.27
2026-07-01,16:35:24,Camera 3,fire,0.30
2026-07-01,16:35:25,Camera 3,fire,0.26
2026-07-01,16:35:26,Camera 3,fire,0.28
2026-07-01,16:35:27,Camera 3,fire,0.25
2026-07-01,16:35:33,Camera 3,fire,0.26
2026-07-01,16:35:34,Camera 3,fire,0.25
2026-07-01,16:35:35,Camera 3,fire,0.25
2026-07-01,16:35:39,Camera 3,fire,0.25
2026-07-01,16:35:40,Camera 3,fire,0.26
2026-07-01,16:35:41,Camera 3,fire,0.25
2026-07-01,16:35:42,Camera 3,fire,0.28
2026-07-01,16:35:44,Camera 3,fire,0.26
2026-07-01,16:35:45,Camera 3,fire,0.26
2026-07-01,16:36:05,Camera 3,fire,0.25
2026-07-01,16:36:11,Camera 3,fire,0.26
2026-07-01,16:36:12,Camera 3,fire,0.26
2026-07-01,16:36:13,Camera 3,fire,0.26
2026-07-01,16:36:17,Camera 3,fire,0.29
2026-07-01,16:36:19,Camera 3,fire,0.26
2026-07-01,16:36:20,Camera 3,fire,0.27
2026-07-01,16:36:27,Camera 3,fire,0.27
2026-07-01,16:36:28,Camera 3,fire,0.26
2026-07-01,16:36:31,Camera 3,fire,0.27
2026-07-01,16:36:37,Camera 3,fire,0.25
2026-07-01,16:36:38,Camera 3,fire,0.26
2026-07-01,16:36:43,Camera 3,fire,0.26
2026-07-01,16:36:44,Camera 3,fire,0.25
2026-07-01,16:36:45,Camera 3,fire,0.27
2026-07-01,16:37:02,Camera 3,fire,0.26
2026-07-01,16:37:05,Camera 3,fire,0.25
2026-07-01,16:37:06,Camera 3,fire,0.27
2026-07-01,16:37:07,Camera 3,fire,0.27
2026-07-01,16:37:09,Camera 3,fire,0.31
2026-07-01,16:37:10,Camera 3,fire,0.27
2026-07-01,16:37:16,Camera 3,fire,0.26
2026-07-01,16:37:19,Camera 3,fire,0.32
2026-07-01,16:37:20,Camera 3,fire,0.26
2026-07-01,16:37:21,Camera 3,fire,0.29
2026-07-01,16:37:22,Camera 3,fire,0.29
2026-07-01,16:37:33,Camera 3,fire,0.25
2026-07-01,16:37:34,Camera 3,fire,0.26
2026-07-01,16:37:35,Camera 3,fire,0.28
2026-07-01,16:37:37,Camera 3,fire,0.27
2026-07-01,16:37:39,Camera 3,fire,0.26
2026-07-01,16:37:40,Camera 3,fire,0.25
2026-07-01,16:37:41,Camera 3,fire,0.25
2026-07-01,16:37:43,Camera 3,fire,0.26
2026-07-01,16:37:44,Camera 3,fire,0.26
2026-07-01,16:37:53,Camera 3,fire,0.26
2026-07-01,16:37:54,Camera 3,fire,0.27
2026-07-01,16:37:55,Camera 3,fire,0.27
2026-07-01,16:37:56,Camera 3,fire,0.25
2026-07-01,16:37:57,Camera 3,fire,0.32
2026-07-01,16:37:58,Camera 3,fire,0.27
2026-07-01,16:38:00,Camera 3,fire,0.25
2026-07-01,16:38:05,Camera 3,fire,0.25
2026-07-01,16:38:06,Camera 3,fire,0.25
2026-07-01,16:38:11,Camera 3,fire,0.35
2026-07-01,16:38:12,Camera 3,fire,0.27
2026-07-01,16:38:13,Camera 3,fire,0.34
2026-07-01,16:38:14,Camera 3,fire,0.35
2026-07-01,16:38:15,Camera 3,fire,0.26
2026-07-01,16:38:17,Camera 3,fire,0.26
2026-07-01,16:38:19,Camera 3,fire,0.25
2026-07-01,16:38:38,Camera 3,fire,0.26
2026-07-01,16:38:40,Camera 3,fire,0.25
2026-07-01,16:38:47,Camera 3,fire,0.27
2026-07-01,16:38:48,Camera 3,fire,0.31
2026-07-01,16:38:49,Camera 3,fire,0.40
2026-07-01,16:38:50,Camera 3,fire,0.34
2026-07-01,16:38:56,Camera 3,fire,0.37
2026-07-01,16:38:57,Camera 3,fire,0.27
2026-07-01,16:38:58,Camera 3,fire,0.27
2026-07-01,16:38:59,Camera 3,fire,0.34
2026-07-01,16:39:00,Camera 3,fire,0.46
2026-07-01,16:39:01,Camera 3,fire,0.27
2026-07-01,16:39:02,Camera 3,fire,0.32
2026-07-01,16:39:03,Camera 3,fire,0.28
2026-07-01,16:39:04,Camera 3,fire,0.39
2026-07-01,16:39:05,Camera 3,fire,0.32
2026-07-01,16:39:06,Camera 3,fire,0.41
2026-07-01,16:39:07,Camera 3,fire,0.43
2026-07-01,16:39:08,Camera 3,fire,0.33
2026-07-01,16:39:10,Camera 3,fire,0.26
2026-07-01,16:39:11,Camera 3,fire,0.33
2026-07-01,16:39:12,Camera 3,fire,0.26
2026-07-01,16:39:14,Camera 3,fire,0.33
2026-07-01,16:39:15,Camera 3,fire,0.26
2026-07-01,16:39:19,Camera 3,fire,0.32
2026-07-01,16:39:20,Camera 3,fire,0.41
2026-07-01,16:39:22,Camera 3,fire,0.30
2026-07-01,16:39:23,Camera 3,fire,0.29
2026-07-01,16:39:25,Camera 3,fire,0.34
2026-07-01,16:39:26,Camera 3,fire,0.30
2026-07-01,16:39:38,Camera 3,fire,0.26
2026-07-01,16:39:40,Camera 3,fire,0.26
2026-07-01,16:39:41,Camera 3,fire,0.28
2026-07-01,16:39:43,Camera 3,fire,0.26
2026-07-01,16:39:46,Camera 3,fire,0.29
2026-07-01,16:39:47,Camera 3,fire,0.30
2026-07-01,16:39:49,Camera 3,fire,0.27
2026-07-01,16:39:50,Camera 3,fire,0.26
2026-07-01,16:39:52,Camera 3,fire,0.25
2026-07-01,16:39:53,Camera 3,fire,0.28
2026-07-01,16:39:54,Camera 3,fire,0.40
2026-07-01,16:39:55,Camera 3,fire,0.28
2026-07-01,16:39:56,Camera 3,fire,0.29
2026-07-01,16:39:57,Camera 3,fire,0.31
2026-07-01,16:39:58,Camera 3,fire,0.33
2026-07-01,16:39:59,Camera 3,fire,0.29
2026-07-01,16:40:01,Camera 3,fire,0.33
2026-07-01,16:40:02,Camera 3,fire,0.32
2026-07-01,16:40:03,Camera 3,fire,0.33
2026-07-01,16:40:04,Camera 3,fire,0.37
2026-07-01,16:40:05,Camera 3,fire,0.34
2026-07-01,16:40:06,Camera 3,fire,0.34
2026-07-01,16:40:07,Camera 3,fire,0.29
2026-07-01,16:40:09,Camera 3,fire,0.27
2026-07-01,16:40:10,Camera 3,fire,0.25
2026-07-01,16:40:11,Camera 3,fire,0.30
2026-07-01,16:40:12,Camera 3,fire,0.26
2026-07-01,16:40:13,Camera 3,fire,0.25
2026-07-01,16:40:14,Camera 3,fire,0.26
2026-07-01,16:40:16,Camera 3,fire,0.27
2026-07-01,16:40:17,Camera 3,fire,0.26
2026-07-01,16:40:18,Camera 3,fire,0.26
2026-07-01,16:40:20,Camera 3,fire,0.25
2026-07-01,16:40:22,Camera 3,fire,0.26
2026-07-01,16:40:23,Camera 3,fire,0.26
2026-07-01,16:40:24,Camera 3,fire,0.25
2026-07-01,16:40:26,Camera 3,fire,0.25
2026-07-01,16:40:27,Camera 3,fire,0.28
2026-07-01,16:40:28,Camera 3,fire,0.26
2026-07-01,16:40:29,Camera 3,fire,0.26
2026-07-01,16:40:30,Camera 3,fire,0.25
2026-07-01,16:40:34,Camera 3,fire,0.26
2026-07-01,16:40:35,Camera 3,fire,0.28
2026-07-01,16:40:36,Camera 3,fire,0.32
2026-07-01,16:40:37,Camera 3,fire,0.31
2026-07-01,16:40:38,Camera 3,fire,0.32
2026-07-01,16:40:39,Camera 3,fire,0.26
2026-07-01,16:40:41,Camera 3,fire,0.32
2026-07-01,16:40:43,Camera 3,fire,0.29
2026-07-01,16:41:31,Camera 3,fire,0.33
2026-07-01,16:41:32,Camera 3,fire,0.33
2026-07-01,16:41:40,Camera 3,fire,0.27
2026-07-01,16:41:46,Camera 3,fire,0.27
2026-07-01,16:42:07,Camera 3,fire,0.26
2026-07-01,16:42:10,Camera 3,fire,0.28
2026-07-01,16:42:13,Camera 3,fire,0.32
2026-07-01,16:42:14,Camera 3,smoke,0.37
2026-07-01,16:42:14,Camera 3,fire,0.25
2026-07-01,16:42:18,Camera 3,fire,0.25
2026-07-01,16:42:20,Camera 3,fire,0.25
2026-07-01,16:42:22,Camera 3,fire,0.36
2026-07-01,16:42:23,Camera 3,fire,0.29
2026-07-01,16:42:24,Camera 3,fire,0.27
2026-07-01,16:42:26,Camera 3,fire,0.30
2026-07-01,16:42:27,Camera 3,fire,0.28
2026-07-01,16:42:28,Camera 3,fire,0.26
2026-07-01,16:42:33,Camera 3,fire,0.33
2026-07-01,16:42:34,Camera 3,fire,0.26
2026-07-01,16:42:36,Camera 3,fire,0.32
2026-07-01,16:42:37,Camera 3,fire,0.25
2026-07-01,16:42:39,Camera 3,fire,0.33
2026-07-01,16:42:40,Camera 3,fire,0.31
2026-07-01,16:42:41,Camera 3,fire,0.29
2026-07-01,16:42:42,Camera 3,fire,0.39
2026-07-01,16:42:44,Camera 3,fire,0.25
2026-07-01,16:42:48,Camera 3,fire,0.31
2026-07-01,16:42:49,Camera 3,fire,0.26
2026-07-01,16:42:50,Camera 3,fire,0.33
2026-07-01,16:42:51,Camera 3,fire,0.33
2026-07-01,16:42:52,Camera 3,fire,0.33
2026-07-01,16:42:53,Camera 3,fire,0.34
2026-07-01,16:42:54,Camera 3,fire,0.38
2026-07-01,16:42:55,Camera 3,fire,0.39
2026-07-01,16:42:56,Camera 3,fire,0.34
2026-07-01,16:42:57,Camera 3,fire,0.36
2026-07-01,16:42:58,Camera 3,fire,0.37
2026-07-01,16:42:59,Camera 3,fire,0.28
2026-07-01,16:43:01,Camera 3,fire,0.29
2026-07-01,16:43:02,Camera 3,fire,0.46
2026-07-01,16:43:03,Camera 3,fire,0.36
2026-07-01,16:43:04,Camera 3,fire,0.27
2026-07-01,16:43:05,Camera 3,fire,0.25
2026-07-01,16:43:06,Camera 3,fire,0.27
2026-07-01,16:43:07,Camera 3,fire,0.32
2026-07-01,16:43:08,Camera 3,fire,0.38
2026-07-01,16:43:09,Camera 3,fire,0.42
2026-07-01,16:43:10,Camera 3,fire,0.33
2026-07-01,16:43:11,Camera 3,fire,0.28
2026-07-01,16:43:13,Camera 3,fire,0.25
2026-07-01,16:43:14,Camera 3,fire,0.29
2026-07-01,16:43:15,Camera 3,fire,0.33
2026-07-01,16:43:16,Camera 3,fire,0.30
2026-07-01,16:43:17,Camera 3,fire,0.29
2026-07-01,16:43:18,Camera 3,fire,0.29
2026-07-01,16:43:19,Camera 3,fire,0.25
2026-07-01,16:43:21,Camera 3,fire,0.26
2026-07-01,16:43:22,Camera 3,fire,0.26
2026-07-01,16:43:24,Camera 3,fire,0.27
2026-07-01,16:43:25,Camera 3,fire,0.25
2026-07-01,16:43:26,Camera 3,fire,0.25
2026-07-01,16:43:27,Camera 3,fire,0.27
2026-07-01,16:43:29,Camera 3,fire,0.25
2026-07-01,16:43:30,Camera 3,fire,0.27
2026-07-01,16:43:31,Camera 3,fire,0.26
2026-07-01,16:43:34,Camera 3,fire,0.25
2026-07-01,16:43:35,Camera 3,fire,0.27
2026-07-01,16:43:36,Camera 3,fire,0.27
2026-07-01,16:43:37,Camera 3,fire,0.25
2026-07-01,16:43:39,Camera 3,fire,0.30
2026-07-01,16:43:42,Camera 3,fire,0.27
2026-07-01,16:43:43,Camera 3,fire,0.28
2026-07-01,16:43:45,Camera 3,fire,0.26
2026-07-01,16:43:46,Camera 3,fire,0.30
2026-07-01,16:43:47,Camera 3,fire,0.26
2026-07-01,16:43:48,Camera 3,fire,0.29
2026-07-01,16:43:49,Camera 3,fire,0.26
2026-07-01,16:43:50,Camera 3,fire,0.27
2026-07-01,16:43:51,Camera 3,fire,0.26
2026-07-01,16:43:52,Camera 3,fire,0.30
2026-07-01,16:43:53,Camera 3,fire,0.30
2026-07-01,16:43:54,Camera 3,fire,0.28
2026-07-01,16:43:55,Camera 3,fire,0.28
2026-07-01,16:43:58,Camera 3,fire,0.26
2026-07-01,16:43:59,Camera 3,fire,0.27
2026-07-01,16:44:00,Camera 3,fire,0.32
2026-07-01,16:44:01,Camera 3,fire,0.31
2026-07-01,16:44:03,Camera 3,fire,0.26
2026-07-01,16:44:04,Camera 3,fire,0.27
2026-07-01,16:44:05,Camera 3,fire,0.30
2026-07-01,16:44:06,Camera 3,fire,0.31
2026-07-01,16:44:07,Camera 3,fire,0.31
2026-07-01,16:44:08,Camera 3,fire,0.25
2026-07-01,16:44:10,Camera 3,fire,0.26
2026-07-01,16:44:11,Camera 3,fire,0.27
2026-07-01,16:44:12,Camera 3,fire,0.31
2026-07-01,16:44:13,Camera 3,fire,0.32
2026-07-01,16:44:15,Camera 3,fire,0.25
2026-07-01,16:44:17,Camera 3,fire,0.27
2026-07-01,16:44:18,Camera 3,fire,0.33
2026-07-01,16:44:19,Camera 3,fire,0.35
2026-07-01,16:44:20,Camera 3,fire,0.32
2026-07-01,16:44:21,Camera 3,fire,0.33
2026-07-01,16:44:22,Camera 3,fire,0.31
2026-07-01,16:44:23,Camera 3,fire,0.29
2026-07-01,16:44:24,Camera 3,fire,0.29
2026-07-01,16:44:25,Camera 3,fire,0.28
2026-07-01,16:44:26,Camera 3,fire,0.31
2026-07-01,16:44:27,Camera 3,fire,0.32
2026-07-01,16:44:28,Camera 3,fire,0.27
2026-07-01,16:44:29,Camera 3,fire,0.27
2026-07-01,16:44:32,Camera 3,fire,0.26
2026-07-01,16:44:33,Camera 3,fire,0.27
2026-07-01,16:44:34,Camera 3,fire,0.31
2026-07-01,16:44:38,Camera 3,fire,0.26
2026-07-01,16:44:39,Camera 3,fire,0.26
2026-07-01,16:44:40,Camera 3,fire,0.26
2026-07-01,16:44:41,Camera 3,fire,0.28
2026-07-01,16:44:43,Camera 3,fire,0.26
2026-07-01,16:44:44,Camera 3,fire,0.26
2026-07-01,16:44:45,Camera 3,fire,0.27
2026-07-01,16:44:48,Camera 3,fire,0.25
2026-07-01,16:44:55,Camera 3,fire,0.25
2026-07-01,16:44:57,Camera 3,fire,0.25
2026-07-01,16:44:58,Camera 3,fire,0.26
2026-07-01,16:44:59,Camera 3,fire,0.28
2026-07-01,16:45:00,Camera 3,fire,0.30
2026-07-01,16:45:01,Camera 3,fire,0.45
2026-07-01,16:45:02,Camera 3,fire,0.27
2026-07-01,16:45:03,Camera 3,fire,0.31
2026-07-01,16:45:04,Camera 3,fire,0.28
2026-07-01,16:45:05,Camera 3,fire,0.30
2026-07-01,16:45:12,Camera 3,fire,0.25
2026-07-01,16:45:13,Camera 3,fire,0.28
2026-07-01,16:45:15,Camera 3,fire,0.27
2026-07-01,16:45:20,Camera 3,fire,0.28
2026-07-01,16:45:21,Camera 3,fire,0.31
2026-07-01,16:45:22,Camera 3,fire,0.41
2026-07-01,16:45:23,Camera 3,fire,0.36
2026-07-01,16:45:25,Camera 3,fire,0.39
2026-07-01,16:45:26,Camera 3,fire,0.35
2026-07-01,16:45:27,Camera 3,fire,0.27
2026-07-01,16:45:28,Camera 3,fire,0.26
2026-07-01,16:45:29,Camera 3,fire,0.25
2026-07-01,16:45:30,Camera 3,fire,0.30
2026-07-01,16:45:31,Camera 3,fire,0.31
2026-07-01,16:45:32,Camera 3,fire,0.34
2026-07-01,16:45:33,Camera 3,fire,0.34
2026-07-01,16:45:34,Camera 3,fire,0.29
2026-07-01,16:45:35,Camera 3,fire,0.28
2026-07-01,16:45:36,Camera 3,fire,0.28
2026-07-01,16:45:37,Camera 3,fire,0.29
2026-07-01,16:45:38,Camera 3,fire,0.31
2026-07-01,16:45:39,Camera 3,fire,0.29
2026-07-01,16:45:40,Camera 3,fire,0.27
2026-07-01,16:45:41,Camera 3,fire,0.27
2026-07-01,16:45:43,Camera 3,fire,0.26
2026-07-01,16:45:44,Camera 3,fire,0.29
2026-07-01,16:45:45,Camera 3,fire,0.28
2026-07-01,16:45:46,Camera 3,fire,0.29
2026-07-01,16:45:47,Camera 3,fire,0.31
2026-07-01,16:45:48,Camera 3,fire,0.28
2026-07-01,16:45:49,Camera 3,fire,0.30
2026-07-01,16:45:50,Camera 3,fire,0.26
2026-07-01,16:45:51,Camera 3,fire,0.34
2026-07-01,16:45:52,Camera 3,fire,0.35
2026-07-01,16:45:53,Camera 3,fire,0.31
2026-07-01,16:45:54,Camera 3,fire,0.29
2026-07-01,16:45:55,Camera 3,fire,0.32
2026-07-01,16:45:56,Camera 3,fire,0.27
2026-07-01,16:45:58,Camera 3,fire,0.26
2026-07-01,16:45:59,Camera 3,fire,0.33
2026-07-01,16:46:00,Camera 3,fire,0.35
2026-07-01,16:46:01,Camera 3,fire,0.35
2026-07-01,16:46:02,Camera 3,fire,0.27
2026-07-01,16:46:03,Camera 3,fire,0.29
2026-07-01,16:46:05,Camera 3,fire,0.29
2026-07-01,16:46:06,Camera 3,fire,0.31
2026-07-01,16:46:07,Camera 3,fire,0.34
2026-07-01,16:46:09,Camera 3,fire,0.26
2026-07-01,16:46:10,Camera 3,fire,0.34
2026-07-01,16:46:12,Camera 3,fire,0.31
2026-07-01,16:46:13,Camera 3,fire,0.29
2026-07-01,16:46:14,Camera 3,fire,0.33
2026-07-01,16:46:15,Camera 3,fire,0.30
2026-07-01,16:46:16,Camera 3,fire,0.27
2026-07-01,16:46:17,Camera 3,fire,0.29
2026-07-01,16:46:18,Camera 3,fire,0.32
2026-07-01,16:46:19,Camera 3,fire,0.28
2026-07-01,16:46:20,Camera 3,fire,0.28
2026-07-01,16:46:21,Camera 3,fire,0.29
2026-07-01,16:46:22,Camera 3,fire,0.27
2026-07-01,16:46:23,Camera 3,fire,0.26
2026-07-01,16:46:24,Camera 3,fire,0.29
2026-07-01,16:46:25,Camera 3,fire,0.28
2026-07-01,16:46:26,Camera 3,fire,0.28
2026-07-01,16:46:28,Camera 3,fire,0.26
2026-07-01,16:46:29,Camera 3,fire,0.36
2026-07-01,16:46:32,Camera 3,fire,0.26
2026-07-01,16:46:33,Camera 3,fire,0.26
2026-07-01,16:46:38,Camera 3,fire,0.26
2026-07-01,16:46:39,Camera 3,fire,0.28
2026-07-01,16:46:40,Camera 3,fire,0.25
2026-07-01,16:46:43,Camera 3,fire,0.25
2026-07-01,16:46:45,Camera 3,fire,0.29
2026-07-01,16:46:47,Camera 3,fire,0.25
2026-07-01,16:46:48,Camera 3,fire,0.28
2026-07-01,16:46:49,Camera 3,fire,0.26
2026-07-01,16:46:50,Camera 3,fire,0.39
2026-07-01,16:46:57,Camera 3,fire,0.26
2026-07-01,16:47:03,Camera 3,fire,0.25
2026-07-01,16:47:04,Camera 3,fire,0.30
2026-07-01,16:47:05,Camera 3,fire,0.34
2026-07-01,16:47:06,Camera 3,fire,0.34
2026-07-01,16:47:08,Camera 3,fire,0.31
2026-07-01,16:47:09,Camera 3,fire,0.31
2026-07-01,16:47:10,Camera 3,fire,0.31
2026-07-01,16:47:11,Camera 3,fire,0.25
2026-07-01,16:47:12,Camera 3,fire,0.29
2026-07-01,16:47:13,Camera 3,fire,0.27
2026-07-01,16:47:14,Camera 3,fire,0.25
2026-07-01,16:47:16,Camera 3,fire,0.28
2026-07-01,16:47:17,Camera 3,fire,0.28
2026-07-01,16:47:18,Camera 3,fire,0.32
2026-07-01,16:47:19,Camera 3,fire,0.29
2026-07-01,16:47:20,Camera 3,fire,0.30
2026-07-01,16:47:21,Camera 3,fire,0.29
2026-07-01,16:47:22,Camera 3,fire,0.31
2026-07-01,16:47:23,Camera 3,fire,0.31
2026-07-01,16:47:24,Camera 3,fire,0.29
2026-07-01,16:47:25,Camera 3,fire,0.28
2026-07-01,16:47:26,Camera 3,fire,0.31
2026-07-01,16:47:27,Camera 3,fire,0.33
2026-07-01,16:47:28,Camera 3,fire,0.30
2026-07-01,16:47:30,Camera 3,fire,0.30
2026-07-01,16:47:31,Camera 3,fire,0.31
2026-07-01,16:47:32,Camera 3,fire,0.31
2026-07-01,16:47:33,Camera 3,fire,0.26
2026-07-01,16:47:34,Camera 3,fire,0.27
2026-07-01,16:47:35,Camera 3,fire,0.27
2026-07-01,16:47:36,Camera 3,fire,0.27
2026-07-01,16:47:37,Camera 3,fire,0.31
2026-07-01,16:47:38,Camera 3,fire,0.30
2026-07-01,16:47:39,Camera 3,fire,0.25
2026-07-01,16:47:40,Camera 3,fire,0.27
2026-07-01,16:47:41,Camera 3,fire,0.29
2026-07-01,16:47:42,Camera 3,fire,0.28
2026-07-01,16:47:43,Camera 3,fire,0.29
2026-07-01,16:47:44,Camera 3,fire,0.31
2026-07-01,16:47:45,Camera 3,fire,0.31
2026-07-01,16:47:46,Camera 3,fire,0.28
2026-07-01,16:47:47,Camera 3,fire,0.28
2026-07-01,16:47:48,Camera 3,fire,0.28
2026-07-01,16:47:50,Camera 3,fire,0.27
2026-07-01,16:47:51,Camera 3,fire,0.26
2026-07-01,16:47:52,Camera 3,fire,0.25
2026-07-01,16:47:54,Camera 3,fire,0.26
2026-07-01,16:47:55,Camera 3,fire,0.26
2026-07-01,16:47:56,Camera 3,fire,0.27
2026-07-01,16:47:57,Camera 3,fire,0.29
2026-07-01,16:47:58,Camera 3,fire,0.27
2026-07-01,16:48:00,Camera 3,fire,0.26
2026-07-01,16:48:01,Camera 3,fire,0.27
2026-07-01,16:48:03,Camera 3,fire,0.26
2026-07-01,16:48:04,Camera 3,fire,0.25
2026-07-01,16:48:06,Camera 3,fire,0.25
2026-07-01,16:48:07,Camera 3,fire,0.25
2026-07-01,16:48:08,Camera 3,fire,0.25
2026-07-01,16:48:12,Camera 3,fire,0.25
2026-07-01,16:48:13,Camera 3,fire,0.27
2026-07-01,16:48:14,Camera 3,fire,0.31
2026-07-01,16:48:24,Camera 3,fire,0.27
2026-07-01,16:48:36,Camera 3,fire,0.25
2026-07-01,16:48:37,Camera 3,fire,0.26
2026-07-01,16:48:38,Camera 3,fire,0.25
2026-07-01,16:48:40,Camera 3,fire,0.27
2026-07-01,16:48:41,Camera 3,fire,0.27
2026-07-01,16:48:42,Camera 3,fire,0.25
2026-07-01,16:48:43,Camera 3,fire,0.25
2026-07-01,16:48:58,Camera 3,fire,0.25
2026-07-01,16:49:00,Camera 3,fire,0.25
2026-07-01,16:49:08,Camera 3,fire,0.26
2026-07-01,16:49:09,Camera 3,fire,0.27
2026-07-01,16:49:10,Camera 3,fire,0.29
2026-07-01,16:49:11,Camera 3,fire,0.29
2026-07-01,16:49:13,Camera 3,fire,0.25
2026-07-01,16:49:14,Camera 3,fire,0.25
2026-07-01,16:49:20,Camera 3,fire,0.25
2026-07-01,16:49:22,Camera 3,fire,0.25
2026-07-01,16:49:24,Camera 3,fire,0.25
2026-07-01,16:49:26,Camera 3,fire,0.25
2026-07-01,16:49:27,Camera 3,fire,0.26
2026-07-01,16:49:28,Camera 3,fire,0.26
2026-07-01,16:49:34,Camera 3,fire,0.26
2026-07-01,16:49:36,Camera 3,fire,0.28
2026-07-01,16:49:38,Camera 3,fire,0.26
2026-07-01,16:49:46,Camera 3,fire,0.33
2026-07-01,16:49:47,Camera 3,fire,0.31
2026-07-01,16:49:49,Camera 3,fire,0.26
2026-07-01,16:49:50,Camera 3,fire,0.25
2026-07-01,16:49:52,Camera 3,fire,0.26
2026-07-01,16:50:00,Camera 3,fire,0.30
2026-07-01,16:50:02,Camera 3,fire,0.27
2026-07-01,16:50:04,Camera 3,fire,0.26
2026-07-01,16:50:05,Camera 3,fire,0.37
2026-07-01,16:50:06,Camera 3,fire,0.41
2026-07-01,16:50:07,Camera 3,fire,0.39
2026-07-01,16:50:08,Camera 3,fire,0.34
2026-07-01,16:50:09,Camera 3,fire,0.35
2026-07-01,16:50:10,Camera 3,fire,0.38
2026-07-01,16:50:11,Camera 3,fire,0.35
2026-07-01,16:50:14,Camera 3,fire,0.29
2026-07-01,16:50:21,Camera 3,fire,0.28
2026-07-01,16:50:22,Camera 3,fire,0.35
2026-07-01,16:50:24,Camera 3,fire,0.27
2026-07-01,16:50:25,Camera 3,fire,0.37
2026-07-01,16:50:26,Camera 3,fire,0.25
2026-07-01,16:50:27,Camera 3,fire,0.40
2026-07-01,16:50:29,Camera 3,fire,0.30
2026-07-01,16:50:31,Camera 3,fire,0.26
2026-07-01,16:50:32,Camera 3,fire,0.26
2026-07-01,16:50:33,Camera 3,fire,0.35
2026-07-01,16:50:34,Camera 3,fire,0.30
2026-07-01,16:50:37,Camera 3,fire,0.26
2026-07-01,16:50:39,Camera 3,fire,0.30
2026-07-01,16:50:44,Camera 3,fire,0.27
2026-07-01,16:50:45,Camera 3,fire,0.35
2026-07-01,16:50:46,Camera 3,fire,0.33
2026-07-01,16:50:47,Camera 3,fire,0.32
2026-07-01,16:50:48,Camera 3,fire,0.29
2026-07-01,16:50:49,Camera 3,fire,0.33
2026-07-01,16:50:50,Camera 3,fire,0.29
2026-07-01,16:50:52,Camera 3,fire,0.29
2026-07-01,16:50:53,Camera 3,fire,0.44
2026-07-01,16:50:54,Camera 3,fire,0.43
2026-07-01,16:50:55,Camera 3,fire,0.39
2026-07-01,16:50:56,Camera 3,fire,0.43
2026-07-01,16:50:57,Camera 3,fire,0.45
2026-07-01,16:51:03,Camera 3,fire,0.26
2026-07-01,16:51:34,Camera 3,fire,0.32
2026-07-01,16:51:37,Camera 3,fire,0.25
2026-07-01,16:51:51,Camera 2,smoke,0.25
2026-07-01,16:51:55,Camera 3,fire,0.26
2026-07-01,16:51:57,Camera 3,fire,0.25
2026-07-01,16:51:58,Camera 3,fire,0.26
2026-07-01,16:52:00,Camera 3,fire,0.25
2026-07-01,16:52:02,Camera 3,fire,0.25
2026-07-01,16:52:03,Camera 3,fire,0.26
2026-07-01,16:52:04,Camera 3,fire,0.27
2026-07-01,16:52:05,Camera 3,fire,0.30
2026-07-01,16:52:08,Camera 3,fire,0.28
2026-07-01,16:52:09,Camera 3,fire,0.28
2026-07-01,16:52:10,Camera 3,fire,0.26
2026-07-01,16:52:11,Camera 3,fire,0.26
2026-07-01,16:52:17,Camera 3,fire,0.25
2026-07-01,16:52:21,Camera 3,fire,0.26
2026-07-01,16:52:22,Camera 3,fire,0.25
2026-07-01,16:52:23,Camera 3,fire,0.25
2026-07-01,16:52:24,Camera 1,fire,0.26
2026-07-01,16:52:28,Camera 3,fire,0.26
2026-07-01,16:52:30,Camera 3,fire,0.25
2026-07-01,16:52:39,Camera 3,fire,0.26
2026-07-01,16:52:41,Camera 3,fire,0.25
2026-07-01,16:52:42,Camera 3,fire,0.30
2026-07-01,16:52:56,Camera 3,fire,0.25
2026-07-01,16:52:57,Camera 3,fire,0.27
2026-07-01,16:52:58,Camera 3,fire,0.28
2026-07-01,16:52:59,Camera 3,fire,0.26
2026-07-01,16:53:00,Camera 3,fire,0.27
2026-07-01,16:53:04,Camera 3,fire,0.27
2026-07-01,16:53:06,Camera 3,fire,0.32
2026-07-01,16:53:07,Camera 3,fire,0.30
2026-07-01,16:53:08,Camera 3,fire,0.29
2026-07-01,16:53:10,Camera 3,fire,0.29
2026-07-01,16:53:20,Camera 2,smoke,0.26
2026-07-01,16:53:27,Camera 3,fire,0.28
2026-07-01,16:53:28,Camera 3,fire,0.26
2026-07-01,16:53:32,Camera 3,fire,0.28
2026-07-01,16:57:27,Camera 3,fire,0.27
2026-07-01,16:57:28,Camera 3,fire,0.25
2026-07-01,16:57:36,Camera 3,fire,0.25
2026-07-01,16:57:37,Camera 3,fire,0.26
2026-07-01,16:57:38,Camera 3,fire,0.25
2026-07-01,16:57:40,Camera 3,fire,0.26
2026-07-01,16:57:48,Camera 3,fire,0.25
2026-07-01,16:57:49,Camera 3,fire,0.26
2026-07-01,16:57:50,Camera 3,fire,0.26
2026-07-01,16:57:58,Camera 3,fire,0.25
2026-07-01,16:58:00,Camera 3,fire,0.25
2026-07-01,16:58:01,Camera 3,fire,0.25
2026-07-01,16:58:03,Camera 3,fire,0.26
2026-07-01,16:58:04,Camera 3,fire,0.29
2026-07-01,16:58:11,Camera 3,fire,0.30
2026-07-01,16:58:12,Camera 3,fire,0.28
2026-07-01,17:25:20,Camera 3,fire,0.25
2026-07-06,15:59:30,Camera 3,fire,0.29
2026-07-06,15:59:33,Camera 3,fire,0.26
2026-07-06,15:59:50,Camera 3,fire,0.31
2026-07-06,16:00:28,Camera 3,fire,0.25
2026-07-06,16:01:01,Camera 3,fire,0.30
2026-07-06,16:01:02,Camera 3,fire,0.36
2026-07-06,16:01:03,Camera 3,fire,0.59
2026-07-06,16:01:04,Camera 3,fire,0.48
2026-07-06,16:01:05,Camera 3,fire,0.68
2026-07-06,16:01:06,Camera 3,fire,0.66
2026-07-06,16:01:07,Camera 3,fire,0.47
2026-07-06,16:01:22,Camera 3,fire,0.34
2026-07-06,16:01:23,Camera 3,fire,0.32
2026-07-06,16:01:24,Camera 3,fire,0.40
2026-07-06,16:01:25,Camera 3,fire,0.32
2026-07-06,16:01:27,Camera 3,fire,0.35
2026-07-06,16:01:28,Camera 3,fire,0.44
2026-07-06,16:01:29,Camera 3,fire,0.40
2026-07-06,16:01:32,Camera 3,fire,0.36
2026-07-06,16:01:33,Camera 3,fire,0.26
2026-07-06,16:01:54,Camera 3,fire,0.38
2026-07-06,16:01:55,Camera 3,fire,0.42
2026-07-06,16:01:56,Camera 3,fire,0.31
2026-07-06,16:01:57,Camera 3,fire,0.29
2026-07-06,16:02:01,Camera 3,fire,0.25
2026-07-06,16:02:03,Camera 3,fire,0.27
2026-07-06,16:02:04,Camera 3,fire,0.27
2026-07-06,16:03:16,Camera 1,fire,0.25
2026-07-06,16:03:17,Camera 1,fire,0.32
2026-07-06,16:03:38,Camera 1,fire,0.26
2026-07-06,16:03:54,Camera 3,smoke,0.26
2026-07-06,16:03:55,Camera 3,fire,0.30
2026-07-06,16:04:06,Camera 3,fire,0.25
2026-07-06,16:04:39,Camera 1,fire,0.29
2026-07-06,16:05:17,Camera 3,fire,0.29
2026-07-06,16:05:17,Camera 1,fire,0.30
2026-07-06,16:05:19,Camera 3,fire,0.26
2026-07-06,16:05:31,Camera 3,fire,0.28
2026-07-06,16:05:32,Camera 3,fire,0.29
2026-07-06,16:06:34,Camera 3,fire,0.28
2026-07-06,16:06:45,Camera 3,fire,0.31
2026-07-06,16:06:46,Camera 1,fire,0.27
2026-07-06,16:07:18,Camera 3,fire,0.27
2026-07-06,16:07:19,Camera 3,fire,0.36
2026-07-06,16:07:20,Camera 3,fire,0.40
2026-07-06,16:07:21,Camera 3,fire,0.29
2026-07-06,16:07:24,Camera 3,fire,0.27
2026-07-06,16:07:32,Camera 1,fire,0.27
2026-07-06,16:07:38,Camera 3,fire,0.26
2026-07-06,16:08:02,Camera 1,fire,0.28
2026-07-06,16:08:05,Camera 1,fire,0.29
2026-07-06,16:08:08,Camera 3,fire,0.25
2026-07-06,16:08:15,Camera 3,fire,0.30
2026-07-06,16:08:25,Camera 1,fire,0.38
2026-07-06,16:08:27,Camera 3,fire,0.27
2026-07-06,16:08:27,Camera 1,fire,0.27
2026-07-06,16:08:31,Camera 3,fire,0.25
2026-07-06,16:08:32,Camera 3,fire,0.29
2026-07-06,16:08:33,Camera 3,fire,0.34
2026-07-06,16:08:33,Camera 1,fire,0.28
2026-07-06,16:08:34,Camera 3,fire,0.25
2026-07-06,16:08:35,Camera 1,fire,0.27
2026-07-06,16:08:35,Camera 3,fire,0.26
2026-07-06,16:08:36,Camera 1,fire,0.28
2026-07-06,16:08:37,Camera 1,fire,0.39
2026-07-06,16:08:37,Camera 3,fire,0.25
2026-07-06,16:08:39,Camera 3,fire,0.26
2026-07-06,16:08:39,Camera 1,fire,0.25
2026-07-06,16:08:40,Camera 3,fire,0.28
2026-07-06,16:08:51,Camera 3,fire,0.25
2026-07-06,16:08:53,Camera 1,fire,0.27
2026-07-06,16:08:55,Camera 1,fire,0.26
2026-07-06,16:08:56,Camera 1,fire,0.26
2026-07-06,16:08:56,Camera 3,fire,0.33
2026-07-06,16:08:57,Camera 1,fire,0.25
2026-07-06,16:08:58,Camera 1,fire,0.28
2026-07-06,16:08:59,Camera 3,fire,0.35
2026-07-06,16:08:59,Camera 1,fire,0.27
2026-07-06,16:09:00,Camera 1,fire,0.27
2026-07-06,16:09:01,Camera 1,fire,0.27
2026-07-06,16:09:02,Camera 1,fire,0.26
2026-07-06,16:09:05,Camera 1,fire,0.26
2026-07-06,16:09:10,Camera 1,fire,0.33
2026-07-06,16:09:12,Camera 1,fire,0.30
2026-07-06,16:09:13,Camera 1,fire,0.28
2026-07-06,16:09:40,Camera 1,fire,0.25
2026-07-06,16:09:40,Camera 3,fire,0.26
2026-07-06,16:09:55,Camera 3,fire,0.29
2026-07-06,16:09:55,Camera 3,smoke,0.26
2026-07-06,16:10:14,Camera 1,fire,0.34
2026-07-06,16:10:17,Camera 1,fire,0.26
2026-07-06,16:10:17,Camera 3,fire,0.27
2026-07-06,16:10:18,Camera 1,fire,0.25
2026-07-06,16:10:19,Camera 1,fire,0.30
2026-07-06,16:10:20,Camera 1,fire,0.26
2026-07-06,16:10:25,Camera 1,fire,0.26
2026-07-06,16:10:26,Camera 1,fire,0.26
2026-07-06,16:10:57,Camera 1,fire,0.30
2026-07-06,16:10:59,Camera 1,fire,0.30
2026-07-06,16:11:00,Camera 1,fire,0.31
2026-07-06,16:11:03,Camera 1,fire,0.31
2026-07-06,16:11:04,Camera 1,fire,0.27
2026-07-06,16:11:06,Camera 1,fire,0.25
2026-07-06,16:11:09,Camera 1,fire,0.26
2026-07-06,16:11:19,Camera 1,fire,0.26
2026-07-06,16:11:20,Camera 1,fire,0.25
2026-07-06,16:11:21,Camera 1,fire,0.32
2026-07-06,16:11:22,Camera 1,fire,0.34
2026-07-06,16:11:23,Camera 3,fire,0.34
2026-07-06,16:11:24,Camera 1,fire,0.26
2026-07-06,16:11:26,Camera 1,fire,0.27
2026-07-06,16:11:31,Camera 1,fire,0.25
2026-07-06,16:11:36,Camera 1,fire,0.26
2026-07-06,16:11:37,Camera 1,fire,0.26
2026-07-06,16:11:40,Camera 1,fire,0.26
2026-07-06,16:12:04,Camera 1,fire,0.26
2026-07-06,16:12:05,Camera 1,fire,0.28
2026-07-06,16:12:06,Camera 1,fire,0.26
2026-07-06,16:12:08,Camera 1,fire,0.25
2026-07-06,16:12:09,Camera 1,fire,0.33
2026-07-06,16:12:10,Camera 1,fire,0.26
2026-07-06,16:12:15,Camera 1,fire,0.25
2026-07-06,16:12:17,Camera 1,fire,0.25
2026-07-06,16:12:22,Camera 1,fire,0.26
2026-07-06,16:12:23,Camera 1,fire,0.34
2026-07-06,16:12:24,Camera 1,fire,0.25
2026-07-06,16:12:27,Camera 1,fire,0.25
2026-07-06,16:12:28,Camera 1,fire,0.25
2026-07-06,16:12:31,Camera 1,fire,0.26
2026-07-06,16:12:33,Camera 1,fire,0.25
2026-07-06,16:12:34,Camera 1,fire,0.25
2026-07-06,16:12:35,Camera 1,fire,0.36
2026-07-06,16:12:36,Camera 1,fire,0.36
2026-07-06,16:12:37,Camera 1,fire,0.29
2026-07-06,16:12:38,Camera 1,fire,0.35
2026-07-06,16:12:39,Camera 1,fire,0.29
2026-07-06,16:12:40,Camera 1,fire,0.34
2026-07-06,16:12:41,Camera 1,fire,0.35
2026-07-06,16:12:42,Camera 1,fire,0.30
2026-07-06,16:12:45,Camera 1,fire,0.25
2026-07-06,16:12:47,Camera 1,fire,0.27
2026-07-06,16:12:48,Camera 1,fire,0.31
2026-07-06,16:12:50,Camera 1,fire,0.25
2026-07-06,16:12:51,Camera 1,fire,0.26
2026-07-06,16:12:52,Camera 1,fire,0.25
2026-07-06,16:12:58,Camera 1,fire,0.26
2026-07-06,16:12:59,Camera 1,fire,0.26
2026-07-06,16:13:08,Camera 1,fire,0.32
2026-07-06,16:13:09,Camera 1,fire,0.30
2026-07-06,16:13:17,Camera 1,fire,0.27
2026-07-06,16:13:20,Camera 1,fire,0.27
2026-07-06,16:13:31,Camera 1,fire,0.26
2026-07-06,16:13:32,Camera 1,fire,0.27
2026-07-06,16:13:37,Camera 3,fire,0.41
2026-07-06,16:13:39,Camera 1,fire,0.25
2026-07-06,16:13:41,Camera 1,fire,0.26
2026-07-06,16:13:42,Camera 1,fire,0.25
2026-07-06,16:13:43,Camera 1,fire,0.27
2026-07-06,16:14:14,Camera 3,fire,0.25
2026-07-06,16:14:14,Camera 1,fire,0.29
2026-07-06,16:14:22,Camera 1,fire,0.25
2026-07-06,16:14:23,Camera 1,fire,0.25
2026-07-06,16:14:24,Camera 1,fire,0.28
2026-07-06,16:14:25,Camera 1,fire,0.39
2026-07-06,16:14:28,Camera 3,fire,0.35
2026-07-06,16:14:30,Camera 3,fire,0.29
2026-07-06,16:14:50,Camera 3,fire,0.32
2026-07-06,16:14:52,Camera 3,fire,0.26
2026-07-06,16:14:53,Camera 3,fire,0.36
2026-07-06,16:14:54,Camera 3,fire,0.38
2026-07-06,16:14:56,Camera 3,fire,0.26
2026-07-06,16:14:57,Camera 3,fire,0.38
2026-07-06,16:14:59,Camera 3,fire,0.26
2026-07-06,16:15:01,Camera 3,fire,0.30
2026-07-06,16:15:02,Camera 3,fire,0.37
2026-07-06,16:15:03,Camera 3,fire,0.35
2026-07-06,16:15:07,Camera 3,fire,0.31
2026-07-06,16:15:10,Camera 3,fire,0.26
2026-07-06,16:15:42,Camera 1,fire,0.26
2026-07-06,16:15:52,Camera 1,fire,0.36
2026-07-06,16:16:14,Camera 1,fire,0.32
2026-07-06,16:16:15,Camera 1,fire,0.27
2026-07-06,16:16:16,Camera 1,fire,0.26
2026-07-06,16:16:19,Camera 1,fire,0.27
2026-07-06,16:16:23,Camera 1,fire,0.25
2026-07-06,16:16:25,Camera 1,fire,0.29
2026-07-06,16:16:26,Camera 1,fire,0.26
2026-07-06,16:17:10,Camera 1,fire,0.27
2026-07-06,16:19:27,Camera 1,fire,0.36
2026-07-06,16:20:03,Camera 1,smoke,0.30
2026-07-06,16:20:08,Camera 3,fire,0.25
2026-07-06,16:22:18,Camera 2,smoke,0.25
2026-07-06,16:22:27,Camera 1,fire,0.27
2026-07-06,16:25:08,Camera 3,fire,0.28
2026-07-06,16:25:17,Camera 3,fire,0.28
2026-07-06,16:26:15,Camera 1,smoke,0.38
2026-07-06,16:26:16,Camera 1,smoke,0.42
2026-07-06,16:26:21,Camera 1,fire,0.33
2026-07-06,16:26:24,Camera 1,fire,0.25
2026-07-06,16:28:00,Camera 1,fire,0.25
2026-07-06,16:28:21,Camera 1,fire,0.31
2026-07-06,16:28:34,Camera 3,fire,0.30
2026-07-06,16:28:49,Camera 1,fire,0.27
2026-07-06,16:28:51,Camera 3,fire,0.27
2026-07-06,16:28:59,Camera 1,fire,0.26
2026-07-06,16:29:07,Camera 1,fire,0.25
2026-07-06,16:29:08,Camera 1,fire,0.26
2026-07-06,16:29:09,Camera 1,fire,0.26
2026-07-06,16:29:22,Camera 3,fire,0.27
2026-07-06,16:30:31,Camera 3,fire,0.29
2026-07-06,16:30:32,Camera 3,fire,0.35
2026-07-06,16:30:34,Camera 3,fire,0.28
2026-07-06,16:30:35,Camera 3,fire,0.27
2026-07-06,16:33:29,Camera 1,fire,0.31
2026-07-06,16:33:33,Camera 1,fire,0.25
2026-07-06,16:33:35,Camera 1,fire,0.26
2026-07-06,16:33:36,Camera 1,fire,0.26
2026-07-06,16:33:37,Camera 1,fire,0.27
2026-07-06,16:33:38,Camera 1,fire,0.26
2026-07-06,16:33:39,Camera 1,fire,0.26
2026-07-06,16:33:41,Camera 1,fire,0.27
2026-07-06,16:33:46,Camera 1,fire,0.25
2026-07-06,16:33:47,Camera 1,fire,0.27
2026-07-06,16:33:51,Camera 1,fire,0.27
2026-07-06,16:33:57,Camera 1,fire,0.26
2026-07-06,16:33:58,Camera 1,fire,0.25
2026-07-06,16:34:00,Camera 1,fire,0.27
2026-07-06,16:34:01,Camera 1,fire,0.33
2026-07-06,16:34:02,Camera 1,fire,0.31
2026-07-06,16:34:04,Camera 1,fire,0.28
2026-07-06,16:34:05,Camera 1,fire,0.32
2026-07-06,16:34:08,Camera 1,fire,0.30
2026-07-06,16:34:09,Camera 1,fire,0.26
2026-07-06,16:34:10,Camera 1,fire,0.29
2026-07-06,16:34:12,Camera 1,fire,0.27
2026-07-06,16:34:15,Camera 1,fire,0.26
2026-07-06,16:34:22,Camera 3,fire,0.28
2026-07-06,16:35:27,Camera 3,fire,0.30
2026-07-06,16:35:35,Camera 3,fire,0.25
2026-07-06,16:35:36,Camera 3,fire,0.28
2026-07-06,16:35:46,Camera 3,fire,0.28
2026-07-06,16:36:20,Camera 3,fire,0.29
2026-07-06,16:36:36,Camera 3,fire,0.27
2026-07-06,16:36:37,Camera 3,fire,0.26
2026-07-06,16:37:06,Camera 3,fire,0.27
2026-07-06,16:37:19,Camera 3,fire,0.25
2026-07-06,16:37:26,Camera 3,fire,0.25
2026-07-06,16:37:27,Camera 3,fire,0.31
2026-07-06,16:37:59,Camera 3,fire,0.27
2026-07-06,16:38:26,Camera 1,fire,0.27
2026-07-06,16:38:28,Camera 1,fire,0.34
2026-07-06,16:38:47,Camera 3,fire,0.27
2026-07-06,16:38:52,Camera 1,fire,0.29
2026-07-06,16:38:56,Camera 1,fire,0.26
2026-07-06,16:38:57,Camera 1,fire,0.28
2026-07-06,16:38:58,Camera 1,fire,0.26
2026-07-06,16:39:17,Camera 1,fire,0.25
2026-07-06,16:39:19,Camera 1,fire,0.27
2026-07-06,16:39:45,Camera 1,fire,0.26
2026-07-06,16:39:49,Camera 1,fire,0.26
2026-07-06,16:39:56,Camera 1,fire,0.25
2026-07-06,16:40:21,Camera 1,fire,0.26
2026-07-06,16:40:22,Camera 1,fire,0.44
2026-07-06,16:40:23,Camera 1,fire,0.32
2026-07-06,16:40:24,Camera 1,fire,0.34
2026-07-06,16:40:25,Camera 1,fire,0.41
2026-07-06,16:40:26,Camera 1,fire,0.32
2026-07-06,16:40:27,Camera 1,fire,0.33
2026-07-06,16:40:28,Camera 1,fire,0.37
2026-07-06,16:40:29,Camera 1,fire,0.26
2026-07-06,16:40:38,Camera 3,fire,0.26
2026-07-06,16:40:40,Camera 3,fire,0.25
2026-07-06,16:40:41,Camera 3,fire,0.30
2026-07-06,16:40:53,Camera 3,fire,0.26
2026-07-06,16:40:55,Camera 3,fire,0.26
2026-07-06,16:41:31,Camera 1,fire,0.27
2026-07-06,16:41:51,Camera 2,fire,0.36
2026-07-06,16:41:53,Camera 1,fire,0.29
2026-07-06,16:41:57,Camera 1,fire,0.26
2026-07-06,16:42:03,Camera 1,fire,0.26
2026-07-06,16:42:52,Camera 1,smoke,0.27
2026-07-06,16:42:55,Camera 1,smoke,0.27
2026-07-06,16:43:06,Camera 1,smoke,0.38
2026-07-06,16:43:07,Camera 1,smoke,0.30
2026-07-06,16:43:08,Camera 1,smoke,0.26
2026-07-06,16:43:13,Camera 1,smoke,0.25
2026-07-06,16:43:15,Camera 1,smoke,0.26
2026-07-06,16:43:16,Camera 1,smoke,0.41
2026-07-06,16:43:17,Camera 1,smoke,0.38
2026-07-06,16:43:18,Camera 1,smoke,0.36
2026-07-06,16:43:19,Camera 1,smoke,0.32
2026-07-06,16:43:21,Camera 1,smoke,0.34
2026-07-06,16:43:23,Camera 1,fire,0.30
2026-07-06,16:43:24,Camera 1,fire,0.36
2026-07-06,16:43:26,Camera 1,smoke,0.27
2026-07-06,16:43:27,Camera 1,fire,0.27
2026-07-06,16:43:31,Camera 1,smoke,0.26
2026-07-06,16:44:08,Camera 1,smoke,0.33
2026-07-06,16:44:15,Camera 1,smoke,0.26
2026-07-06,16:44:26,Camera 1,smoke,0.33
2026-07-06,16:44:45,Camera 2,smoke,0.31
2026-07-06,16:44:47,Camera 2,smoke,0.29
2026-07-06,16:44:50,Camera 2,smoke,0.27
2026-07-06,16:44:51,Camera 2,fire,0.28
2026-07-06,16:45:49,Camera 1,fire,0.27
2026-07-06,16:45:50,Camera 1,fire,0.36
2026-07-06,16:45:51,Camera 1,fire,0.36
2026-07-06,16:45:52,Camera 1,fire,0.40
2026-07-06,16:45:53,Camera 1,fire,0.43
2026-07-06,16:45:54,Camera 1,fire,0.36
2026-07-06,16:45:55,Camera 1,fire,0.28
2026-07-06,16:45:57,Camera 1,fire,0.28
2026-07-06,16:45:58,Camera 1,fire,0.38
2026-07-06,16:46:02,Camera 3,fire,0.27
2026-07-06,16:46:03,Camera 3,fire,0.29
2026-07-06,16:46:03,Camera 1,fire,0.27
2026-07-06,16:46:06,Camera 1,fire,0.28
2026-07-06,16:46:09,Camera 1,fire,0.33
2026-07-06,16:46:10,Camera 1,fire,0.45
2026-07-06,16:46:22,Camera 1,fire,0.26
2026-07-06,16:46:24,Camera 1,fire,0.27
2026-07-06,16:46:30,Camera 1,fire,0.26
2026-07-06,16:46:31,Camera 1,fire,0.32
2026-07-06,16:47:03,Camera 1,smoke,0.31
2026-07-06,16:47:17,Camera 1,smoke,0.29
2026-07-06,16:47:26,Camera 3,fire,0.26
2026-07-06,16:47:58,Camera 1,smoke,0.30
2026-07-06,16:48:41,Camera 1,smoke,0.28
2026-07-06,16:48:42,Camera 1,smoke,0.31
2026-07-06,16:48:43,Camera 1,smoke,0.35
2026-07-06,16:48:44,Camera 1,smoke,0.29
2026-07-06,16:48:45,Camera 2,smoke,0.27
2026-07-06,16:48:45,Camera 1,smoke,0.25
2026-07-06,16:48:46,Camera 2,smoke,0.25
2026-07-06,16:48:53,Camera 1,fire,0.28
2026-07-06,16:48:59,Camera 2,smoke,0.27
2026-07-06,16:49:00,Camera 2,smoke,0.28
2026-07-06,16:49:02,Camera 2,smoke,0.25
2026-07-06,16:49:04,Camera 3,fire,0.33
2026-07-06,16:49:09,Camera 2,smoke,0.25
2026-07-06,16:49:10,Camera 2,smoke,0.27
2026-07-06,16:49:16,Camera 1,smoke,0.26
2026-07-06,16:49:21,Camera 2,smoke,0.26
2026-07-06,16:49:23,Camera 1,smoke,0.40
2026-07-06,16:49:24,Camera 2,smoke,0.25
2026-07-06,16:49:36,Camera 1,smoke,0.33
2026-07-06,16:49:49,Camera 1,smoke,0.27
2026-07-06,16:49:57,Camera 2,smoke,0.25
2026-07-06,16:49:58,Camera 2,smoke,0.25
2026-07-06,16:50:07,Camera 1,smoke,0.35
2026-07-06,16:50:10,Camera 1,smoke,0.29
2026-07-06,16:50:19,Camera 2,smoke,0.25
2026-07-06,16:50:21,Camera 2,smoke,0.25
2026-07-06,16:50:35,Camera 2,smoke,0.25
2026-07-06,16:50:39,Camera 1,fire,0.27
2026-07-06,16:50:47,Camera 1,fire,0.27
2026-07-06,16:50:50,Camera 2,smoke,0.25
2026-07-06,16:50:53,Camera 3,fire,0.30
2026-07-06,16:50:54,Camera 3,fire,0.32
2026-07-06,16:50:56,Camera 3,fire,0.28
2026-07-06,16:50:57,Camera 3,fire,0.25
2026-07-06,16:50:57,Camera 2,smoke,0.25
2026-07-06,16:51:34,Camera 2,smoke,0.25
2026-07-06,16:51:38,Camera 1,fire,0.26
2026-07-06,16:51:48,Camera 1,fire,0.26
2026-07-06,16:51:51,Camera 1,fire,0.26
2026-07-06,16:51:52,Camera 3,fire,0.27
2026-07-06,16:51:53,Camera 2,smoke,0.26
2026-07-06,16:51:54,Camera 3,fire,0.26
2026-07-06,16:52:11,Camera 2,smoke,0.26
2026-07-06,16:52:13,Camera 2,smoke,0.25
2026-07-06,16:52:21,Camera 2,smoke,0.26
2026-07-06,16:52:22,Camera 2,smoke,0.26
2026-07-06,16:52:41,Camera 3,fire,0.38
2026-07-06,16:52:43,Camera 2,smoke,0.26
2026-07-06,16:52:44,Camera 2,smoke,0.25
2026-07-06,16:53:07,Camera 3,fire,0.28
2026-07-06,16:53:08,Camera 3,fire,0.34
2026-07-06,16:53:09,Camera 2,smoke,0.25
2026-07-06,16:53:10,Camera 1,fire,0.25
2026-07-06,16:53:11,Camera 2,smoke,0.25
2026-07-07,10:36:43,Camera 3,fire,0.37
2026-07-07,10:36:43,Camera 3,fire,0.29
2026-07-07,10:36:44,Camera 3,fire,0.27
2026-07-07,10:36:46,Camera 3,fire,0.29
2026-07-07,10:36:47,Camera 3,fire,0.30
2026-07-07,10:36:51,Camera 3,fire,0.26
2026-07-07,10:36:52,Camera 3,fire,0.31
2026-07-07,10:36:53,Camera 3,fire,0.40
2026-07-07,10:36:54,Camera 3,fire,0.36
2026-07-07,10:37:03,Camera 3,fire,0.27
2026-07-07,10:37:04,Camera 3,fire,0.34
2026-07-07,10:37:05,Camera 3,fire,0.49
2026-07-07,10:37:09,Camera 3,fire,0.25
2026-07-07,10:37:14,Camera 3,fire,0.25
2026-07-07,10:37:15,Camera 3,fire,0.28
2026-07-07,10:37:16,Camera 3,fire,0.30
2026-07-07,10:37:18,Camera 3,fire,0.26
2026-07-07,10:37:19,Camera 3,fire,0.27
2026-07-07,10:37:20,Camera 3,fire,0.25
2026-07-07,10:37:22,Camera 3,fire,0.28
2026-07-07,10:37:23,Camera 3,fire,0.30
2026-07-07,10:37:24,Camera 3,fire,0.67
2026-07-07,10:37:25,Camera 3,fire,0.49
2026-07-07,10:37:26,Camera 3,fire,0.55
2026-07-07,10:37:27,Camera 3,fire,0.43
2026-07-07,10:37:28,Camera 3,fire,0.34
2026-07-07,10:37:29,Camera 3,fire,0.32
2026-07-07,10:37:30,Camera 3,fire,0.31
2026-07-07,10:37:32,Camera 3,fire,0.30
2026-07-07,10:37:33,Camera 3,fire,0.29
2026-07-07,10:37:34,Camera 3,fire,0.30
2026-07-07,10:37:35,Camera 3,fire,0.44
2026-07-07,10:37:36,Camera 3,fire,0.43
2026-07-07,10:37:38,Camera 3,fire,0.25
2026-07-07,10:37:39,Camera 3,fire,0.27
2026-07-07,10:37:43,Camera 3,fire,0.27
2026-07-07,10:37:44,Camera 3,fire,0.25
2026-07-07,10:37:45,Camera 3,fire,0.25
2026-07-07,10:37:47,Camera 3,fire,0.43
2026-07-07,10:37:48,Camera 3,fire,0.27
2026-07-07,10:37:49,Camera 3,fire,0.32
2026-07-07,10:39:12,Camera 3,fire,0.29
2026-07-07,10:39:13,Camera 3,fire,0.26
2026-07-07,10:39:14,Camera 3,fire,0.28
2026-07-07,10:39:16,Camera 3,fire,0.30
2026-07-07,10:39:17,Camera 3,fire,0.27
2026-07-07,10:39:18,Camera 3,fire,0.37
2026-07-07,10:39:19,Camera 3,fire,0.31
2026-07-07,10:39:20,Camera 3,fire,0.34
2026-07-07,10:39:21,Camera 3,fire,0.34
2026-07-07,10:39:22,Camera 3,fire,0.26
2026-07-07,10:39:23,Camera 3,fire,0.27
2026-07-07,10:39:24,Camera 3,fire,0.33
2026-07-07,10:39:26,Camera 3,fire,0.26
2026-07-07,10:39:28,Camera 3,fire,0.26
2026-07-07,10:39:29,Camera 3,fire,0.32
2026-07-07,10:39:30,Camera 3,fire,0.37
2026-07-07,10:39:31,Camera 3,fire,0.28
2026-07-07,10:39:32,Camera 3,fire,0.31
2026-07-07,10:39:33,Camera 3,fire,0.40
2026-07-07,10:39:38,Camera 3,fire,0.25
2026-07-07,10:39:39,Camera 3,fire,0.38
2026-07-07,10:39:40,Camera 3,fire,0.31
2026-07-07,10:39:41,Camera 3,fire,0.42
2026-07-07,10:39:42,Camera 3,fire,0.38
2026-07-07,10:39:43,Camera 3,fire,0.27
2026-07-07,10:39:44,Camera 3,fire,0.29
2026-07-07,10:39:46,Camera 3,fire,0.44
2026-07-07,10:39:47,Camera 3,fire,0.30
2026-07-07,10:39:48,Camera 3,fire,0.38
2026-07-07,10:39:49,Camera 3,fire,0.40
2026-07-07,10:39:50,Camera 3,fire,0.33
2026-07-07,10:39:51,Camera 3,fire,0.35
2026-07-07,10:39:52,Camera 3,fire,0.30
2026-07-07,10:39:53,Camera 3,fire,0.31
2026-07-07,10:39:54,Camera 3,fire,0.31
2026-07-07,10:39:55,Camera 3,fire,0.35
2026-07-07,10:39:56,Camera 3,fire,0.46
2026-07-07,10:39:57,Camera 3,fire,0.59
2026-07-07,10:39:58,Camera 3,fire,0.28
2026-07-07,10:39:59,Camera 3,fire,0.39
2026-07-07,10:40:00,Camera 3,fire,0.39
2026-07-07,10:40:01,Camera 3,fire,0.38
2026-07-07,10:40:02,Camera 3,fire,0.33
2026-07-07,10:40:03,Camera 3,fire,0.30
2026-07-07,10:40:05,Camera 3,fire,0.31
2026-07-07,10:40:06,Camera 3,fire,0.40
2026-07-07,10:40:07,Camera 3,fire,0.38
2026-07-07,10:40:08,Camera 3,fire,0.38
2026-07-07,10:40:09,Camera 3,fire,0.33
2026-07-07,10:40:10,Camera 3,fire,0.32
2026-07-07,10:40:11,Camera 3,fire,0.35
2026-07-07,10:40:12,Camera 3,fire,0.39
2026-07-07,10:40:13,Camera 3,fire,0.39
2026-07-07,10:40:14,Camera 3,fire,0.39
2026-07-07,10:40:15,Camera 3,fire,0.41
2026-07-07,10:40:16,Camera 3,fire,0.28
2026-07-07,10:40:18,Camera 3,fire,0.34
2026-07-07,10:40:19,Camera 3,fire,0.32
2026-07-07,10:40:20,Camera 3,fire,0.35
2026-07-07,10:40:21,Camera 3,fire,0.30
2026-07-07,10:40:22,Camera 3,fire,0.33
2026-07-07,10:40:23,Camera 3,fire,0.26
2026-07-07,10:40:24,Camera 3,fire,0.25
2026-07-07,10:40:26,Camera 3,fire,0.28
2026-07-07,10:40:27,Camera 3,fire,0.26
2026-07-07,10:40:28,Camera 3,fire,0.34
2026-07-07,10:40:29,Camera 3,fire,0.26
2026-07-07,10:40:30,Camera 3,fire,0.30
2026-07-07,10:40:31,Camera 3,fire,0.33
2026-07-07,10:40:33,Camera 3,fire,0.36
2026-07-07,10:40:34,Camera 3,fire,0.31
2026-07-07,10:40:35,Camera 3,fire,0.35
2026-07-07,10:40:36,Camera 3,fire,0.26
2026-07-07,10:40:37,Camera 3,fire,0.29
2026-07-07,10:40:38,Camera 3,fire,0.27
2026-07-07,10:40:39,Camera 3,fire,0.27
2026-07-07,10:40:40,Camera 3,fire,0.25
2026-07-07,10:40:41,Camera 3,fire,0.25
2026-07-07,10:40:42,Camera 3,fire,0.31
2026-07-07,10:40:43,Camera 3,fire,0.30
2026-07-07,10:40:44,Camera 3,fire,0.26
2026-07-07,10:40:45,Camera 3,fire,0.25
2026-07-07,10:40:48,Camera 3,fire,0.26
2026-07-07,10:40:49,Camera 3,fire,0.27
2026-07-07,10:40:50,Camera 3,fire,0.26
2026-07-07,10:40:52,Camera 3,fire,0.25
2026-07-07,10:40:53,Camera 3,fire,0.34
2026-07-07,10:40:54,Camera 3,fire,0.27
2026-07-07,10:40:55,Camera 3,fire,0.31
2026-07-07,10:40:56,Camera 3,fire,0.32
2026-07-07,10:40:57,Camera 3,fire,0.28
2026-07-07,10:40:58,Camera 3,fire,0.30
2026-07-07,10:40:59,Camera 3,fire,0.27
2026-07-07,10:41:00,Camera 3,fire,0.34
2026-07-07,10:41:01,Camera 3,fire,0.39
2026-07-07,10:41:02,Camera 3,fire,0.39
2026-07-07,10:41:03,Camera 3,fire,0.36
2026-07-07,10:41:04,Camera 3,fire,0.33
2026-07-07,10:41:05,Camera 3,fire,0.29
2026-07-07,10:41:07,Camera 3,fire,0.27
2026-07-07,10:41:08,Camera 3,fire,0.29
2026-07-07,10:41:09,Camera 3,fire,0.38
2026-07-07,10:41:10,Camera 3,fire,0.49
2026-07-07,10:41:11,Camera 3,fire,0.32
2026-07-07,10:41:12,Camera 3,fire,0.47
2026-07-07,10:41:13,Camera 3,fire,0.47
2026-07-07,10:41:14,Camera 3,fire,0.45
2026-07-07,10:41:15,Camera 3,fire,0.41
2026-07-07,10:41:16,Camera 3,fire,0.41
2026-07-07,10:41:17,Camera 3,fire,0.39
2026-07-07,10:41:18,Camera 3,fire,0.40
2026-07-07,10:41:19,Camera 3,fire,0.32
2026-07-07,10:41:20,Camera 3,fire,0.44
2026-07-07,10:41:22,Camera 3,fire,0.44
2026-07-07,10:41:23,Camera 3,fire,0.41
2026-07-07,10:41:24,Camera 3,fire,0.42
2026-07-07,10:41:25,Camera 3,fire,0.43
2026-07-07,10:41:26,Camera 3,fire,0.40
2026-07-07,10:41:27,Camera 3,fire,0.52
2026-07-07,10:41:28,Camera 3,fire,0.47
2026-07-07,10:41:29,Camera 3,fire,0.48
2026-07-07,10:41:30,Camera 3,fire,0.46
2026-07-07,10:41:31,Camera 3,fire,0.40
2026-07-07,10:41:32,Camera 3,fire,0.38
2026-07-07,10:41:33,Camera 3,fire,0.41
2026-07-07,10:41:34,Camera 3,fire,0.46
2026-07-07,10:41:35,Camera 3,fire,0.36
2026-07-07,10:41:36,Camera 3,fire,0.39
2026-07-07,10:41:37,Camera 3,fire,0.37
2026-07-07,10:41:38,Camera 3,fire,0.43
2026-07-07,10:41:40,Camera 3,fire,0.29
2026-07-07,10:41:41,Camera 3,fire,0.31
2026-07-07,10:41:42,Camera 3,fire,0.31
2026-07-07,10:41:43,Camera 3,fire,0.34
2026-07-07,10:41:44,Camera 3,fire,0.43
2026-07-07,10:41:45,Camera 3,fire,0.30
2026-07-07,10:41:46,Camera 3,fire,0.38
2026-07-07,10:41:47,Camera 3,fire,0.39
2026-07-07,10:41:48,Camera 3,fire,0.38
2026-07-07,10:41:49,Camera 3,fire,0.37
2026-07-07,10:41:50,Camera 3,fire,0.34
2026-07-07,10:41:51,Camera 3,fire,0.36
2026-07-07,10:41:52,Camera 3,fire,0.37
2026-07-07,10:41:53,Camera 3,fire,0.33
2026-07-07,10:41:54,Camera 3,fire,0.36
2026-07-07,10:41:55,Camera 3,fire,0.32
2026-07-07,10:41:56,Camera 3,fire,0.31
2026-07-07,10:41:58,Camera 3,fire,0.39
2026-07-07,10:41:59,Camera 3,fire,0.36
2026-07-07,10:42:00,Camera 3,fire,0.40
2026-07-07,10:42:01,Camera 3,fire,0.29
2026-07-07,10:42:02,Camera 3,fire,0.30
2026-07-07,10:42:03,Camera 3,fire,0.31
2026-07-07,10:42:04,Camera 3,fire,0.33
2026-07-07,10:42:05,Camera 3,fire,0.26
2026-07-07,10:42:06,Camera 3,fire,0.30
2026-07-07,10:42:07,Camera 3,fire,0.33
2026-07-07,10:42:08,Camera 3,fire,0.33
2026-07-07,10:42:09,Camera 3,fire,0.36
2026-07-07,10:42:10,Camera 3,fire,0.34
2026-07-07,10:42:11,Camera 3,fire,0.26
2026-07-07,10:42:13,Camera 3,fire,0.26
2026-07-07,10:42:14,Camera 3,fire,0.27
2026-07-07,10:42:15,Camera 3,fire,0.26
2026-07-07,10:42:16,Camera 3,fire,0.26
2026-07-07,10:42:18,Camera 3,fire,0.28
2026-07-07,10:42:25,Camera 3,fire,0.48
2026-07-07,10:42:26,Camera 3,fire,0.33
2026-07-07,10:42:28,Camera 3,fire,0.42
2026-07-07,10:42:29,Camera 3,fire,0.38
2026-07-07,10:42:31,Camera 3,fire,0.25
2026-07-07,10:42:32,Camera 3,fire,0.35
2026-07-07,10:42:34,Camera 3,fire,0.27
2026-07-07,10:42:35,Camera 3,fire,0.36
2026-07-07,10:42:36,Camera 3,fire,0.33
2026-07-07,10:42:37,Camera 3,fire,0.38
2026-07-07,10:42:38,Camera 3,fire,0.25
2026-07-07,10:42:39,Camera 3,fire,0.28
2026-07-07,10:42:40,Camera 3,fire,0.38
2026-07-07,10:42:41,Camera 3,fire,0.36
2026-07-07,10:42:42,Camera 3,fire,0.45
2026-07-07,10:42:43,Camera 3,fire,0.48
2026-07-07,10:42:44,Camera 3,fire,0.51
2026-07-07,10:42:45,Camera 3,fire,0.50
2026-07-07,10:42:46,Camera 3,fire,0.34
2026-07-07,10:42:47,Camera 3,fire,0.42
2026-07-07,10:42:48,Camera 3,fire,0.26
2026-07-07,10:42:49,Camera 3,fire,0.26
2026-07-07,10:42:50,Camera 3,fire,0.36
2026-07-07,10:42:51,Camera 3,fire,0.42
2026-07-07,10:42:53,Camera 3,fire,0.43
2026-07-07,10:42:54,Camera 3,fire,0.41
2026-07-07,10:42:55,Camera 3,fire,0.42
2026-07-07,10:42:56,Camera 3,fire,0.46
2026-07-07,10:42:57,Camera 3,fire,0.47
2026-07-07,10:42:58,Camera 3,fire,0.40
2026-07-07,10:42:59,Camera 3,fire,0.37
2026-07-07,10:43:00,Camera 3,fire,0.39
2026-07-07,10:43:01,Camera 3,fire,0.38
2026-07-07,10:43:02,Camera 3,fire,0.28
2026-07-07,10:43:03,Camera 3,fire,0.28
2026-07-07,10:43:04,Camera 3,fire,0.29
2026-07-07,10:43:05,Camera 3,fire,0.36
2026-07-07,10:43:06,Camera 3,fire,0.30
2026-07-07,10:43:07,Camera 3,fire,0.27
2026-07-07,10:43:08,Camera 3,fire,0.39
2026-07-07,10:43:09,Camera 3,fire,0.61
2026-07-07,10:43:11,Camera 3,fire,0.37
2026-07-07,10:43:12,Camera 3,fire,0.37
2026-07-07,10:43:13,Camera 3,fire,0.47
2026-07-07,10:43:14,Camera 3,fire,0.48
2026-07-07,10:43:16,Camera 3,fire,0.31
2026-07-07,10:43:20,Camera 3,fire,0.25
2026-07-07,10:43:21,Camera 3,fire,0.47
2026-07-07,10:43:23,Camera 3,fire,0.28
2026-07-07,10:43:24,Camera 3,fire,0.31
2026-07-07,10:43:25,Camera 3,fire,0.32
2026-07-07,10:43:26,Camera 3,fire,0.35
2026-07-07,10:43:28,Camera 3,fire,0.36
2026-07-07,10:43:29,Camera 3,fire,0.34
2026-07-07,10:43:30,Camera 3,fire,0.30
2026-07-07,10:43:31,Camera 3,fire,0.34
2026-07-07,10:43:33,Camera 3,fire,0.27
2026-07-07,10:43:35,Camera 3,fire,0.33
2026-07-07,10:43:37,Camera 3,fire,0.27
2026-07-07,10:43:38,Camera 3,fire,0.31
2026-07-07,10:43:39,Camera 3,fire,0.34
2026-07-07,10:43:40,Camera 3,fire,0.27
2026-07-07,10:43:41,Camera 3,fire,0.42
2026-07-07,10:43:42,Camera 3,fire,0.43
2026-07-07,10:43:43,Camera 3,fire,0.36
2026-07-07,10:43:44,Camera 3,fire,0.41
2026-07-07,10:43:45,Camera 3,fire,0.40
2026-07-07,10:43:46,Camera 3,fire,0.44
2026-07-07,10:43:47,Camera 3,fire,0.41
2026-07-07,10:43:48,Camera 3,fire,0.43
2026-07-07,10:43:49,Camera 3,fire,0.42
2026-07-07,10:43:50,Camera 3,fire,0.44
2026-07-07,10:43:51,Camera 3,fire,0.40
2026-07-07,10:43:53,Camera 3,fire,0.39
2026-07-07,10:43:54,Camera 3,fire,0.30
2026-07-07,10:43:55,Camera 3,fire,0.25
2026-07-07,10:43:56,Camera 3,fire,0.26
2026-07-07,10:43:57,Camera 3,fire,0.37
2026-07-07,10:43:58,Camera 3,fire,0.34
2026-07-07,10:43:59,Camera 3,fire,0.26
2026-07-07,10:44:00,Camera 3,fire,0.30
2026-07-07,10:44:01,Camera 3,fire,0.29
2026-07-07,10:44:03,Camera 3,fire,0.27
2026-07-07,10:44:04,Camera 3,fire,0.37
2026-07-07,10:44:05,Camera 3,fire,0.34
2026-07-07,10:44:06,Camera 3,fire,0.37
2026-07-07,10:44:07,Camera 3,fire,0.34
2026-07-07,10:44:08,Camera 3,fire,0.38
2026-07-07,10:44:09,Camera 3,fire,0.37
2026-07-07,10:44:10,Camera 3,fire,0.31
2026-07-07,10:44:11,Camera 3,fire,0.33
2026-07-07,10:44:12,Camera 3,fire,0.29
2026-07-07,10:44:13,Camera 3,fire,0.32
2026-07-07,10:44:14,Camera 3,fire,0.26
2026-07-07,10:44:17,Camera 3,fire,0.26
2026-07-07,10:44:18,Camera 3,fire,0.47
2026-07-07,10:44:19,Camera 3,fire,0.46
2026-07-07,10:44:20,Camera 3,fire,0.51
2026-07-07,10:44:21,Camera 3,fire,0.27
2026-07-07,10:44:25,Camera 3,fire,0.26
2026-07-07,10:44:26,Camera 3,fire,0.27
2026-07-07,10:44:27,Camera 3,fire,0.27
2026-07-07,10:44:28,Camera 3,fire,0.46
2026-07-07,10:44:29,Camera 3,fire,0.42
2026-07-07,10:44:30,Camera 3,fire,0.43
2026-07-07,10:44:31,Camera 3,fire,0.50
2026-07-07,10:44:33,Camera 3,fire,0.27
2026-07-07,10:44:34,Camera 3,fire,0.42
2026-07-07,10:44:35,Camera 3,fire,0.44
2026-07-07,10:44:36,Camera 3,fire,0.30
2026-07-07,10:44:37,Camera 3,fire,0.32
2026-07-07,10:44:38,Camera 3,fire,0.26
2026-07-07,10:44:39,Camera 3,fire,0.29
2026-07-07,10:44:40,Camera 3,fire,0.37
2026-07-07,10:44:41,Camera 3,fire,0.27
2026-07-07,10:44:43,Camera 3,fire,0.25
2026-07-07,10:44:44,Camera 3,fire,0.28
2026-07-07,10:44:45,Camera 3,fire,0.27
2026-07-07,10:44:46,Camera 3,fire,0.35
2026-07-07,10:44:47,Camera 3,fire,0.35
2026-07-07,10:44:48,Camera 3,fire,0.27
2026-07-07,10:44:49,Camera 3,fire,0.25
2026-07-07,10:44:50,Camera 3,fire,0.29
2026-07-07,10:44:51,Camera 3,fire,0.31
2026-07-07,10:44:52,Camera 3,fire,0.32
2026-07-07,10:44:53,Camera 3,fire,0.29
2026-07-07,10:44:55,Camera 3,fire,0.27
2026-07-07,10:44:55,Camera 1,smoke,0.26
2026-07-07,10:44:56,Camera 3,fire,0.25
2026-07-07,10:44:57,Camera 3,fire,0.36
2026-07-07,10:44:58,Camera 3,fire,0.28
2026-07-07,10:45:05,Camera 3,fire,0.28
2026-07-07,10:45:08,Camera 3,fire,0.30
2026-07-07,10:45:09,Camera 3,fire,0.32
2026-07-07,10:45:10,Camera 3,fire,0.26
2026-07-07,10:45:11,Camera 3,fire,0.26
2026-07-07,10:45:12,Camera 3,fire,0.26
2026-07-07,10:45:14,Camera 3,fire,0.27
2026-07-07,10:45:16,Camera 3,fire,0.28
2026-07-07,10:45:17,Camera 3,fire,0.27
2026-07-07,10:45:20,Camera 3,fire,0.28
2026-07-07,10:45:21,Camera 3,fire,0.28
2026-07-07,10:45:22,Camera 3,fire,0.26
2026-07-07,10:45:23,Camera 3,fire,0.26
2026-07-07,10:45:25,Camera 3,fire,0.30
2026-07-07,10:45:26,Camera 3,fire,0.27
2026-07-07,10:45:27,Camera 3,fire,0.33
2026-07-07,10:45:28,Camera 3,fire,0.34
2026-07-07,10:45:29,Camera 3,fire,0.32
2026-07-07,10:45:30,Camera 3,fire,0.44
2026-07-07,10:45:31,Camera 3,fire,0.32
2026-07-07,10:45:32,Camera 3,fire,0.28
2026-07-07,10:45:33,Camera 3,fire,0.25
2026-07-07,10:45:34,Camera 3,fire,0.25
2026-07-07,10:45:35,Camera 3,fire,0.42
2026-07-07,10:45:36,Camera 3,fire,0.42
2026-07-07,10:45:37,Camera 3,fire,0.52
2026-07-07,10:45:38,Camera 3,fire,0.36
2026-07-07,10:45:39,Camera 3,fire,0.29
2026-07-07,10:45:40,Camera 3,fire,0.29
2026-07-07,10:45:41,Camera 3,fire,0.32
2026-07-07,10:45:43,Camera 3,fire,0.33
2026-07-07,10:45:44,Camera 3,fire,0.27
2026-07-07,10:45:45,Camera 3,fire,0.36
2026-07-07,10:45:46,Camera 3,fire,0.43
2026-07-07,10:45:47,Camera 3,fire,0.43
2026-07-07,10:45:48,Camera 3,fire,0.32
2026-07-07,10:45:49,Camera 3,fire,0.32
2026-07-07,10:45:50,Camera 3,fire,0.33
2026-07-07,10:45:51,Camera 3,fire,0.32
2026-07-07,10:45:52,Camera 3,fire,0.33
2026-07-07,10:45:53,Camera 3,fire,0.34
2026-07-07,10:45:54,Camera 3,fire,0.30
2026-07-07,10:45:55,Camera 3,fire,0.35
2026-07-07,10:45:56,Camera 3,fire,0.37
2026-07-07,10:45:57,Camera 3,fire,0.38
2026-07-07,10:45:58,Camera 3,fire,0.36
2026-07-07,10:45:59,Camera 3,fire,0.29
2026-07-07,10:46:00,Camera 3,fire,0.27
2026-07-07,10:46:01,Camera 3,fire,0.33
2026-07-07,10:46:02,Camera 3,fire,0.26
2026-07-07,10:46:04,Camera 3,fire,0.26
2026-07-07,10:46:05,Camera 3,fire,0.25
2026-07-07,10:46:06,Camera 3,fire,0.29
2026-07-07,10:46:07,Camera 3,fire,0.31
2026-07-07,10:46:09,Camera 3,fire,0.27
2026-07-07,10:46:10,Camera 3,fire,0.29
2026-07-07,10:46:11,Camera 3,fire,0.25
2026-07-07,10:46:12,Camera 3,fire,0.27
2026-07-07,10:46:14,Camera 3,fire,0.26
2026-07-07,10:46:15,Camera 3,fire,0.35
2026-07-07,10:46:16,Camera 3,fire,0.39
2026-07-07,10:46:17,Camera 3,fire,0.26
2026-07-07,10:46:19,Camera 3,fire,0.29
2026-07-07,10:46:39,Camera 3,fire,0.26
2026-07-07,10:46:46,Camera 3,fire,0.29
2026-07-07,10:46:50,Camera 3,fire,0.25
2026-07-07,10:46:54,Camera 3,fire,0.26
2026-07-07,10:46:55,Camera 3,fire,0.55
2026-07-07,10:46:59,Camera 3,fire,0.26
2026-07-07,10:47:03,Camera 3,fire,0.26
2026-07-07,10:47:05,Camera 3,fire,0.27
2026-07-07,10:47:06,Camera 3,fire,0.34
2026-07-07,10:47:07,Camera 3,fire,0.30
2026-07-07,10:47:09,Camera 3,fire,0.28
2026-07-07,10:47:10,Camera 3,fire,0.38
2026-07-07,10:47:17,Camera 3,fire,0.42
2026-07-07,10:47:28,Camera 3,fire,0.27
2026-07-07,10:47:29,Camera 3,fire,0.28
2026-07-07,10:47:31,Camera 3,fire,0.26
2026-07-07,10:47:32,Camera 3,fire,0.39
2026-07-07,10:47:33,Camera 3,fire,0.31
2026-07-07,10:47:34,Camera 3,fire,0.27
2026-07-07,10:47:36,Camera 3,fire,0.26
2026-07-07,10:47:39,Camera 3,fire,0.33
2026-07-07,10:47:48,Camera 3,fire,0.25
2026-07-07,10:48:54,Camera 3,fire,0.27
2026-07-07,10:48:55,Camera 3,fire,0.27
2026-07-07,10:48:59,Camera 3,fire,0.28
2026-07-07,10:49:00,Camera 3,fire,0.27
2026-07-07,10:49:01,Camera 3,fire,0.26
2026-07-07,10:49:03,Camera 3,fire,0.31
2026-07-07,10:49:04,Camera 3,fire,0.30
2026-07-07,10:49:06,Camera 3,fire,0.28
2026-07-07,10:49:07,Camera 3,fire,0.30
2026-07-07,10:49:09,Camera 3,fire,0.28
2026-07-07,10:49:10,Camera 3,fire,0.29
2026-07-07,10:49:12,Camera 3,fire,0.30
2026-07-07,10:49:13,Camera 3,fire,0.40
2026-07-07,10:49:14,Camera 3,fire,0.38
2026-07-07,10:49:15,Camera 3,fire,0.41
2026-07-07,10:49:16,Camera 3,fire,0.38
2026-07-07,10:49:17,Camera 3,fire,0.44
2026-07-07,10:49:18,Camera 3,fire,0.47
2026-07-07,10:49:19,Camera 3,fire,0.48
2026-07-07,10:49:20,Camera 3,fire,0.46
2026-07-07,10:49:21,Camera 3,fire,0.49
2026-07-07,10:49:22,Camera 3,fire,0.48
2026-07-07,10:49:23,Camera 3,fire,0.43
2026-07-07,10:49:24,Camera 3,fire,0.45
2026-07-07,10:49:25,Camera 3,fire,0.43
2026-07-07,10:49:26,Camera 3,fire,0.37
2026-07-07,10:49:27,Camera 3,fire,0.42
2026-07-07,10:49:28,Camera 3,fire,0.38
2026-07-07,10:49:29,Camera 3,fire,0.33
2026-07-07,10:49:31,Camera 3,fire,0.30
2026-07-07,10:49:33,Camera 3,fire,0.42
2026-07-07,10:49:34,Camera 3,fire,0.50
2026-07-07,10:49:35,Camera 3,fire,0.46
2026-07-07,10:49:36,Camera 3,fire,0.38
2026-07-07,10:49:37,Camera 3,fire,0.48
2026-07-07,10:49:38,Camera 3,fire,0.43
2026-07-07,10:49:39,Camera 3,fire,0.41
2026-07-07,10:49:40,Camera 3,fire,0.43
2026-07-07,10:49:41,Camera 3,fire,0.43
2026-07-07,10:49:42,Camera 3,fire,0.43
2026-07-07,10:49:43,Camera 3,fire,0.43
2026-07-07,10:49:44,Camera 3,fire,0.39
2026-07-07,10:49:45,Camera 3,fire,0.41
2026-07-07,10:49:46,Camera 3,fire,0.45
2026-07-07,10:49:47,Camera 3,fire,0.43
2026-07-07,10:49:48,Camera 3,fire,0.43
2026-07-07,10:49:49,Camera 3,fire,0.44
2026-07-07,10:49:50,Camera 3,fire,0.37
2026-07-07,10:49:51,Camera 3,fire,0.27
2026-07-07,10:49:53,Camera 3,fire,0.34
2026-07-07,10:49:59,Camera 3,fire,0.35
2026-07-07,10:50:12,Camera 3,fire,0.25
2026-07-07,10:50:13,Camera 3,fire,0.29
2026-07-07,10:50:17,Camera 3,fire,0.27
2026-07-07,10:50:18,Camera 3,fire,0.30
2026-07-07,10:50:19,Camera 3,fire,0.41
2026-07-07,10:50:20,Camera 3,fire,0.28
2026-07-07,10:50:21,Camera 3,fire,0.29
2026-07-07,10:50:22,Camera 3,fire,0.37
2026-07-07,10:50:23,Camera 3,fire,0.42
2026-07-07,10:50:24,Camera 3,fire,0.40
2026-07-07,10:50:26,Camera 3,fire,0.36
2026-07-07,10:50:27,Camera 3,fire,0.36
2026-07-07,10:50:28,Camera 3,fire,0.38
2026-07-07,10:50:29,Camera 3,fire,0.43
2026-07-07,10:50:30,Camera 3,fire,0.37
2026-07-07,10:50:31,Camera 3,fire,0.35
2026-07-07,10:50:32,Camera 3,fire,0.40
2026-07-07,10:50:33,Camera 3,fire,0.34
2026-07-07,10:50:34,Camera 3,fire,0.32
2026-07-07,10:50:35,Camera 3,fire,0.37
2026-07-07,10:50:36,Camera 3,fire,0.30
2026-07-07,10:50:37,Camera 3,fire,0.29
2026-07-07,10:50:38,Camera 3,fire,0.29
2026-07-07,10:50:39,Camera 3,fire,0.25
2026-07-07,10:50:40,Camera 3,fire,0.26
2026-07-07,10:50:41,Camera 3,fire,0.27
2026-07-07,10:50:42,Camera 3,fire,0.25
2026-07-07,10:50:44,Camera 3,fire,0.26
2026-07-07,10:50:45,Camera 3,fire,0.27
2026-07-07,10:50:46,Camera 3,fire,0.26
2026-07-07,10:50:47,Camera 3,fire,0.25
2026-07-07,10:50:48,Camera 3,fire,0.29
2026-07-07,10:50:49,Camera 3,fire,0.27
2026-07-07,10:50:50,Camera 3,fire,0.28
2026-07-07,10:50:51,Camera 3,fire,0.28
2026-07-07,10:50:52,Camera 3,fire,0.30
2026-07-07,10:51:18,Camera 3,fire,0.26
2026-07-07,10:51:20,Camera 3,fire,0.28
2026-07-07,11:24:53,Camera 3,fire,0.33
2026-07-07,11:24:54,Camera 3,fire,0.48
2026-07-07,11:24:55,Camera 3,fire,0.26
2026-07-07,11:24:56,Camera 3,fire,0.26
2026-07-07,11:24:57,Camera 3,fire,0.36
2026-07-07,11:24:58,Camera 3,fire,0.28
2026-07-07,11:24:59,Camera 3,fire,0.32
2026-07-07,11:25:00,Camera 3,fire,0.33
2026-07-07,11:25:01,Camera 3,fire,0.34
2026-07-07,11:25:02,Camera 3,fire,0.38
2026-07-07,11:25:03,Camera 3,fire,0.28
2026-07-07,11:25:04,Camera 3,fire,0.35
2026-07-07,11:25:05,Camera 3,fire,0.32
2026-07-07,11:25:06,Camera 3,fire,0.34
2026-07-07,11:25:07,Camera 3,fire,0.33
2026-07-07,11:25:08,Camera 3,fire,0.30
2026-07-07,11:25:10,Camera 3,fire,0.31
2026-07-07,11:25:11,Camera 3,fire,0.35
2026-07-07,11:25:12,Camera 3,fire,0.36
2026-07-07,11:25:13,Camera 3,fire,0.33
2026-07-07,11:25:14,Camera 3,fire,0.34
2026-07-07,11:25:15,Camera 3,fire,0.32
2026-07-07,11:25:16,Camera 3,fire,0.37
2026-07-07,11:25:17,Camera 3,fire,0.36
2026-07-07,11:25:18,Camera 3,fire,0.35
2026-07-07,11:25:19,Camera 3,fire,0.29
2026-07-07,11:25:20,Camera 3,fire,0.35
2026-07-07,11:25:21,Camera 3,fire,0.36
2026-07-07,11:25:22,Camera 3,fire,0.30
2026-07-07,11:25:23,Camera 3,fire,0.25
2026-07-07,11:25:25,Camera 3,fire,0.25
2026-07-07,11:25:26,Camera 3,fire,0.29
2026-07-07,11:25:27,Camera 3,fire,0.27
2026-07-07,11:25:28,Camera 3,fire,0.26
2026-07-07,11:25:30,Camera 3,fire,0.29
2026-07-07,11:25:32,Camera 3,fire,0.31
2026-07-07,11:25:33,Camera 3,fire,0.29
2026-07-07,11:25:34,Camera 3,fire,0.29
2026-07-07,11:25:35,Camera 3,fire,0.35
2026-07-07,11:25:36,Camera 3,fire,0.36
2026-07-07,11:25:37,Camera 3,fire,0.31
2026-07-07,11:25:38,Camera 3,fire,0.35
2026-07-07,11:25:39,Camera 3,fire,0.36
2026-07-07,11:25:40,Camera 3,fire,0.42
2026-07-07,11:25:41,Camera 3,fire,0.35
2026-07-07,11:25:44,Camera 3,fire,0.26
2026-07-07,11:25:46,Camera 3,fire,0.29
2026-07-07,11:25:48,Camera 3,fire,0.27
2026-07-07,11:25:49,Camera 3,fire,0.35
2026-07-07,11:25:50,Camera 3,fire,0.26
2026-07-07,11:25:52,Camera 3,fire,0.26
2026-07-07,11:25:53,Camera 3,fire,0.30
2026-07-07,11:25:54,Camera 3,fire,0.25
2026-07-07,11:25:56,Camera 3,fire,0.26
2026-07-07,11:25:57,Camera 3,fire,0.25
2026-07-07,11:25:58,Camera 3,fire,0.36
2026-07-07,11:25:59,Camera 3,fire,0.32
2026-07-07,11:26:00,Camera 3,fire,0.30
2026-07-07,11:26:01,Camera 3,fire,0.35
2026-07-07,11:26:02,Camera 3,fire,0.41
2026-07-07,11:26:03,Camera 3,fire,0.31
2026-07-07,11:26:04,Camera 3,fire,0.31
2026-07-07,11:26:05,Camera 3,fire,0.28
2026-07-07,11:26:07,Camera 3,fire,0.29
2026-07-07,11:26:08,Camera 3,fire,0.30
2026-07-07,11:26:09,Camera 3,fire,0.30
2026-07-07,11:26:10,Camera 3,fire,0.30
2026-07-07,11:26:11,Camera 3,fire,0.32
2026-07-07,11:26:12,Camera 3,fire,0.30
2026-07-07,11:26:13,Camera 3,fire,0.27
2026-07-07,11:26:14,Camera 3,fire,0.26
2026-07-07,11:26:15,Camera 3,fire,0.37
2026-07-07,11:26:16,Camera 3,fire,0.36
2026-07-07,11:26:18,Camera 3,fire,0.29
2026-07-07,11:26:20,Camera 3,fire,0.26
2026-07-07,11:26:24,Camera 3,fire,0.26
2026-07-07,11:26:26,Camera 3,fire,0.25
2026-07-07,11:26:27,Camera 3,fire,0.26
2026-07-07,11:26:28,Camera 3,fire,0.32
2026-07-07,11:26:29,Camera 3,fire,0.28
2026-07-07,11:26:30,Camera 3,fire,0.26
2026-07-07,11:26:31,Camera 3,fire,0.25
2026-07-07,11:26:32,Camera 3,fire,0.28
2026-07-07,11:26:33,Camera 3,fire,0.32
2026-07-07,11:26:35,Camera 3,fire,0.30
2026-07-07,11:26:36,Camera 3,fire,0.43
2026-07-07,11:26:37,Camera 3,fire,0.51
2026-07-07,11:26:38,Camera 3,fire,0.56
2026-07-07,11:26:39,Camera 3,fire,0.58
2026-07-07,11:26:40,Camera 3,fire,0.58
2026-07-07,11:26:41,Camera 3,fire,0.51
2026-07-07,11:26:42,Camera 3,fire,0.48
2026-07-07,11:26:43,Camera 3,fire,0.38
2026-07-07,11:26:44,Camera 3,fire,0.48
2026-07-07,11:26:45,Camera 3,fire,0.53
2026-07-07,11:26:46,Camera 3,fire,0.54
2026-07-07,11:26:47,Camera 3,fire,0.52
2026-07-07,11:26:48,Camera 3,fire,0.58
2026-07-07,11:26:49,Camera 3,fire,0.55
2026-07-07,11:26:50,Camera 3,fire,0.47
2026-07-07,11:26:51,Camera 3,fire,0.48
2026-07-07,11:26:52,Camera 3,fire,0.53
2026-07-07,11:26:53,Camera 3,fire,0.52
2026-07-07,11:26:54,Camera 3,fire,0.55
2026-07-07,11:26:55,Camera 3,fire,0.43
2026-07-07,11:26:56,Camera 3,fire,0.42
2026-07-07,11:26:57,Camera 3,fire,0.47
2026-07-07,11:26:58,Camera 3,fire,0.34
2026-07-07,11:27:00,Camera 3,fire,0.32
2026-07-07,11:27:01,Camera 3,fire,0.34
2026-07-07,11:27:02,Camera 3,fire,0.29
2026-07-07,11:27:03,Camera 3,fire,0.30
2026-07-07,11:27:04,Camera 3,fire,0.29
2026-07-07,11:27:05,Camera 3,fire,0.30
2026-07-07,11:27:06,Camera 3,fire,0.31
2026-07-07,11:27:07,Camera 3,fire,0.39
2026-07-07,11:27:08,Camera 3,fire,0.31
2026-07-07,11:27:09,Camera 3,fire,0.32
2026-07-07,11:27:10,Camera 3,fire,0.32
2026-07-07,11:27:11,Camera 3,fire,0.29
2026-07-07,11:27:12,Camera 3,fire,0.36
2026-07-07,11:27:13,Camera 3,fire,0.35
2026-07-07,11:27:14,Camera 3,fire,0.40
2026-07-07,11:27:15,Camera 3,fire,0.39
2026-07-07,11:27:16,Camera 3,fire,0.43
2026-07-07,11:27:17,Camera 3,fire,0.43
2026-07-07,11:27:19,Camera 3,fire,0.53
2026-07-07,11:27:19,Camera 3,fire,0.52
2026-07-07,11:27:21,Camera 3,fire,0.47
2026-07-07,11:27:22,Camera 3,fire,0.51
2026-07-07,11:27:23,Camera 3,fire,0.44
2026-07-07,11:27:24,Camera 3,fire,0.37
2026-07-07,11:27:25,Camera 3,fire,0.49
2026-07-07,11:27:26,Camera 3,fire,0.50
2026-07-07,11:27:27,Camera 3,fire,0.49
2026-07-07,11:27:28,Camera 3,fire,0.49
2026-07-07,11:27:29,Camera 3,fire,0.52
2026-07-07,11:27:30,Camera 3,fire,0.51
2026-07-07,11:27:31,Camera 3,fire,0.39
2026-07-07,11:27:32,Camera 3,fire,0.40
2026-07-07,11:27:33,Camera 3,fire,0.44
2026-07-07,11:27:34,Camera 3,fire,0.46
2026-07-07,11:27:35,Camera 3,fire,0.47
2026-07-07,11:27:36,Camera 3,fire,0.54
2026-07-07,11:27:37,Camera 3,fire,0.45
2026-07-07,11:27:38,Camera 3,fire,0.33
2026-07-07,11:27:39,Camera 3,fire,0.29
2026-07-07,11:27:40,Camera 3,fire,0.28
2026-07-07,11:27:41,Camera 3,fire,0.42
2026-07-07,11:27:42,Camera 3,fire,0.39
2026-07-07,11:27:43,Camera 3,fire,0.43
2026-07-07,11:27:44,Camera 3,fire,0.40
2026-07-07,11:27:45,Camera 3,fire,0.40
2026-07-07,11:27:46,Camera 3,fire,0.48
2026-07-07,11:27:47,Camera 3,fire,0.45
2026-07-07,11:27:48,Camera 3,fire,0.44
2026-07-07,11:27:49,Camera 3,fire,0.41
2026-07-07,11:27:50,Camera 3,fire,0.40
2026-07-07,11:27:51,Camera 3,fire,0.39
2026-07-07,11:27:52,Camera 3,fire,0.28
2026-07-07,11:27:53,Camera 3,fire,0.35
2026-07-07,11:27:54,Camera 3,fire,0.49
2026-07-07,11:27:55,Camera 3,fire,0.47
2026-07-07,11:27:56,Camera 3,fire,0.37
2026-07-07,11:27:57,Camera 3,fire,0.35
2026-07-07,11:27:58,Camera 3,fire,0.43
2026-07-07,11:27:59,Camera 3,fire,0.44
2026-07-07,11:28:00,Camera 3,fire,0.39
2026-07-07,11:28:01,Camera 3,fire,0.41
2026-07-07,11:28:03,Camera 3,fire,0.36
2026-07-07,11:28:04,Camera 3,fire,0.38
2026-07-07,11:28:05,Camera 3,fire,0.45
2026-07-07,11:28:06,Camera 3,fire,0.46
2026-07-07,11:28:07,Camera 3,fire,0.40
2026-07-07,11:28:08,Camera 3,fire,0.40
2026-07-07,11:28:09,Camera 3,fire,0.40
2026-07-07,11:28:10,Camera 3,fire,0.39
2026-07-07,11:28:11,Camera 3,fire,0.47
2026-07-07,11:28:12,Camera 3,fire,0.49
2026-07-07,11:28:13,Camera 3,fire,0.51
2026-07-07,11:28:14,Camera 3,fire,0.45
2026-07-07,11:28:15,Camera 3,fire,0.40
2026-07-07,11:28:16,Camera 3,fire,0.47
2026-07-07,11:28:17,Camera 3,fire,0.39
2026-07-07,11:28:18,Camera 3,fire,0.25
2026-07-07,11:28:19,Camera 3,fire,0.35
2026-07-07,11:28:20,Camera 3,fire,0.36
2026-07-07,11:28:21,Camera 3,fire,0.37
2026-07-07,11:28:22,Camera 3,fire,0.37
2026-07-07,11:28:23,Camera 3,fire,0.38
2026-07-07,11:28:24,Camera 3,fire,0.30
2026-07-07,11:28:25,Camera 3,fire,0.40
2026-07-07,11:28:26,Camera 3,fire,0.37
2026-07-07,11:28:27,Camera 3,fire,0.34
2026-07-07,11:28:29,Camera 3,fire,0.25
2026-07-07,11:28:30,Camera 3,fire,0.37
2026-07-07,11:28:31,Camera 3,fire,0.33
2026-07-07,11:28:32,Camera 3,fire,0.41
2026-07-07,11:28:33,Camera 3,fire,0.38
2026-07-07,11:28:34,Camera 3,fire,0.37
2026-07-07,11:28:35,Camera 3,fire,0.26
2026-07-07,11:28:36,Camera 3,fire,0.26
2026-07-07,11:28:37,Camera 3,fire,0.25
2026-07-07,11:28:38,Camera 3,fire,0.29
2026-07-07,11:28:39,Camera 3,fire,0.33
2026-07-07,11:28:40,Camera 3,fire,0.38
2026-07-07,11:28:41,Camera 3,fire,0.38
2026-07-07,11:28:42,Camera 3,fire,0.37
2026-07-07,11:28:43,Camera 3,fire,0.38
2026-07-07,11:28:44,Camera 3,fire,0.38
2026-07-07,11:28:45,Camera 3,fire,0.41
2026-07-07,11:28:46,Camera 3,fire,0.30
2026-07-07,11:28:48,Camera 3,fire,0.32
2026-07-07,11:28:49,Camera 3,fire,0.26
2026-07-07,11:28:50,Camera 3,fire,0.42
2026-07-07,11:28:51,Camera 3,fire,0.41
2026-07-07,11:28:52,Camera 3,fire,0.58
2026-07-07,11:28:53,Camera 3,fire,0.43
2026-07-07,11:28:54,Camera 3,fire,0.38
2026-07-07,11:28:55,Camera 3,fire,0.41
2026-07-07,11:28:56,Camera 3,fire,0.43
2026-07-07,11:28:57,Camera 3,fire,0.45
2026-07-07,11:28:58,Camera 3,fire,0.41
2026-07-07,11:28:59,Camera 3,fire,0.30
2026-07-07,11:29:00,Camera 3,fire,0.25
2026-07-07,11:29:01,Camera 3,fire,0.36
2026-07-07,11:29:02,Camera 3,fire,0.37
2026-07-07,11:29:03,Camera 3,fire,0.36
2026-07-07,11:29:04,Camera 3,fire,0.29
2026-07-07,11:29:05,Camera 3,fire,0.30
2026-07-07,11:29:06,Camera 3,fire,0.33
2026-07-07,11:29:07,Camera 3,fire,0.32
2026-07-07,11:29:08,Camera 3,fire,0.36
2026-07-07,11:29:09,Camera 3,fire,0.40
2026-07-07,11:29:10,Camera 3,fire,0.38
2026-07-07,11:29:11,Camera 3,fire,0.37
2026-07-07,11:29:12,Camera 3,fire,0.52
2026-07-07,11:29:13,Camera 3,fire,0.52
2026-07-07,11:29:14,Camera 3,fire,0.40
2026-07-07,11:29:15,Camera 3,fire,0.31
2026-07-07,11:29:16,Camera 3,fire,0.36
2026-07-07,11:29:17,Camera 3,fire,0.33
2026-07-07,11:29:18,Camera 3,fire,0.36
2026-07-07,11:29:19,Camera 3,fire,0.32
2026-07-07,11:29:20,Camera 3,fire,0.29
2026-07-07,11:29:21,Camera 3,fire,0.38
2026-07-07,11:29:22,Camera 3,fire,0.41
2026-07-07,11:29:23,Camera 3,fire,0.45
2026-07-07,11:29:24,Camera 3,fire,0.31
2026-07-07,11:29:25,Camera 3,fire,0.45
2026-07-07,11:29:26,Camera 3,fire,0.34
2026-07-07,11:29:27,Camera 3,fire,0.33
2026-07-07,11:29:28,Camera 3,fire,0.47
2026-07-07,11:29:29,Camera 3,fire,0.48
2026-07-07,11:29:30,Camera 3,fire,0.28
2026-07-07,11:29:31,Camera 2,fire,0.30
2026-07-07,11:29:32,Camera 3,fire,0.36
2026-07-07,11:29:33,Camera 3,fire,0.43
2026-07-07,11:29:34,Camera 3,fire,0.40
2026-07-07,11:29:35,Camera 3,fire,0.30
2026-07-07,11:29:36,Camera 3,fire,0.32
2026-07-07,11:29:37,Camera 3,fire,0.25
2026-07-07,11:29:38,Camera 3,fire,0.28
2026-07-07,11:29:39,Camera 3,fire,0.26
2026-07-07,11:29:40,Camera 3,fire,0.33
2026-07-07,12:14:37,Camera 3,fire,0.25
2026-07-07,12:14:38,Camera 3,fire,0.42
2026-07-07,12:14:39,Camera 3,fire,0.33
2026-07-07,12:14:40,Camera 3,fire,0.31
2026-07-07,12:14:41,Camera 3,fire,0.28
2026-07-07,12:14:42,Camera 3,fire,0.27
2026-07-07,12:14:49,Camera 3,fire,0.28
2026-07-07,12:14:50,Camera 3,fire,0.25
2026-07-07,12:14:52,Camera 3,fire,0.26
2026-07-07,12:14:53,Camera 3,fire,0.35
2026-07-07,12:14:54,Camera 3,fire,0.41
2026-07-07,12:14:55,Camera 3,fire,0.40
2026-07-07,12:14:56,Camera 3,fire,0.32
2026-07-07,12:14:59,Camera 1,fire,0.27
2026-07-07,12:15:32,Camera 3,smoke,0.53
2026-07-07,12:19:20,Camera 3,fire,0.25
2026-07-07,12:19:23,Camera 2,fire,0.48
2026-07-07,12:19:24,Camera 2,fire,0.44
2026-07-07,12:19:37,Camera 2,smoke,0.31
2026-07-07,12:19:38,Camera 3,fire,0.26
2026-07-07,12:19:39,Camera 3,fire,0.28
2026-07-07,12:19:39,Camera 2,smoke,0.27
2026-07-07,12:19:43,Camera 3,fire,0.26
2026-07-07,12:19:44,Camera 2,fire,0.33
2026-07-07,12:19:46,Camera 2,fire,0.30
2026-07-07,12:19:47,Camera 3,fire,0.26
2026-07-07,12:19:48,Camera 3,fire,0.29
2026-07-07,12:19:50,Camera 3,fire,0.28
2026-07-07,12:19:51,Camera 3,fire,0.27
2026-07-07,12:19:52,Camera 3,fire,0.27
2026-07-07,12:20:03,Camera 3,fire,0.29
2026-07-07,12:20:06,Camera 3,fire,0.25
2026-07-07,12:21:00,Camera 3,fire,0.25
2026-07-07,12:21:01,Camera 3,fire,0.26
2026-07-07,12:21:04,Camera 3,fire,0.37
2026-07-07,12:21:05,Camera 3,fire,0.43
2026-07-07,12:21:11,Camera 3,fire,0.38
2026-07-07,12:21:16,Camera 3,fire,0.27
2026-07-07,12:21:20,Camera 3,fire,0.28
2026-07-07,12:21:23,Camera 3,fire,0.25
2026-07-07,12:21:24,Camera 3,fire,0.27
2026-07-07,12:21:25,Camera 3,fire,0.27
2026-07-07,12:21:26,Camera 3,fire,0.38
2026-07-07,12:21:27,Camera 3,fire,0.28
2026-07-07,12:21:29,Camera 3,fire,0.26
2026-07-07,12:21:30,Camera 3,fire,0.33
2026-07-07,12:21:35,Camera 3,fire,0.25
2026-07-07,12:21:36,Camera 3,fire,0.25
2026-07-07,12:22:03,Camera 3,fire,0.33
2026-07-07,12:22:10,Camera 3,fire,0.32
2026-07-07,12:22:11,Camera 3,fire,0.41
2026-07-07,12:22:20,Camera 3,fire,0.26
2026-07-07,12:22:45,Camera 3,fire,0.38
2026-07-07,12:23:48,Camera 2,fire,0.28
2026-07-07,12:23:49,Camera 2,fire,0.47
2026-07-07,12:25:07,Camera 2,fire,0.36
2026-07-07,12:25:47,http://192.168.88.7:5000/cam/0,smoke,0.35
2026-07-07,12:25:51,http://192.168.88.7:5000/cam/0,smoke,0.32
2026-07-07,12:25:53,http://192.168.88.7:5000/cam/0,smoke,0.26
2026-07-07,12:25:58,http://192.168.88.7:5000/cam/0,smoke,0.36
2026-07-07,12:25:59,http://192.168.88.7:5000/cam/0,smoke,0.71
2026-07-07,12:26:31,Camera 3,fire,0.29
2026-07-07,12:27:18,Camera 2,fire,0.30
2026-07-07,12:27:19,Camera 2,fire,0.35
2026-07-07,12:27:20,Camera 2,fire,0.29
2026-07-07,12:27:50,Camera 2,fire,0.48
2026-07-07,12:27:51,Camera 2,fire,0.26
2026-07-07,12:27:52,Camera 2,fire,0.26
2026-07-07,12:28:14,Camera 3,fire,0.31
2026-07-07,12:28:53,Camera 1,fire,0.29
2026-07-07,12:29:03,Camera 3,fire,0.25
2026-07-07,12:29:38,Camera 3,fire,0.25
2026-07-07,12:29:43,Camera 3,fire,0.26
2026-07-07,12:30:58,Camera 3,fire,0.25
2026-07-07,12:31:00,Camera 3,fire,0.27
2026-07-07,12:31:02,Camera 3,fire,0.39
2026-07-07,12:31:03,Camera 3,fire,0.26
2026-07-07,12:31:04,Camera 3,fire,0.26
2026-07-07,12:31:05,Camera 3,fire,0.29
2026-07-07,12:31:06,Camera 3,fire,0.25
2026-07-07,12:31:07,Camera 3,fire,0.25
2026-07-07,12:31:08,Camera 3,fire,0.38
2026-07-07,12:31:09,Camera 3,fire,0.26
2026-07-07,12:31:11,Camera 3,fire,0.25
2026-07-07,12:31:12,Camera 3,fire,0.26
2026-07-07,12:31:14,Camera 3,fire,0.25
2026-07-07,12:31:15,Camera 3,fire,0.33
2026-07-07,12:31:18,Camera 3,fire,0.27
2026-07-07,12:31:20,Camera 3,fire,0.25
2026-07-07,12:31:23,Camera 3,fire,0.26
2026-07-07,12:31:30,Camera 3,fire,0.26
2026-07-07,12:31:31,Camera 3,fire,0.36
2026-07-07,12:32:07,Camera 3,fire,0.32
2026-07-07,12:32:09,Camera 3,fire,0.25
2026-07-07,12:32:10,Camera 3,fire,0.41
2026-07-07,12:32:11,Camera 3,fire,0.25
2026-07-07,12:32:12,Camera 3,fire,0.26
2026-07-07,12:32:14,Camera 3,fire,0.33
2026-07-07,12:32:15,Camera 3,fire,0.30
2026-07-07,12:32:16,Camera 3,fire,0.26
2026-07-07,12:32:18,Camera 3,fire,0.25
2026-07-07,12:32:26,Camera 3,fire,0.31
2026-07-07,12:32:32,Camera 3,fire,0.26
2026-07-07,12:32:33,Camera 3,fire,0.27
2026-07-07,12:33:26,Camera 3,fire,0.26
2026-07-07,12:33:37,Camera 1,smoke,0.33
2026-07-07,12:34:35,Camera 3,fire,0.26
2026-07-07,12:44:42,Camera 3,fire,0.26
2026-07-07,12:44:44,Camera 3,fire,0.25
2026-07-07,12:44:47,Camera 3,fire,0.27
2026-07-07,12:44:51,Camera 3,fire,0.25
2026-07-07,12:51:07,Camera 3,fire,0.27
2026-07-07,12:51:08,Camera 3,fire,0.36
2026-07-07,12:51:15,Camera 3,fire,0.25
2026-07-07,12:51:16,Camera 3,fire,0.28
2026-07-07,12:51:17,Camera 3,fire,0.32
2026-07-07,12:51:19,Camera 3,fire,0.25
2026-07-07,12:51:25,Camera 3,fire,0.27
2026-07-07,12:51:37,Camera 3,fire,0.30
2026-07-07,12:51:38,Camera 3,fire,0.43
2026-07-07,12:51:39,Camera 3,fire,0.36
2026-07-07,12:51:40,Camera 3,fire,0.35
2026-07-07,12:51:46,Camera 3,fire,0.26
2026-07-07,12:51:47,Camera 3,fire,0.31
2026-07-07,12:51:48,Camera 3,fire,0.25
2026-07-07,12:52:40,Camera 3,fire,0.36
2026-07-07,12:52:49,Camera 3,fire,0.27
2026-07-07,12:52:58,Camera 3,fire,0.46
2026-07-07,12:52:59,Camera 3,fire,0.52
2026-07-07,12:53:00,Camera 3,fire,0.41
2026-07-07,12:53:02,Camera 3,fire,0.41
2026-07-07,12:53:03,Camera 3,fire,0.43
2026-07-07,12:53:04,Camera 3,fire,0.39
2026-07-07,12:53:23,Camera 3,fire,0.25
2026-07-07,12:53:24,Camera 3,fire,0.32
2026-07-07,12:53:25,Camera 3,fire,0.31
2026-07-07,12:53:26,Camera 3,fire,0.27
2026-07-07,12:53:28,Camera 3,fire,0.25
2026-07-07,12:53:29,Camera 1,fire,0.25
2026-07-07,12:53:32,Camera 1,fire,0.26
2026-07-07,12:53:35,Camera 3,fire,0.25
2026-07-07,12:54:09,Camera 3,fire,0.26
2026-07-07,12:54:10,Camera 3,fire,0.39
2026-07-07,12:54:11,Camera 3,fire,0.38
2026-07-07,12:54:12,Camera 3,fire,0.28
2026-07-07,12:54:19,Camera 3,fire,0.39
2026-07-07,12:54:20,Camera 3,fire,0.28
2026-07-07,12:54:23,Camera 3,fire,0.27
2026-07-07,12:54:26,Camera 3,fire,0.27
2026-07-07,12:54:29,Camera 3,fire,0.27
2026-07-07,12:54:37,Camera 3,fire,0.25
2026-07-07,12:54:41,Camera 3,fire,0.25
2026-07-07,12:54:42,Camera 3,fire,0.31
2026-07-07,12:54:43,Camera 3,fire,0.27
2026-07-07,12:54:47,Camera 3,fire,0.25
2026-07-07,12:54:48,Camera 3,fire,0.28
2026-07-07,12:54:49,Camera 3,fire,0.27
2026-07-07,12:54:52,Camera 3,fire,0.25
2026-07-07,12:54:53,Camera 3,fire,0.27
2026-07-07,12:54:56,Camera 3,fire,0.43
2026-07-07,12:54:57,Camera 3,fire,0.59
2026-07-07,12:54:58,Camera 3,fire,0.46
2026-07-07,12:54:59,Camera 3,fire,0.27
2026-07-07,12:55:00,Camera 3,fire,0.32
2026-07-07,12:55:01,Camera 3,fire,0.30
2026-07-07,12:55:16,Camera 3,fire,0.25
2026-07-07,12:55:17,Camera 3,fire,0.26
2026-07-07,12:55:18,Camera 3,fire,0.26
2026-07-07,12:55:19,Camera 3,fire,0.31
2026-07-07,12:55:20,Camera 3,fire,0.27
2026-07-07,12:55:21,Camera 3,fire,0.30
2026-07-07,12:55:23,Camera 3,fire,0.32
2026-07-07,12:55:24,Camera 3,fire,0.30
2026-07-07,12:55:25,Camera 3,fire,0.32
2026-07-07,12:55:26,Camera 3,fire,0.31
2026-07-07,12:55:27,Camera 3,fire,0.36
2026-07-07,12:55:35,Camera 3,fire,0.26
2026-07-07,12:55:37,Camera 3,fire,0.28
2026-07-07,12:55:38,Camera 3,fire,0.44
2026-07-07,12:55:40,Camera 3,fire,0.25
2026-07-07,12:55:42,Camera 3,fire,0.30
2026-07-07,12:55:43,Camera 3,fire,0.42
2026-07-07,12:55:44,Camera 3,fire,0.38
2026-07-07,12:55:45,Camera 3,fire,0.40
2026-07-07,12:55:46,Camera 3,fire,0.28
2026-07-07,12:55:47,Camera 3,fire,0.27
2026-07-07,12:55:48,Camera 3,fire,0.37
2026-07-07,12:55:49,Camera 3,fire,0.28
2026-07-07,12:55:52,Camera 3,fire,0.34
2026-07-07,12:55:53,Camera 3,fire,0.25
2026-07-07,12:55:56,Camera 3,fire,0.30
2026-07-07,12:55:59,Camera 3,fire,0.27
2026-07-07,12:56:05,Camera 3,fire,0.27
2026-07-07,12:56:11,Camera 3,fire,0.26
2026-07-07,12:56:13,Camera 3,fire,0.28
2026-07-07,12:56:16,Camera 3,fire,0.30
2026-07-07,12:56:21,Camera 3,fire,0.26
2026-07-07,12:56:22,Camera 3,fire,0.32
2026-07-07,12:56:25,Camera 3,fire,0.26
2026-07-07,12:56:27,Camera 3,fire,0.25
2026-07-07,12:56:41,Camera 3,fire,0.31
2026-07-07,12:57:04,Camera 3,fire,0.26
2026-07-07,12:57:05,Camera 3,fire,0.28
2026-07-07,12:57:06,Camera 3,fire,0.25
2026-07-07,12:57:07,Camera 3,fire,0.25
2026-07-07,12:57:08,Camera 3,fire,0.42
2026-07-07,12:57:09,Camera 3,fire,0.25
2026-07-07,12:57:12,Camera 3,fire,0.25
2026-07-07,12:57:13,Camera 3,fire,0.26
2026-07-07,12:57:19,Camera 3,fire,0.26
2026-07-07,12:57:46,Camera 3,fire,0.30
2026-07-07,12:57:47,Camera 3,fire,0.38
2026-07-07,12:57:48,Camera 3,fire,0.32
2026-07-07,12:57:49,Camera 3,fire,0.34
2026-07-07,12:57:50,Camera 3,fire,0.33
2026-07-07,12:57:51,Camera 3,fire,0.35
2026-07-07,12:57:52,Camera 3,fire,0.32
2026-07-07,12:57:53,Camera 3,fire,0.33
2026-07-07,12:57:54,Camera 3,fire,0.27
2026-07-07,12:57:56,Camera 3,fire,0.26
2026-07-07,12:58:21,Camera 3,fire,0.26
2026-07-07,12:58:26,Camera 3,fire,0.26
2026-07-07,12:58:27,Camera 3,fire,0.27
2026-07-07,12:58:30,Camera 3,fire,0.25
2026-07-07,12:58:31,Camera 3,fire,0.25
2026-07-07,12:58:32,Camera 3,fire,0.26
2026-07-07,12:58:35,Camera 3,fire,0.31
2026-07-07,12:58:36,Camera 3,fire,0.28
2026-07-07,12:58:38,Camera 3,fire,0.25
2026-07-07,12:58:39,Camera 3,fire,0.26
2026-07-07,12:58:41,Camera 3,fire,0.25
2026-07-07,12:58:49,Camera 3,fire,0.26
2026-07-07,12:58:50,Camera 3,fire,0.26
2026-07-07,12:58:51,Camera 3,fire,0.27
2026-07-07,12:58:53,Camera 3,fire,0.27
2026-07-07,12:58:57,Camera 3,fire,0.29
2026-07-07,12:59:01,Camera 3,fire,0.25
2026-07-07,12:59:07,Camera 3,fire,0.26
2026-07-07,12:59:09,Camera 3,fire,0.25
2026-07-07,12:59:20,Camera 3,fire,0.26
2026-07-07,12:59:24,Camera 3,fire,0.29
2026-07-07,12:59:25,Camera 3,fire,0.26
2026-07-07,12:59:30,Camera 3,fire,0.27
2026-07-07,12:59:33,Camera 3,fire,0.28
2026-07-07,12:59:34,Camera 3,fire,0.27
2026-07-07,12:59:35,Camera 3,fire,0.32
2026-07-07,12:59:36,Camera 3,fire,0.30
2026-07-07,12:59:37,Camera 3,fire,0.27
2026-07-07,12:59:38,Camera 3,fire,0.37
2026-07-07,12:59:39,Camera 3,fire,0.37
2026-07-07,12:59:40,Camera 3,fire,0.26
2026-07-07,12:59:41,Camera 3,fire,0.29
2026-07-07,12:59:42,Camera 3,fire,0.26
2026-07-07,12:59:43,Camera 3,fire,0.27
2026-07-07,12:59:44,Camera 3,fire,0.28
2026-07-07,12:59:46,Camera 3,fire,0.28
2026-07-07,12:59:53,Camera 3,fire,0.28
2026-07-07,12:59:54,Camera 3,fire,0.31
2026-07-07,12:59:55,Camera 3,fire,0.26
2026-07-07,12:59:57,Camera 3,fire,0.27
2026-07-07,13:00:08,Camera 3,fire,0.25
2026-07-07,13:00:09,Camera 3,fire,0.27
2026-07-07,13:00:10,Camera 3,fire,0.28
2026-07-07,13:00:11,Camera 3,fire,0.26
2026-07-07,13:00:13,Camera 3,fire,0.28
2026-07-07,13:00:14,Camera 3,fire,0.33
2026-07-07,13:00:15,Camera 3,fire,0.26
2026-07-07,13:00:16,Camera 3,fire,0.31
2026-07-07,13:00:17,Camera 3,fire,0.26
2026-07-07,13:00:18,Camera 3,fire,0.29
2026-07-07,13:00:19,Camera 3,fire,0.47
2026-07-07,13:00:20,Camera 3,fire,0.35
2026-07-07,13:00:21,Camera 3,fire,0.46
2026-07-07,13:00:22,Camera 3,fire,0.53
2026-07-07,13:00:23,Camera 3,fire,0.40
2026-07-07,13:00:24,Camera 3,fire,0.38
2026-07-07,13:00:26,Camera 3,fire,0.25
2026-07-07,13:00:27,Camera 3,fire,0.33
2026-07-07,13:00:28,Camera 3,fire,0.36
2026-07-07,13:00:29,Camera 3,fire,0.39
2026-07-07,13:00:30,Camera 3,fire,0.37
2026-07-07,13:00:31,Camera 3,fire,0.40
2026-07-07,13:00:32,Camera 1,fire,0.32
2026-07-07,13:00:32,Camera 3,fire,0.39
2026-07-07,13:00:33,Camera 3,fire,0.34
2026-07-07,13:00:34,Camera 3,fire,0.38
2026-07-07,13:00:35,Camera 3,fire,0.29
2026-07-07,13:00:36,Camera 3,fire,0.32
2026-07-07,13:00:37,Camera 3,fire,0.44
2026-07-07,13:00:38,Camera 3,fire,0.29
2026-07-07,13:00:39,Camera 3,fire,0.32
2026-07-07,13:00:40,Camera 3,fire,0.28
2026-07-07,13:00:41,Camera 3,fire,0.39
2026-07-07,13:00:42,Camera 3,fire,0.39
2026-07-07,13:00:43,Camera 3,fire,0.35
2026-07-07,13:00:45,Camera 3,fire,0.38
2026-07-07,13:00:46,Camera 3,fire,0.38
2026-07-07,13:00:47,Camera 3,fire,0.37
2026-07-07,13:00:48,Camera 3,fire,0.33
2026-07-07,13:00:49,Camera 3,fire,0.41
2026-07-07,13:00:50,Camera 3,fire,0.33
2026-07-07,13:00:51,Camera 3,fire,0.30
2026-07-07,13:00:52,Camera 3,fire,0.40
2026-07-07,13:00:53,Camera 3,fire,0.36
2026-07-07,13:00:54,Camera 3,fire,0.39
2026-07-07,13:00:55,Camera 3,fire,0.36
2026-07-07,13:00:56,Camera 3,fire,0.28
2026-07-07,13:00:57,Camera 3,fire,0.36
2026-07-07,13:00:58,Camera 3,fire,0.55
2026-07-07,13:00:59,Camera 3,fire,0.52
2026-07-07,13:01:00,Camera 3,fire,0.54
2026-07-07,13:01:01,Camera 3,fire,0.48
2026-07-07,13:01:02,Camera 3,fire,0.50
2026-07-07,13:01:03,Camera 3,fire,0.41
2026-07-07,13:01:04,Camera 3,fire,0.41
2026-07-07,13:01:05,Camera 3,fire,0.39
2026-07-07,13:01:06,Camera 3,fire,0.40
2026-07-07,13:01:07,Camera 3,fire,0.41
2026-07-07,13:01:08,Camera 3,fire,0.33
2026-07-07,13:01:09,Camera 3,fire,0.42
2026-07-07,13:01:10,Camera 3,fire,0.53
2026-07-07,13:01:11,Camera 3,fire,0.44
2026-07-07,13:01:12,Camera 3,fire,0.42
2026-07-07,13:01:13,Camera 3,fire,0.39
2026-07-07,13:01:14,Camera 3,fire,0.38
2026-07-07,13:01:15,Camera 3,fire,0.35
2026-07-07,13:01:16,Camera 3,fire,0.37
2026-07-07,13:01:17,Camera 3,fire,0.34
2026-07-07,13:01:18,Camera 3,fire,0.32
2026-07-07,13:01:19,Camera 3,fire,0.40
2026-07-07,13:01:20,Camera 3,fire,0.38
2026-07-07,13:01:21,Camera 3,fire,0.33
2026-07-07,13:01:22,Camera 3,fire,0.40
2026-07-07,13:01:23,Camera 3,fire,0.40
2026-07-07,13:01:24,Camera 1,fire,0.26
2026-07-07,13:01:24,Camera 3,fire,0.40
2026-07-07,13:01:25,Camera 1,fire,0.29
2026-07-07,13:01:25,Camera 3,fire,0.47
2026-07-07,13:01:27,Camera 3,fire,0.47
2026-07-07,13:01:27,Camera 1,fire,0.26
2026-07-07,13:01:28,Camera 3,fire,0.50
2026-07-07,13:01:28,Camera 1,fire,0.28
2026-07-07,13:01:29,Camera 3,fire,0.51
2026-07-07,13:01:30,Camera 3,fire,0.41
2026-07-07,13:01:30,Camera 1,fire,0.25
2026-07-07,13:01:31,Camera 3,fire,0.49
2026-07-07,13:01:32,Camera 3,fire,0.58
2026-07-07,13:01:33,Camera 3,fire,0.25
2026-07-07,13:01:36,Camera 1,fire,0.25
2026-07-07,13:01:36,Camera 3,fire,0.27
2026-07-07,13:01:37,Camera 1,fire,0.28
2026-07-07,13:01:41,Camera 3,fire,0.28
2026-07-07,13:01:50,Camera 3,fire,0.26
2026-07-07,13:02:29,Camera 3,fire,0.26
2026-07-07,13:02:30,Camera 3,fire,0.29
2026-07-07,13:02:33,Camera 3,fire,0.25
2026-07-07,13:03:46,Camera 3,fire,0.27
2026-07-07,13:03:47,Camera 3,fire,0.38
2026-07-07,13:03:48,Camera 3,fire,0.31
2026-07-07,13:03:52,Camera 3,fire,0.28
2026-07-07,13:04:05,Camera 3,fire,0.25
2026-07-07,13:04:06,Camera 3,fire,0.27
2026-07-07,13:04:08,Camera 3,fire,0.26
2026-07-07,13:04:09,Camera 3,fire,0.32
2026-07-07,13:04:10,Camera 3,fire,0.31
2026-07-07,13:04:11,Camera 3,fire,0.39
2026-07-07,13:04:12,Camera 3,fire,0.37
2026-07-07,13:04:13,Camera 3,fire,0.33
2026-07-07,13:04:14,Camera 3,fire,0.26
2026-07-07,13:04:15,Camera 3,fire,0.32
2026-07-07,13:04:16,Camera 3,fire,0.28
2026-07-07,13:04:18,Camera 3,fire,0.25
2026-07-07,13:04:19,Camera 3,fire,0.29
2026-07-07,13:04:25,Camera 3,fire,0.29
2026-07-07,13:04:26,Camera 3,fire,0.25
2026-07-07,13:04:28,Camera 3,fire,0.30
2026-07-07,13:04:29,Camera 3,fire,0.33
2026-07-07,13:04:30,Camera 3,fire,0.29
2026-07-07,13:04:31,Camera 3,fire,0.25
2026-07-07,13:04:32,Camera 3,fire,0.26
2026-07-07,13:04:33,Camera 3,fire,0.26
2026-07-07,13:04:35,Camera 3,fire,0.26
2026-07-07,13:04:36,Camera 3,fire,0.26
2026-07-07,13:04:37,Camera 3,fire,0.25
2026-07-07,13:04:38,Camera 3,fire,0.26
2026-07-07,13:04:39,Camera 3,fire,0.33
2026-07-07,13:04:40,Camera 3,fire,0.29
2026-07-07,13:04:41,Camera 3,fire,0.45
2026-07-07,13:04:42,Camera 3,fire,0.42
2026-07-07,13:04:43,Camera 3,fire,0.32
2026-07-07,13:04:44,Camera 3,fire,0.27
2026-07-07,13:04:45,Camera 3,fire,0.33
2026-07-07,13:04:47,Camera 3,fire,0.27
2026-07-07,13:04:48,Camera 3,fire,0.32
2026-07-07,13:04:49,Camera 3,fire,0.31
2026-07-07,13:04:50,Camera 3,fire,0.29
2026-07-07,13:04:51,Camera 3,fire,0.27
2026-07-07,13:04:52,Camera 3,fire,0.37
2026-07-07,13:04:53,Camera 3,fire,0.35
2026-07-07,13:04:54,Camera 3,fire,0.37
2026-07-07,13:04:55,Camera 3,fire,0.28
2026-07-07,13:04:56,Camera 3,fire,0.36
2026-07-07,13:04:57,Camera 3,fire,0.35
2026-07-07,13:04:58,Camera 3,fire,0.42
2026-07-07,13:04:59,Camera 3,fire,0.27
2026-07-07,13:05:00,Camera 3,fire,0.42
2026-07-07,13:05:01,Camera 3,fire,0.41
2026-07-07,13:05:02,Camera 3,fire,0.39
2026-07-07,13:05:03,Camera 3,fire,0.39
2026-07-07,13:05:04,Camera 3,fire,0.36
2026-07-07,13:05:05,Camera 3,fire,0.42
2026-07-07,13:05:06,Camera 3,fire,0.42
2026-07-07,13:05:07,Camera 3,fire,0.45
2026-07-07,13:05:08,Camera 3,fire,0.36
2026-07-07,13:05:09,Camera 3,fire,0.30
2026-07-07,13:05:10,Camera 3,fire,0.41
2026-07-07,13:05:11,Camera 3,fire,0.32
2026-07-07,13:05:12,Camera 3,fire,0.34
2026-07-07,13:05:13,Camera 3,fire,0.32
2026-07-07,13:05:14,Camera 3,fire,0.25
2026-07-07,13:05:15,Camera 3,fire,0.25
2026-07-07,13:05:16,Camera 3,fire,0.26
2026-07-07,13:05:17,Camera 3,fire,0.29
2026-07-07,13:05:19,Camera 3,fire,0.26
2026-07-07,13:05:20,Camera 3,fire,0.38
2026-07-07,13:05:21,Camera 3,fire,0.31
2026-07-07,13:05:22,Camera 3,fire,0.43
2026-07-07,13:05:23,Camera 3,fire,0.32
2026-07-07,13:05:24,Camera 3,fire,0.38
2026-07-07,13:05:25,Camera 3,fire,0.36
2026-07-07,13:05:26,Camera 3,fire,0.38
2026-07-07,13:05:27,Camera 3,fire,0.49
2026-07-07,13:05:28,Camera 3,fire,0.48
2026-07-07,13:05:29,Camera 3,fire,0.43
2026-07-07,13:05:30,Camera 3,fire,0.33
2026-07-07,13:05:31,Camera 3,fire,0.36
2026-07-07,13:05:32,Camera 3,fire,0.31
2026-07-07,13:05:33,Camera 3,fire,0.41
2026-07-07,13:05:34,Camera 3,fire,0.34
2026-07-07,13:05:35,Camera 3,fire,0.34
2026-07-07,13:05:36,Camera 3,fire,0.32
2026-07-07,13:05:37,Camera 3,fire,0.29
2026-07-07,13:05:38,Camera 3,fire,0.26
2026-07-07,13:05:39,Camera 3,fire,0.29
2026-07-07,13:05:40,Camera 3,fire,0.32
2026-07-07,13:05:41,Camera 3,fire,0.34
2026-07-07,13:05:42,Camera 3,fire,0.29
2026-07-07,13:05:44,Camera 3,fire,0.32
2026-07-07,13:05:46,Camera 3,fire,0.27
2026-07-07,13:06:10,Camera 3,fire,0.26
2026-07-07,13:06:20,Camera 3,fire,0.25
2026-07-07,13:06:21,Camera 3,fire,0.29
2026-07-07,13:06:22,Camera 3,fire,0.33
2026-07-07,13:06:23,Camera 3,fire,0.27
2026-07-07,13:06:24,Camera 3,fire,0.27
2026-07-07,13:06:25,Camera 3,fire,0.26
2026-07-07,13:06:26,Camera 3,fire,0.29
2026-07-07,13:06:27,Camera 3,fire,0.37
2026-07-07,13:07:44,Camera 3,fire,0.29
2026-07-07,13:07:48,Camera 1,smoke,0.39
2026-07-07,13:07:49,Camera 3,fire,0.25
2026-07-07,13:08:17,Camera 1,smoke,0.26
2026-07-07,13:08:26,Camera 3,fire,0.42
2026-07-07,13:08:44,Camera 1,smoke,0.25
2026-07-07,13:09:01,Camera 3,fire,0.25
2026-07-07,13:09:06,Camera 3,fire,0.55
2026-07-07,13:09:08,Camera 3,fire,0.27
2026-07-07,13:09:14,Camera 3,fire,0.31
2026-07-07,13:09:42,Camera 3,fire,0.26
2026-07-07,13:11:11,Camera 3,fire,0.25
2026-07-07,13:11:13,Camera 3,fire,0.26
2026-07-07,13:11:14,Camera 3,fire,0.34
2026-07-07,13:11:15,Camera 3,fire,0.25
2026-07-07,13:11:16,Camera 3,fire,0.31
2026-07-07,13:11:19,Camera 3,fire,0.26
2026-07-07,13:11:20,Camera 3,fire,0.26
2026-07-07,13:11:25,Camera 3,fire,0.29
2026-07-07,13:11:26,Camera 3,fire,0.29
2026-07-07,13:11:28,Camera 3,fire,0.25
2026-07-07,13:11:29,Camera 3,fire,0.25
2026-07-07,13:11:30,Camera 3,fire,0.27
2026-07-07,13:11:31,Camera 3,fire,0.31
2026-07-07,13:11:32,Camera 3,fire,0.35
2026-07-07,13:11:33,Camera 3,fire,0.26
2026-07-07,13:11:34,Camera 3,fire,0.27
2026-07-07,13:11:52,Camera 3,fire,0.27
2026-07-07,13:11:53,Camera 3,fire,0.33
2026-07-07,13:11:54,Camera 3,fire,0.31
2026-07-07,13:11:55,Camera 3,fire,0.40
2026-07-07,13:11:56,Camera 3,fire,0.37
2026-07-07,13:11:58,Camera 3,fire,0.40
2026-07-07,13:11:59,Camera 3,fire,0.35
2026-07-07,13:12:00,Camera 3,fire,0.29
2026-07-07,13:12:01,Camera 3,fire,0.31
2026-07-07,13:12:02,Camera 3,fire,0.36
2026-07-07,13:12:03,Camera 3,fire,0.36
2026-07-07,13:12:04,Camera 3,fire,0.37
2026-07-07,13:12:05,Camera 3,fire,0.37
2026-07-07,13:12:06,Camera 3,fire,0.31
2026-07-07,13:12:15,Camera 3,fire,0.25
2026-07-07,13:12:17,Camera 3,fire,0.29
2026-07-07,13:12:20,Camera 3,fire,0.28
2026-07-07,13:12:31,Camera 3,fire,0.31
2026-07-07,13:12:34,Camera 3,fire,0.27
2026-07-07,13:12:36,Camera 3,fire,0.31
2026-07-07,13:13:23,Camera 3,fire,0.26
2026-07-07,13:13:28,Camera 3,fire,0.25
2026-07-07,13:13:29,Camera 3,fire,0.26
2026-07-07,13:13:48,Camera 1,smoke,0.27
2026-07-07,13:13:51,Camera 1,smoke,0.32
2026-07-07,13:16:15,Camera 3,smoke,0.28
2026-07-07,13:16:34,Camera 3,smoke,0.29
2026-07-07,13:16:37,Camera 3,fire,0.26
2026-07-07,13:16:39,Camera 3,fire,0.30
2026-07-07,13:16:45,Camera 1,smoke,0.25
2026-07-07,13:16:46,Camera 1,smoke,0.42
2026-07-07,13:17:35,Camera 3,fire,0.31
2026-07-07,13:17:36,Camera 3,fire,0.34
2026-07-07,13:17:37,Camera 3,fire,0.25
2026-07-07,13:17:39,Camera 3,fire,0.29
2026-07-07,13:17:40,Camera 3,fire,0.38
2026-07-07,13:17:41,Camera 3,fire,0.38
2026-07-07,13:17:42,Camera 3,fire,0.30
2026-07-07,13:17:43,Camera 3,fire,0.31
2026-07-07,13:17:44,Camera 3,fire,0.27
2026-07-07,13:17:45,Camera 3,fire,0.26
2026-07-07,13:17:46,Camera 3,fire,0.31
2026-07-07,13:17:49,Camera 3,fire,0.25
2026-07-07,13:17:50,Camera 3,fire,0.30
2026-07-07,13:17:51,Camera 3,fire,0.27
2026-07-07,13:17:52,Camera 3,fire,0.25
2026-07-07,13:17:54,Camera 3,fire,0.25
2026-07-07,13:17:55,Camera 3,fire,0.25
2026-07-07,13:17:57,Camera 3,fire,0.25
2026-07-07,13:17:58,Camera 3,fire,0.28
2026-07-07,13:17:59,Camera 3,fire,0.26
2026-07-07,13:18:00,Camera 3,fire,0.29
2026-07-07,13:18:01,Camera 3,fire,0.30
2026-07-07,13:18:05,Camera 3,fire,0.26
2026-07-07,13:18:06,Camera 3,fire,0.27
2026-07-07,13:18:07,Camera 1,smoke,0.26
2026-07-07,13:18:07,Camera 3,fire,0.27
2026-07-07,13:18:08,Camera 3,fire,0.29
2026-07-07,13:18:09,Camera 3,fire,0.27
2026-07-07,13:18:10,Camera 3,fire,0.27
2026-07-07,13:18:12,Camera 3,fire,0.25
2026-07-07,13:18:13,Camera 3,fire,0.30
2026-07-07,13:18:14,Camera 3,fire,0.26
2026-07-07,13:18:18,Camera 3,fire,0.30
2026-07-07,13:18:21,Camera 3,fire,0.26
2026-07-07,13:18:22,Camera 3,fire,0.30
2026-07-07,13:18:23,Camera 3,fire,0.37
2026-07-07,13:18:24,Camera 3,fire,0.32
2026-07-07,13:18:25,Camera 3,fire,0.29
2026-07-07,13:18:26,Camera 3,fire,0.34
2026-07-07,13:18:27,Camera 3,fire,0.31
2026-07-07,13:18:28,Camera 3,fire,0.30
2026-07-07,13:18:30,Camera 3,fire,0.26
2026-07-07,13:18:31,Camera 3,fire,0.30
2026-07-07,13:18:32,Camera 3,fire,0.32
2026-07-07,13:18:33,Camera 3,fire,0.30
2026-07-07,13:18:34,Camera 3,fire,0.33
2026-07-07,13:18:35,Camera 3,fire,0.35
2026-07-07,13:18:36,Camera 3,fire,0.32
2026-07-07,13:18:37,Camera 3,fire,0.31
2026-07-07,13:18:38,Camera 3,fire,0.37
2026-07-07,13:18:39,Camera 3,fire,0.34
2026-07-07,13:18:40,Camera 3,fire,0.31
2026-07-07,13:18:41,Camera 3,fire,0.34
2026-07-07,13:18:42,Camera 3,fire,0.40
2026-07-07,13:18:43,Camera 3,fire,0.39
2026-07-07,13:18:44,Camera 3,fire,0.31
2026-07-07,13:18:45,Camera 3,fire,0.30
2026-07-07,13:18:46,Camera 3,fire,0.34
2026-07-07,13:18:47,Camera 3,fire,0.34
2026-07-07,13:18:48,Camera 3,fire,0.35
2026-07-07,13:18:49,Camera 3,fire,0.31
2026-07-07,13:18:50,Camera 3,fire,0.27
2026-07-07,13:18:51,Camera 3,fire,0.30
2026-07-07,13:18:52,Camera 3,fire,0.30
2026-07-07,13:18:53,Camera 3,fire,0.34
2026-07-07,13:18:54,Camera 3,fire,0.42
2026-07-07,13:18:55,Camera 3,fire,0.35
2026-07-07,13:18:56,Camera 3,fire,0.36
2026-07-07,13:18:57,Camera 3,fire,0.33
2026-07-07,13:18:58,Camera 3,fire,0.29
2026-07-07,13:18:59,Camera 3,fire,0.32
2026-07-07,13:19:00,Camera 3,fire,0.30
2026-07-07,13:19:01,Camera 3,fire,0.26
2026-07-07,13:19:02,Camera 3,fire,0.25
2026-07-07,13:19:03,Camera 3,fire,0.34
2026-07-07,13:19:04,Camera 3,fire,0.38
2026-07-07,13:19:05,Camera 3,fire,0.31
2026-07-07,13:19:06,Camera 3,fire,0.32
2026-07-07,13:19:08,Camera 3,fire,0.26
2026-07-07,13:19:29,Camera 3,fire,0.29
2026-07-07,13:19:30,Camera 3,fire,0.27
2026-07-07,13:19:38,Camera 3,fire,0.26
2026-07-07,13:19:41,Camera 3,fire,0.27
2026-07-07,13:19:42,Camera 3,fire,0.25
2026-07-07,13:19:43,Camera 3,fire,0.25
2026-07-07,13:19:45,Camera 3,fire,0.26
2026-07-07,13:19:46,Camera 3,fire,0.30
2026-07-07,13:19:47,Camera 3,fire,0.30
2026-07-07,13:19:54,Camera 3,fire,0.26
2026-07-07,13:20:45,Camera 3,fire,0.25
2026-07-07,13:20:47,Camera 3,fire,0.26
2026-07-07,13:20:51,Camera 3,fire,0.25
2026-07-07,13:20:52,Camera 3,fire,0.25
2026-07-07,13:20:53,Camera 3,fire,0.27
2026-07-07,13:20:56,Camera 3,fire,0.35
2026-07-07,13:21:01,Camera 3,fire,0.28
2026-07-07,13:21:03,Camera 3,fire,0.25
2026-07-07,13:21:06,Camera 3,fire,0.25
2026-07-07,13:21:10,Camera 3,fire,0.28
2026-07-07,13:21:17,Camera 3,fire,0.30
2026-07-07,13:21:18,Camera 3,fire,0.27
2026-07-07,13:21:19,Camera 3,fire,0.33
2026-07-07,13:21:21,Camera 3,fire,0.27
2026-07-07,13:21:23,Camera 3,fire,0.31
2026-07-07,13:21:24,Camera 3,fire,0.26
2026-07-07,13:21:26,Camera 3,fire,0.32
2026-07-07,13:21:27,Camera 3,fire,0.33
2026-07-07,13:21:28,Camera 3,fire,0.32
2026-07-07,13:21:29,Camera 3,fire,0.31
2026-07-07,13:21:30,Camera 3,fire,0.27
2026-07-07,13:21:31,Camera 3,fire,0.28
2026-07-07,13:21:32,Camera 3,fire,0.26
2026-07-07,13:21:33,Camera 3,fire,0.26
2026-07-07,13:21:34,Camera 3,fire,0.29
2026-07-07,13:21:35,Camera 3,fire,0.28
2026-07-07,13:21:41,Camera 3,fire,0.34
2026-07-07,13:21:43,Camera 3,fire,0.37
2026-07-07,13:21:44,Camera 3,fire,0.39
2026-07-07,13:21:45,Camera 3,fire,0.39
2026-07-07,13:21:46,Camera 3,fire,0.32
2026-07-07,13:21:47,Camera 3,fire,0.32
2026-07-07,13:21:48,Camera 3,fire,0.32
2026-07-07,13:21:49,Camera 3,fire,0.30
2026-07-07,13:21:50,Camera 3,fire,0.39
2026-07-07,13:21:51,Camera 3,fire,0.38
2026-07-07,13:21:52,Camera 3,fire,0.35
2026-07-07,13:21:53,Camera 3,fire,0.27
2026-07-07,13:21:54,Camera 3,fire,0.29
2026-07-07,13:21:55,Camera 3,fire,0.27
2026-07-07,13:21:56,Camera 3,fire,0.25
2026-07-07,13:21:57,Camera 3,fire,0.27
2026-07-07,13:21:58,Camera 3,fire,0.31
2026-07-07,13:22:00,Camera 3,fire,0.32
2026-07-07,13:22:01,Camera 3,fire,0.25
2026-07-07,13:22:02,Camera 3,fire,0.26
2026-07-07,13:22:03,Camera 3,fire,0.32
2026-07-07,13:22:04,Camera 3,fire,0.32
2026-07-07,13:22:05,Camera 3,fire,0.34
2026-07-07,13:22:06,Camera 3,fire,0.40
2026-07-07,13:22:07,Camera 3,fire,0.37
2026-07-07,13:22:08,Camera 3,fire,0.36
2026-07-07,13:22:09,Camera 3,fire,0.37
2026-07-07,13:22:10,Camera 3,fire,0.37
2026-07-07,13:22:11,Camera 3,fire,0.35
2026-07-07,13:22:12,Camera 3,fire,0.34
2026-07-07,13:22:13,Camera 3,fire,0.35
2026-07-07,13:22:14,Camera 3,fire,0.30
2026-07-07,13:22:15,Camera 3,fire,0.35
2026-07-07,13:22:16,Camera 3,fire,0.41
2026-07-07,13:22:17,Camera 3,fire,0.45
2026-07-07,13:22:18,Camera 3,fire,0.32
2026-07-07,13:22:19,Camera 3,fire,0.26
2026-07-07,13:22:20,Camera 3,fire,0.27
2026-07-07,13:22:21,Camera 3,fire,0.31
2026-07-07,13:22:22,Camera 3,fire,0.28
2026-07-07,13:22:23,Camera 3,fire,0.30
2026-07-07,13:22:26,Camera 3,fire,0.31
2026-07-07,13:22:27,Camera 3,fire,0.43
2026-07-07,13:22:28,Camera 3,fire,0.27
2026-07-07,13:22:29,Camera 3,fire,0.39
2026-07-07,13:22:30,Camera 3,fire,0.30
2026-07-07,13:22:31,Camera 3,fire,0.31
2026-07-07,13:22:32,Camera 3,fire,0.33
2026-07-07,13:22:33,Camera 3,fire,0.33
2026-07-07,13:22:34,Camera 3,fire,0.37
2026-07-07,13:22:35,Camera 3,fire,0.38
2026-07-07,13:22:36,Camera 3,fire,0.33
2026-07-07,13:22:37,Camera 3,fire,0.33
2026-07-07,13:22:38,Camera 3,fire,0.27
2026-07-07,13:22:39,Camera 3,fire,0.33
2026-07-07,13:22:40,Camera 3,fire,0.33
2026-07-07,13:22:41,Camera 3,fire,0.26
2026-07-07,13:22:42,Camera 3,fire,0.26
2026-07-07,13:22:43,Camera 3,fire,0.28
2026-07-07,13:22:44,Camera 3,fire,0.27
2026-07-07,13:22:46,Camera 3,fire,0.29
2026-07-07,13:22:47,Camera 3,fire,0.34
2026-07-07,13:22:48,Camera 3,fire,0.41
2026-07-07,13:22:52,Camera 3,fire,0.25
2026-07-07,13:22:53,Camera 3,fire,0.38
2026-07-07,13:22:58,Camera 3,fire,0.25
2026-07-07,13:23:01,Camera 3,fire,0.26
2026-07-07,13:23:02,Camera 3,fire,0.26
2026-07-07,13:23:04,Camera 3,fire,0.26
2026-07-07,13:23:05,Camera 3,fire,0.29
2026-07-07,13:23:15,Camera 3,fire,0.26
2026-07-07,13:23:16,Camera 3,fire,0.27
2026-07-07,13:23:24,Camera 3,fire,0.26
2026-07-07,13:23:25,Camera 3,fire,0.34
2026-07-07,13:23:32,Camera 3,fire,0.25
2026-07-07,13:24:00,Camera 3,fire,0.32
2026-07-07,13:24:06,Camera 3,fire,0.27
2026-07-07,13:24:08,Camera 3,fire,0.28
2026-07-07,13:24:09,Camera 3,fire,0.25
2026-07-07,13:26:15,Camera 3,fire,0.27
2026-07-07,13:26:51,Camera 3,fire,0.25
2026-07-07,13:27:28,Camera 1,fire,0.25
2026-07-07,13:29:08,Camera 3,fire,0.25
2026-07-07,13:29:17,Camera 3,fire,0.34
2026-07-07,13:29:18,Camera 3,fire,0.40
2026-07-07,13:29:19,Camera 3,fire,0.30
2026-07-07,13:29:20,Camera 3,fire,0.39
2026-07-07,13:29:21,Camera 3,fire,0.29
2026-07-07,13:29:22,Camera 3,fire,0.29
2026-07-07,13:29:23,Camera 3,fire,0.28
2026-07-07,13:29:24,Camera 3,fire,0.48
2026-07-07,13:29:25,Camera 3,fire,0.44
2026-07-07,13:29:26,Camera 3,fire,0.41
2026-07-07,13:29:27,Camera 3,fire,0.42
2026-07-07,13:29:28,Camera 3,fire,0.45
2026-07-07,13:29:29,Camera 3,fire,0.37
2026-07-07,13:29:30,Camera 3,fire,0.33
2026-07-07,13:29:31,Camera 3,fire,0.29
2026-07-07,13:29:32,Camera 3,fire,0.37
2026-07-07,13:29:33,Camera 3,fire,0.29
2026-07-07,13:29:34,Camera 3,fire,0.41
2026-07-07,13:29:35,Camera 3,fire,0.41
2026-07-07,13:29:36,Camera 3,fire,0.35
2026-07-07,13:29:37,Camera 3,fire,0.34
2026-07-07,13:29:38,Camera 3,fire,0.35
2026-07-07,13:29:39,Camera 3,fire,0.27
2026-07-07,13:29:40,Camera 3,fire,0.31
2026-07-07,13:29:41,Camera 3,fire,0.29
2026-07-07,13:29:42,Camera 3,fire,0.27
2026-07-07,13:29:43,Camera 3,fire,0.33
2026-07-07,13:29:44,Camera 3,fire,0.32
2026-07-07,13:29:47,Camera 3,fire,0.32
2026-07-07,13:29:48,Camera 3,fire,0.32
2026-07-07,13:29:49,Camera 3,fire,0.37
2026-07-07,13:29:50,Camera 3,fire,0.34
2026-07-07,13:29:51,Camera 3,fire,0.30
2026-07-07,13:29:52,Camera 3,fire,0.31
2026-07-07,13:29:53,Camera 3,fire,0.40
2026-07-07,13:29:54,Camera 3,fire,0.33
2026-07-07,13:29:55,Camera 3,fire,0.36
2026-07-07,13:29:56,Camera 3,fire,0.29
2026-07-07,13:29:57,Camera 3,fire,0.36
2026-07-07,13:29:58,Camera 3,fire,0.40
2026-07-07,13:29:59,Camera 3,fire,0.40
2026-07-07,13:30:00,Camera 3,fire,0.35
2026-07-07,13:30:01,Camera 3,fire,0.27
2026-07-07,13:30:03,Camera 3,fire,0.25
2026-07-07,13:30:04,Camera 3,fire,0.32
2026-07-07,13:30:05,Camera 3,fire,0.33
2026-07-07,13:30:06,Camera 3,fire,0.31
2026-07-07,13:30:07,Camera 3,fire,0.30
2026-07-07,13:30:08,Camera 3,fire,0.32
2026-07-07,13:30:09,Camera 3,fire,0.25
2026-07-07,13:30:12,Camera 3,fire,0.29
2026-07-07,13:30:16,Camera 3,fire,0.33
2026-07-07,13:30:18,Camera 3,fire,0.25
2026-07-07,13:30:19,Camera 3,fire,0.35
2026-07-07,13:30:25,Camera 3,fire,0.28
2026-07-07,13:30:27,Camera 3,fire,0.26
2026-07-07,13:30:28,Camera 3,fire,0.28
2026-07-07,13:30:39,Camera 3,fire,0.28
2026-07-07,13:30:40,Camera 3,fire,0.34
2026-07-07,13:30:41,Camera 3,fire,0.26
2026-07-07,13:30:42,Camera 3,fire,0.28
2026-07-07,13:30:43,Camera 3,fire,0.34
2026-07-07,13:30:44,Camera 3,fire,0.33
2026-07-07,13:30:47,Camera 3,fire,0.25
2026-07-07,13:30:48,Camera 3,fire,0.25
2026-07-07,13:30:49,Camera 3,fire,0.30
2026-07-07,13:30:50,Camera 3,fire,0.27
2026-07-07,13:31:01,Camera 3,fire,0.26
2026-07-07,13:31:03,Camera 3,fire,0.29
2026-07-07,13:31:05,Camera 3,fire,0.25
2026-07-07,13:31:07,Camera 3,fire,0.26
2026-07-07,13:31:08,Camera 3,fire,0.46
2026-07-07,13:31:09,Camera 3,fire,0.38
2026-07-07,13:31:10,Camera 3,fire,0.41
2026-07-07,13:31:11,Camera 3,fire,0.31
2026-07-07,13:31:13,Camera 3,fire,0.29
2026-07-07,13:31:14,Camera 3,fire,0.26
2026-07-07,13:31:15,Camera 3,fire,0.27
2026-07-07,13:31:16,Camera 3,fire,0.36
2026-07-07,13:31:17,Camera 3,fire,0.31
2026-07-07,13:31:18,Camera 3,fire,0.42
2026-07-07,13:31:20,Camera 3,fire,0.26
2026-07-07,13:31:21,Camera 3,fire,0.26
2026-07-07,13:31:23,Camera 3,fire,0.30
2026-07-07,13:31:24,Camera 3,fire,0.31
2026-07-07,13:31:25,Camera 3,fire,0.25
2026-07-07,13:31:30,Camera 3,fire,0.26
2026-07-07,13:31:31,Camera 3,fire,0.33
2026-07-07,13:31:32,Camera 3,fire,0.27
2026-07-07,13:31:33,Camera 3,fire,0.32
2026-07-07,13:31:34,Camera 3,fire,0.38
2026-07-07,13:31:35,Camera 3,fire,0.34
2026-07-07,13:31:36,Camera 3,fire,0.35
2026-07-07,13:31:37,Camera 3,fire,0.33
2026-07-07,13:31:38,Camera 3,fire,0.38
2026-07-07,13:31:39,Camera 3,fire,0.38
2026-07-07,13:31:40,Camera 3,fire,0.37
2026-07-07,13:31:41,Camera 3,fire,0.32
2026-07-07,13:31:42,Camera 3,fire,0.41
2026-07-07,13:31:43,Camera 3,fire,0.39
2026-07-07,13:31:44,Camera 3,fire,0.27
2026-07-07,13:31:45,Camera 3,fire,0.30
2026-07-07,13:31:46,Camera 3,fire,0.36
2026-07-07,13:31:47,Camera 3,fire,0.35
2026-07-07,13:31:48,Camera 3,fire,0.36
2026-07-07,13:31:49,Camera 3,fire,0.26
2026-07-07,13:31:59,Camera 3,fire,0.34
2026-07-07,13:32:02,Camera 3,fire,0.29
2026-07-07,13:32:43,Camera 1,fire,0.26
2026-07-07,13:32:45,Camera 1,fire,0.32
2026-07-07,13:32:47,Camera 3,fire,0.25
2026-07-07,13:32:50,Camera 1,smoke,0.27
2026-07-07,13:33:34,Camera 3,fire,0.32
2026-07-07,13:34:21,Camera 3,fire,0.26
2026-07-07,13:34:22,Camera 3,fire,0.34
2026-07-07,13:34:28,Camera 3,fire,0.27
2026-07-07,13:34:32,Camera 1,fire,0.26
2026-07-07,13:34:34,Camera 3,fire,0.25
2026-07-07,13:34:35,Camera 3,fire,0.26
2026-07-07,13:34:52,Camera 3,fire,0.28
2026-07-07,13:35:02,Camera 3,fire,0.31
2026-07-07,13:35:04,Camera 3,fire,0.25
2026-07-07,13:35:05,Camera 3,fire,0.36
2026-07-07,13:35:06,Camera 3,fire,0.26
2026-07-07,13:35:07,Camera 3,fire,0.28
2026-07-07,13:35:08,Camera 3,fire,0.25
2026-07-07,13:35:21,Camera 3,fire,0.27
2026-07-07,13:35:25,Camera 3,fire,0.26
2026-07-07,13:35:33,Camera 3,fire,0.25
2026-07-07,13:35:36,Camera 3,fire,0.28
2026-07-07,13:35:37,Camera 3,fire,0.25
2026-07-07,13:35:38,Camera 3,fire,0.26
2026-07-07,13:35:39,Camera 3,fire,0.32
2026-07-07,13:35:40,Camera 3,fire,0.34
2026-07-07,13:35:41,Camera 3,fire,0.27
2026-07-07,13:35:42,Camera 3,fire,0.27
2026-07-07,13:35:43,Camera 3,fire,0.26
2026-07-07,13:35:44,Camera 3,fire,0.31
2026-07-07,13:35:45,Camera 3,fire,0.26
2026-07-07,13:35:47,Camera 3,fire,0.26
2026-07-07,13:35:48,Camera 3,fire,0.30
2026-07-07,13:35:49,Camera 3,fire,0.27
2026-07-07,13:35:53,Camera 3,fire,0.26
2026-07-07,13:35:54,Camera 3,fire,0.28
2026-07-07,13:35:55,Camera 3,fire,0.25
2026-07-07,13:35:56,Camera 3,fire,0.28
2026-07-07,13:35:58,Camera 3,fire,0.25
2026-07-07,13:36:01,Camera 3,fire,0.25
2026-07-07,13:36:02,Camera 3,fire,0.30
2026-07-07,13:36:03,Camera 3,fire,0.30
2026-07-07,13:36:04,Camera 3,fire,0.27
2026-07-07,13:36:12,Camera 3,fire,0.25
2026-07-07,13:36:19,Camera 3,fire,0.27
2026-07-07,13:36:20,Camera 3,fire,0.26
2026-07-07,13:36:23,Camera 3,fire,0.25
2026-07-07,13:36:24,Camera 3,fire,0.29
2026-07-07,13:36:25,Camera 3,fire,0.25
2026-07-07,13:36:27,Camera 3,fire,0.28
2026-07-07,13:36:28,Camera 3,fire,0.29
2026-07-07,13:36:32,Camera 3,fire,0.26
2026-07-07,13:36:33,Camera 3,fire,0.26
2026-07-07,13:36:34,Camera 3,fire,0.27
2026-07-07,13:36:35,Camera 3,fire,0.30
2026-07-07,13:36:36,Camera 3,fire,0.34
2026-07-07,13:36:37,Camera 3,fire,0.27
2026-07-07,13:36:57,Camera 3,fire,0.26
2026-07-07,13:36:59,Camera 3,fire,0.28
2026-07-07,13:37:05,Camera 3,fire,0.25
2026-07-07,13:37:07,Camera 3,fire,0.30
2026-07-07,13:37:08,Camera 3,fire,0.31
2026-07-07,13:37:11,Camera 3,fire,0.25
2026-07-07,13:37:12,Camera 3,fire,0.29
2026-07-07,13:37:13,Camera 3,fire,0.31
2026-07-07,13:37:14,Camera 3,fire,0.32
2026-07-07,13:37:15,Camera 3,fire,0.26
2026-07-07,13:37:16,Camera 3,fire,0.25
2026-07-07,13:37:20,Camera 3,fire,0.25
2026-07-07,13:37:21,Camera 3,fire,0.25
2026-07-07,13:37:24,Camera 3,fire,0.25
2026-07-07,13:37:35,Camera 3,fire,0.25
2026-07-07,13:37:36,Camera 3,fire,0.26
2026-07-07,13:37:39,Camera 3,fire,0.27
2026-07-07,13:37:40,Camera 3,fire,0.25
2026-07-07,13:37:42,Camera 3,fire,0.25
2026-07-07,13:37:45,Camera 3,fire,0.29
2026-07-07,13:37:46,Camera 3,fire,0.29
2026-07-07,13:37:47,Camera 3,fire,0.35
2026-07-07,13:37:48,Camera 3,fire,0.31
2026-07-07,13:37:49,Camera 3,fire,0.30
2026-07-07,13:37:51,Camera 3,fire,0.26
2026-07-07,13:37:52,Camera 3,fire,0.26
2026-07-07,13:38:25,Camera 3,fire,0.25
2026-07-07,13:38:27,Camera 3,fire,0.25
2026-07-07,13:38:29,Camera 3,fire,0.27
2026-07-07,13:38:36,Camera 3,fire,0.27
2026-07-07,13:38:37,Camera 3,fire,0.26
2026-07-07,13:38:38,Camera 3,fire,0.30
2026-07-07,13:38:39,Camera 3,fire,0.26
2026-07-07,13:38:40,Camera 3,fire,0.27
2026-07-07,13:38:41,Camera 3,fire,0.28
2026-07-07,13:38:42,Camera 3,fire,0.26
2026-07-07,13:38:45,Camera 3,fire,0.27
2026-07-07,13:38:46,Camera 3,fire,0.27
2026-07-07,13:38:47,Camera 3,fire,0.31
2026-07-07,13:38:48,Camera 3,fire,0.28
2026-07-07,13:38:54,Camera 3,fire,0.26
2026-07-07,13:38:57,Camera 3,fire,0.27
2026-07-07,13:38:58,Camera 3,fire,0.26
2026-07-07,13:39:03,Camera 3,fire,0.25
2026-07-07,13:39:05,Camera 3,fire,0.27
2026-07-07,13:39:06,Camera 3,fire,0.31
2026-07-07,13:39:07,Camera 3,fire,0.30
2026-07-07,13:39:08,Camera 3,fire,0.32
2026-07-07,13:39:13,Camera 3,fire,0.26
2026-07-07,13:39:14,Camera 3,fire,0.28
2026-07-07,13:39:15,Camera 3,fire,0.27
2026-07-07,13:39:16,Camera 3,fire,0.25
2026-07-07,13:39:17,Camera 3,fire,0.33
2026-07-07,13:39:22,Camera 3,fire,0.31
2026-07-07,13:39:22,Camera 3,smoke,0.30
2026-07-07,13:39:23,Camera 3,fire,0.31
2026-07-07,13:39:27,Camera 3,fire,0.26
2026-07-07,13:39:30,Camera 3,fire,0.28
2026-07-07,13:39:37,Camera 3,smoke,0.27
2026-07-07,13:39:45,Camera 3,smoke,0.30
2026-07-07,13:39:52,Camera 3,smoke,0.39
2026-07-07,13:39:56,Camera 3,smoke,0.26
2026-07-07,13:40:00,Camera 3,fire,0.28
2026-07-07,13:40:03,Camera 3,fire,0.33
2026-07-07,13:40:05,Camera 3,fire,0.29
2026-07-07,13:40:06,Camera 3,fire,0.31
2026-07-07,13:40:07,Camera 3,fire,0.28
2026-07-07,13:40:08,Camera 3,fire,0.27
2026-07-07,13:40:09,Camera 3,fire,0.26
2026-07-07,13:40:11,Camera 3,fire,0.26
2026-07-07,13:40:13,Camera 3,fire,0.26
2026-07-07,13:40:15,Camera 3,fire,0.26
2026-07-07,13:40:16,Camera 3,fire,0.27
2026-07-07,13:40:18,Camera 3,fire,0.27
2026-07-07,13:40:19,Camera 3,fire,0.25
2026-07-07,13:40:20,Camera 3,smoke,0.39
2026-07-07,13:40:22,Camera 3,smoke,0.36
2026-07-07,13:40:23,Camera 3,fire,0.25
2026-07-07,13:40:24,Camera 3,fire,0.30
2026-07-07,13:40:25,Camera 3,fire,0.31
2026-07-07,13:40:26,Camera 3,fire,0.34
2026-07-07,13:40:27,Camera 3,fire,0.47
2026-07-07,13:40:28,Camera 3,fire,0.36
2026-07-07,13:40:29,Camera 3,fire,0.34
2026-07-07,13:40:30,Camera 3,smoke,0.25
2026-07-07,13:40:30,Camera 3,fire,0.38
2026-07-07,13:40:31,Camera 3,smoke,0.37
2026-07-07,13:40:35,Camera 3,fire,0.26
2026-07-07,13:40:36,Camera 3,fire,0.39
2026-07-07,13:40:38,Camera 3,fire,0.27
2026-07-07,13:40:48,Camera 3,smoke,0.32
2026-07-07,13:40:51,Camera 3,fire,0.27
2026-07-07,13:40:52,Camera 3,smoke,0.26
2026-07-07,13:40:53,Camera 3,fire,0.30
2026-07-07,13:41:35,Camera 3,fire,0.26
2026-07-07,13:41:36,Camera 3,fire,0.25
2026-07-07,13:41:37,Camera 3,fire,0.33
2026-07-07,13:41:38,Camera 3,fire,0.31
2026-07-07,13:41:39,Camera 3,fire,0.29
2026-07-07,13:41:41,Camera 3,fire,0.26
2026-07-07,13:41:42,Camera 3,fire,0.25
2026-07-07,13:41:44,Camera 3,fire,0.31
2026-07-07,13:41:45,Camera 3,fire,0.37
2026-07-07,13:41:46,Camera 3,fire,0.28
2026-07-07,13:41:47,Camera 3,fire,0.36
2026-07-07,13:41:48,Camera 3,fire,0.25
2026-07-07,13:41:49,Camera 3,smoke,0.30
2026-07-07,13:41:49,Camera 3,fire,0.28
2026-07-07,13:41:50,Camera 3,fire,0.34
2026-07-07,13:41:51,Camera 3,fire,0.37
2026-07-07,13:41:52,Camera 3,fire,0.35
2026-07-07,13:41:53,Camera 3,fire,0.27
2026-07-07,13:41:54,Camera 3,fire,0.30
2026-07-07,13:41:55,Camera 3,fire,0.26
2026-07-07,13:41:56,Camera 3,fire,0.27
2026-07-07,13:41:57,Camera 3,fire,0.28
2026-07-07,13:41:58,Camera 3,fire,0.33
2026-07-07,13:41:59,Camera 3,fire,0.40
2026-07-07,13:42:01,Camera 3,fire,0.38
2026-07-07,13:42:02,Camera 3,fire,0.38
2026-07-07,13:42:03,Camera 3,fire,0.36
2026-07-07,13:42:04,Camera 3,fire,0.38
2026-07-07,13:42:05,Camera 3,fire,0.36
2026-07-07,13:42:06,Camera 3,fire,0.28
2026-07-07,13:42:07,Camera 3,fire,0.28
2026-07-07,13:42:08,Camera 3,fire,0.33
2026-07-07,13:42:09,Camera 3,fire,0.28
2026-07-07,13:42:10,Camera 3,fire,0.26
2026-07-07,13:42:11,Camera 3,fire,0.27
2026-07-07,13:42:12,Camera 3,fire,0.25
2026-07-07,13:42:13,Camera 3,fire,0.31
2026-07-07,13:42:14,Camera 3,fire,0.31
2026-07-07,13:42:15,Camera 3,fire,0.25
2026-07-07,13:42:16,Camera 3,fire,0.26
2026-07-07,13:42:17,Camera 3,fire,0.27
2026-07-07,13:42:18,Camera 3,fire,0.26
2026-07-07,13:42:19,Camera 3,fire,0.30
2026-07-07,13:42:20,Camera 3,fire,0.28
2026-07-07,13:42:21,Camera 3,fire,0.26
2026-07-07,13:42:23,Camera 3,fire,0.32
2026-07-07,13:42:24,Camera 3,fire,0.33
2026-07-07,13:42:25,Camera 3,fire,0.32
2026-07-07,13:42:26,Camera 3,fire,0.30
2026-07-07,13:42:27,Camera 3,fire,0.30
2026-07-07,13:42:28,Camera 3,fire,0.31
2026-07-07,13:42:29,Camera 3,fire,0.29
2026-07-07,13:42:30,Camera 3,fire,0.28
2026-07-07,13:42:31,Camera 3,fire,0.31
2026-07-07,13:42:32,Camera 3,fire,0.30
2026-07-07,13:42:33,Camera 3,fire,0.39
2026-07-07,13:42:34,Camera 3,fire,0.42
2026-07-07,13:42:35,Camera 3,fire,0.34
2026-07-07,13:42:37,Camera 3,fire,0.25
2026-07-07,13:42:38,Camera 3,fire,0.29
2026-07-07,13:42:39,Camera 3,fire,0.32
2026-07-07,13:42:41,Camera 3,fire,0.27
2026-07-07,13:42:42,Camera 3,fire,0.36
2026-07-07,13:42:43,Camera 3,fire,0.37
2026-07-07,13:42:44,Camera 3,fire,0.37
2026-07-07,13:42:45,Camera 3,fire,0.44
2026-07-07,13:42:46,Camera 3,fire,0.38
2026-07-07,13:42:47,Camera 3,fire,0.40
2026-07-07,13:42:47,Camera 1,fire,0.26
2026-07-07,13:42:48,Camera 3,fire,0.35
2026-07-07,13:42:49,Camera 3,fire,0.36
2026-07-07,13:42:50,Camera 3,fire,0.40
2026-07-07,13:42:51,Camera 3,fire,0.38
2026-07-07,13:42:52,Camera 3,fire,0.32
2026-07-07,13:42:53,Camera 3,fire,0.34
2026-07-07,13:42:58,Camera 3,fire,0.30
2026-07-07,13:42:59,Camera 3,fire,0.39
2026-07-07,13:43:00,Camera 3,fire,0.36
2026-07-07,13:43:01,Camera 3,fire,0.38
2026-07-07,13:43:02,Camera 3,fire,0.41
2026-07-07,13:43:03,Camera 3,fire,0.36
2026-07-07,13:43:04,Camera 3,fire,0.40
2026-07-07,13:43:05,Camera 3,fire,0.42
2026-07-07,13:43:06,Camera 3,fire,0.29
2026-07-07,13:43:07,Camera 3,fire,0.29
2026-07-07,13:43:08,Camera 3,fire,0.26
2026-07-07,13:43:09,Camera 3,fire,0.35
2026-07-07,13:43:11,Camera 3,fire,0.26
2026-07-07,13:43:13,Camera 3,fire,0.25
2026-07-07,13:43:15,Camera 3,fire,0.31
2026-07-07,13:43:17,Camera 3,fire,0.26
2026-07-07,13:43:18,Camera 3,fire,0.25
2026-07-07,13:43:19,Camera 3,fire,0.34
2026-07-07,13:43:20,Camera 3,fire,0.29
2026-07-07,13:43:22,Camera 3,fire,0.25
2026-07-07,13:43:23,Camera 3,fire,0.25
2026-07-07,13:43:28,Camera 3,fire,0.30
2026-07-07,13:43:33,Camera 3,fire,0.38
2026-07-07,13:43:37,Camera 3,fire,0.43
2026-07-07,13:43:38,Camera 3,fire,0.33
2026-07-07,13:43:39,Camera 3,fire,0.30
2026-07-07,13:43:40,Camera 3,fire,0.26
2026-07-07,13:43:44,Camera 3,fire,0.25
2026-07-07,13:43:46,Camera 3,fire,0.26
2026-07-07,13:43:48,Camera 3,fire,0.26
2026-07-07,13:43:49,Camera 3,fire,0.26
2026-07-07,13:43:51,Camera 3,fire,0.29
2026-07-07,13:43:58,Camera 3,fire,0.25
2026-07-07,13:44:13,Camera 3,fire,0.27
2026-07-07,13:44:14,Camera 3,fire,0.32
2026-07-07,13:44:15,Camera 3,fire,0.31
2026-07-07,13:44:16,Camera 3,fire,0.33
2026-07-07,13:44:17,Camera 3,fire,0.37
2026-07-07,13:44:18,Camera 3,fire,0.36
2026-07-07,13:44:20,Camera 3,fire,0.25
2026-07-07,13:44:21,Camera 3,fire,0.25
2026-07-07,13:44:22,Camera 3,fire,0.43
2026-07-07,13:44:23,Camera 3,fire,0.38
2026-07-07,13:44:24,Camera 3,fire,0.32
2026-07-07,13:44:25,Camera 3,fire,0.41
2026-07-07,13:44:26,Camera 3,fire,0.38
2026-07-07,13:44:27,Camera 3,fire,0.47
2026-07-07,13:44:28,Camera 3,fire,0.31
2026-07-07,13:44:34,Camera 3,fire,0.37
2026-07-07,13:44:35,Camera 3,fire,0.36
2026-07-07,13:44:39,Camera 3,fire,0.27
2026-07-07,13:44:41,Camera 3,fire,0.25
2026-07-07,13:44:42,Camera 3,fire,0.26
2026-07-07,13:44:43,Camera 3,fire,0.34
2026-07-07,13:44:44,Camera 3,fire,0.32
2026-07-07,13:44:45,Camera 3,fire,0.26
2026-07-07,13:44:46,Camera 3,fire,0.32
2026-07-07,13:44:47,Camera 3,fire,0.29
2026-07-07,13:44:49,Camera 3,fire,0.25
2026-07-07,13:44:50,Camera 3,fire,0.26
2026-07-07,13:44:53,Camera 3,fire,0.27
2026-07-07,13:44:55,Camera 3,fire,0.26
2026-07-07,13:44:59,Camera 3,fire,0.25
2026-07-07,13:45:01,Camera 3,fire,0.26
2026-07-07,13:45:02,Camera 3,fire,0.25
2026-07-07,13:45:03,Camera 3,fire,0.31
2026-07-07,13:45:04,Camera 3,fire,0.29
2026-07-07,13:45:05,Camera 3,fire,0.25
2026-07-07,13:45:06,Camera 3,fire,0.26
2026-07-07,13:45:07,Camera 3,fire,0.29
2026-07-07,13:45:08,Camera 3,fire,0.28
2026-07-07,13:45:10,Camera 3,fire,0.25
2026-07-07,13:45:11,Camera 3,fire,0.35
2026-07-07,13:45:12,Camera 3,fire,0.37
2026-07-07,13:45:13,Camera 3,fire,0.33
2026-07-07,13:45:14,Camera 3,fire,0.36
2026-07-07,13:45:15,Camera 3,fire,0.31
2026-07-07,13:45:16,Camera 3,fire,0.30
2026-07-07,13:45:17,Camera 3,fire,0.31
2026-07-07,13:45:18,Camera 3,fire,0.32
2026-07-07,13:45:19,Camera 3,fire,0.31
2026-07-07,13:45:20,Camera 3,fire,0.34
2026-07-07,13:45:21,Camera 3,fire,0.33
2026-07-07,13:45:22,Camera 3,fire,0.30
2026-07-07,13:45:23,Camera 3,fire,0.31
2026-07-07,13:45:24,Camera 3,fire,0.41
2026-07-07,13:45:25,Camera 3,fire,0.30
2026-07-07,13:45:26,Camera 3,fire,0.28
2026-07-07,13:45:27,Camera 3,fire,0.38
2026-07-07,13:45:28,Camera 3,fire,0.30
2026-07-07,13:45:33,Camera 3,fire,0.42
2026-07-07,13:45:37,Camera 3,fire,0.25
2026-07-07,13:45:41,Camera 3,fire,0.31
2026-07-07,13:45:52,Camera 3,fire,0.51
2026-07-07,13:45:53,Camera 3,fire,0.34
2026-07-07,13:45:54,Camera 3,fire,0.30
2026-07-07,13:45:55,Camera 3,fire,0.35
2026-07-07,13:45:56,Camera 3,fire,0.39
2026-07-07,13:45:57,Camera 3,fire,0.33
2026-07-07,13:45:58,Camera 3,fire,0.31
2026-07-07,13:45:59,Camera 3,fire,0.31
2026-07-07,13:46:00,Camera 3,fire,0.28
2026-07-07,13:46:01,Camera 3,fire,0.26
2026-07-07,13:46:02,Camera 3,fire,0.34
2026-07-07,13:46:03,Camera 3,fire,0.30
2026-07-07,13:46:04,Camera 3,fire,0.27
2026-07-07,13:46:05,Camera 3,fire,0.28
2026-07-07,13:46:06,Camera 3,fire,0.28
2026-07-07,13:46:07,Camera 3,fire,0.33
2026-07-07,13:46:08,Camera 3,fire,0.30
2026-07-07,13:46:09,Camera 3,fire,0.30
2026-07-07,13:46:10,Camera 3,fire,0.28
2026-07-07,13:46:11,Camera 3,fire,0.30
2026-07-07,13:46:12,Camera 3,fire,0.25
2026-07-07,13:46:13,Camera 3,fire,0.26
2026-07-07,13:46:14,Camera 3,fire,0.29
2026-07-07,13:46:15,Camera 3,fire,0.29
2026-07-07,13:46:21,Camera 3,fire,0.26
2026-07-07,13:46:21,Camera 3,smoke,0.26
2026-07-07,13:46:22,Camera 3,fire,0.28
2026-07-07,13:46:24,Camera 3,fire,0.25
2026-07-07,13:46:25,Camera 3,fire,0.32
2026-07-07,13:46:26,Camera 3,fire,0.31
2026-07-07,13:46:27,Camera 3,fire,0.46
2026-07-07,13:46:28,Camera 3,fire,0.41
2026-07-07,13:46:29,Camera 1,fire,0.39
2026-07-07,13:46:30,Camera 3,fire,0.26
2026-07-07,13:46:31,Camera 3,fire,0.28
2026-07-07,13:46:32,Camera 3,fire,0.26
2026-07-07,13:46:34,Camera 3,fire,0.26
2026-07-07,13:46:35,Camera 3,fire,0.26
2026-07-07,13:46:36,Camera 3,fire,0.25
2026-07-07,13:46:44,Camera 3,smoke,0.31
2026-07-07,13:46:53,Camera 3,fire,0.29
2026-07-07,13:47:29,Camera 3,fire,0.31
2026-07-07,13:47:30,Camera 3,fire,0.37
2026-07-07,13:47:46,Camera 3,fire,0.27
2026-07-07,13:47:47,Camera 3,fire,0.27
2026-07-07,13:47:50,Camera 3,fire,0.26
2026-07-07,13:47:52,Camera 3,fire,0.29
2026-07-07,13:47:53,Camera 3,fire,0.38
2026-07-07,13:47:54,Camera 3,smoke,0.27
2026-07-07,13:47:54,Camera 3,fire,0.29
2026-07-07,13:48:00,Camera 3,fire,0.28
2026-07-07,13:48:03,Camera 2,fire,0.28
2026-07-07,13:48:05,Camera 3,fire,0.26
2026-07-07,13:48:06,Camera 3,fire,0.29
2026-07-07,13:48:07,Camera 3,fire,0.26
2026-07-07,13:48:08,Camera 3,fire,0.38
2026-07-07,13:48:09,Camera 3,fire,0.37
2026-07-07,13:48:11,Camera 3,fire,0.28
2026-07-07,13:48:11,Camera 3,smoke,0.42
2026-07-07,13:48:14,Camera 3,fire,0.26
2026-07-07,13:48:15,Camera 3,fire,0.28
2026-07-07,13:48:18,Camera 3,fire,0.26
2026-07-07,13:48:19,Camera 3,fire,0.29
2026-07-07,13:48:20,Camera 3,fire,0.29
2026-07-07,13:48:27,Camera 3,fire,0.30
2026-07-07,13:48:28,Camera 3,fire,0.29
2026-07-07,13:48:29,Camera 3,fire,0.25
2026-07-07,13:48:30,Camera 3,fire,0.26
2026-07-07,13:48:30,Camera 3,smoke,0.33
2026-07-07,13:48:31,Camera 3,fire,0.27
2026-07-07,13:48:32,Camera 3,fire,0.27
2026-07-07,13:48:33,Camera 3,fire,0.33
2026-07-07,13:48:34,Camera 3,fire,0.26
2026-07-07,13:48:35,Camera 3,smoke,0.31
2026-07-07,13:48:35,Camera 3,fire,0.29
2026-07-07,13:48:36,Camera 3,fire,0.26
2026-07-07,13:48:39,Camera 3,fire,0.25
2026-07-07,13:48:43,Camera 3,fire,0.29
2026-07-07,13:48:44,Camera 3,fire,0.26
2026-07-07,13:48:49,Camera 3,fire,0.25
2026-07-07,13:48:52,Camera 3,fire,0.25
2026-07-07,13:48:53,Camera 3,fire,0.26
2026-07-07,13:48:55,Camera 3,fire,0.25
2026-07-07,13:48:56,Camera 3,fire,0.31
2026-07-07,13:49:02,Camera 3,fire,0.27
2026-07-07,13:49:03,Camera 3,fire,0.30
2026-07-07,13:49:04,Camera 3,fire,0.31
2026-07-07,13:49:05,Camera 3,fire,0.32
2026-07-07,13:49:06,Camera 3,fire,0.36
2026-07-07,13:49:07,Camera 3,fire,0.28
2026-07-07,13:49:08,Camera 3,fire,0.26
2026-07-07,13:49:11,Camera 3,fire,0.26
2026-07-07,13:49:12,Camera 3,fire,0.25
2026-07-07,13:49:14,Camera 3,fire,0.56
2026-07-07,13:49:18,Camera 3,fire,0.25
2026-07-07,13:49:32,Camera 2,smoke,0.25
2026-07-07,13:49:35,Camera 2,fire,0.43
2026-07-07,13:49:37,Camera 2,fire,0.28
2026-07-07,13:49:39,Camera 2,fire,0.30
2026-07-07,13:49:41,Camera 3,fire,0.30
2026-07-07,13:49:43,Camera 3,fire,0.31
2026-07-07,13:49:44,Camera 3,fire,0.38
2026-07-07,13:49:45,Camera 3,fire,0.31
2026-07-07,13:49:46,Camera 3,fire,0.30
2026-07-07,13:49:47,Camera 3,fire,0.36
2026-07-07,13:49:48,Camera 3,fire,0.43
2026-07-07,13:49:49,Camera 3,fire,0.31
2026-07-07,13:49:50,Camera 3,fire,0.28
2026-07-07,13:49:51,Camera 3,fire,0.32
2026-07-07,13:49:52,Camera 3,fire,0.32
2026-07-07,13:49:53,Camera 3,fire,0.43
2026-07-07,13:49:54,Camera 3,fire,0.27
2026-07-07,13:49:55,Camera 3,fire,0.25
2026-07-07,13:49:56,Camera 3,fire,0.36
2026-07-07,13:49:57,Camera 3,fire,0.26
2026-07-07,13:49:58,Camera 3,fire,0.38
2026-07-07,13:50:00,Camera 3,fire,0.25
2026-07-07,13:50:01,Camera 3,fire,0.33
2026-07-07,13:50:02,Camera 3,fire,0.32
2026-07-07,13:50:03,Camera 3,fire,0.33
2026-07-07,13:50:04,Camera 3,fire,0.27
2026-07-07,13:50:13,Camera 3,fire,0.27
2026-07-07,13:50:14,Camera 3,fire,0.39
2026-07-07,13:50:15,Camera 3,fire,0.33
2026-07-07,13:50:16,Camera 3,fire,0.37
2026-07-07,13:50:16,Camera 1,fire,0.26
2026-07-07,13:50:17,Camera 3,fire,0.41
2026-07-07,13:50:18,Camera 3,fire,0.28
2026-07-07,13:50:43,Camera 3,fire,0.29
2026-07-07,13:50:46,Camera 3,fire,0.27
2026-07-07,13:50:49,Camera 3,fire,0.25
2026-07-07,13:50:56,Camera 3,fire,0.27
2026-07-07,13:51:00,Camera 3,fire,0.26
2026-07-07,13:51:01,Camera 3,fire,0.26
2026-07-07,13:51:02,Camera 3,fire,0.32
2026-07-07,13:51:03,Camera 3,fire,0.30
2026-07-07,13:51:07,Camera 3,fire,0.27
2026-07-07,13:51:24,Camera 3,fire,0.25
2026-07-07,13:51:25,Camera 3,fire,0.40
2026-07-07,13:51:26,Camera 3,fire,0.30
2026-07-07,13:51:27,Camera 3,fire,0.26
2026-07-07,13:51:29,Camera 3,fire,0.37
2026-07-07,13:51:30,Camera 3,fire,0.43
2026-07-07,13:51:31,Camera 3,fire,0.33
2026-07-07,13:51:32,Camera 3,fire,0.37
2026-07-07,13:51:33,Camera 3,fire,0.37
2026-07-07,13:51:34,Camera 3,fire,0.31
2026-07-07,13:51:35,Camera 3,fire,0.31
2026-07-07,13:51:36,Camera 3,fire,0.28
2026-07-07,13:51:37,Camera 3,fire,0.27
2026-07-07,13:51:38,Camera 3,fire,0.27
2026-07-07,13:51:39,Camera 3,fire,0.28
2026-07-07,13:51:40,Camera 3,fire,0.31
2026-07-07,13:52:20,Camera 3,fire,0.26
2026-07-07,13:52:25,Camera 3,fire,0.27
2026-07-07,13:52:31,Camera 3,fire,0.27
2026-07-07,13:52:33,Camera 3,fire,0.26
2026-07-07,13:52:37,Camera 2,fire,0.31
2026-07-07,13:52:39,Camera 2,fire,0.28
2026-07-07,13:52:42,Camera 3,fire,0.27
2026-07-07,13:52:47,Camera 2,fire,0.27
2026-07-07,13:52:51,Camera 3,fire,0.26
2026-07-07,13:52:57,Camera 3,fire,0.26
2026-07-07,13:53:04,Camera 3,smoke,0.37
2026-07-07,13:53:08,Camera 3,smoke,0.30
2026-07-07,13:53:13,Camera 3,fire,0.30
2026-07-07,13:53:20,Camera 3,fire,0.27
2026-07-07,13:53:21,Camera 3,fire,0.33
2026-07-07,13:53:22,Camera 3,fire,0.28
2026-07-07,13:53:28,Camera 3,fire,0.27
2026-07-07,13:53:29,Camera 3,fire,0.33
2026-07-07,13:53:30,Camera 3,fire,0.26
2026-07-07,13:53:34,Camera 3,fire,0.30
2026-07-07,13:53:40,Camera 2,smoke,0.25
2026-07-07,13:53:42,Camera 2,fire,0.35
2026-07-07,13:53:43,Camera 3,fire,0.32
2026-07-07,13:53:44,Camera 3,fire,0.30
2026-07-07,13:53:45,Camera 3,fire,0.30
2026-07-07,13:53:46,Camera 3,fire,0.39
2026-07-07,13:53:47,Camera 3,fire,0.36
2026-07-07,13:53:48,Camera 2,fire,0.27
2026-07-07,13:53:48,Camera 3,fire,0.39
2026-07-07,13:53:49,Camera 3,fire,0.33
2026-07-07,13:53:50,Camera 2,fire,0.33
2026-07-07,13:53:50,Camera 3,fire,0.32
2026-07-07,13:53:51,Camera 2,fire,0.39
2026-07-07,13:53:51,Camera 3,fire,0.26
2026-07-07,13:53:59,Camera 2,smoke,0.30
2026-07-07,13:54:05,Camera 3,fire,0.25
2026-07-07,13:54:06,Camera 3,fire,0.26
2026-07-07,13:54:07,Camera 3,fire,0.33
2026-07-07,13:54:10,Camera 3,fire,0.27
2026-07-07,13:54:11,Camera 3,fire,0.31
2026-07-07,13:54:12,Camera 3,fire,0.33
2026-07-07,13:54:13,Camera 3,fire,0.27
2026-07-07,13:54:45,Camera 1,fire,0.27
2026-07-07,13:55:00,Camera 3,fire,0.26
2026-07-07,13:55:24,Camera 3,fire,0.35
2026-07-07,13:55:28,Camera 3,fire,0.30
2026-07-07,13:55:30,Camera 2,fire,0.28
2026-07-07,13:55:31,Camera 3,fire,0.28
2026-07-07,13:55:35,Camera 3,fire,0.29
2026-07-07,13:55:36,Camera 3,fire,0.31
2026-07-07,13:55:37,Camera 3,fire,0.25
2026-07-07,13:55:40,Camera 3,fire,0.32
2026-07-07,13:55:42,Camera 3,fire,0.26
2026-07-07,13:55:43,Camera 3,fire,0.26
2026-07-07,13:56:11,Camera 3,fire,0.26
2026-07-07,13:56:25,Camera 3,fire,0.26
2026-07-07,13:56:33,Camera 3,fire,0.26
2026-07-07,13:56:34,Camera 3,fire,0.31
2026-07-07,13:56:35,Camera 3,fire,0.27
2026-07-07,13:56:37,Camera 3,fire,0.28
2026-07-07,13:56:38,Camera 3,fire,0.25
2026-07-07,13:56:39,Camera 3,fire,0.33
2026-07-07,13:56:40,Camera 3,fire,0.31
2026-07-07,13:56:41,Camera 3,fire,0.31
2026-07-07,13:56:42,Camera 3,fire,0.33
2026-07-07,13:56:43,Camera 3,fire,0.25
2026-07-07,13:56:44,Camera 3,fire,0.28
2026-07-07,13:56:45,Camera 3,fire,0.30
2026-07-07,13:56:47,Camera 3,fire,0.32
2026-07-07,13:56:50,Camera 3,fire,0.25
2026-07-07,13:56:57,Camera 3,fire,0.26
2026-07-07,13:56:58,Camera 3,fire,0.28
2026-07-07,13:57:01,Camera 3,fire,0.28
2026-07-07,13:57:11,Camera 3,fire,0.26
2026-07-07,14:01:18,Camera 2,fire,0.28
2026-07-07,14:01:20,Camera 2,smoke,0.26
2026-07-07,14:01:20,Camera 2,fire,0.28
2026-07-07,14:01:21,Camera 2,fire,0.27
2026-07-07,14:01:22,Camera 2,fire,0.32
2026-07-07,14:01:36,Camera 2,smoke,0.49
2026-07-07,14:01:38,Camera 2,fire,0.38
2026-07-07,14:04:23,Camera 3,fire,0.27
2026-07-07,14:04:29,Camera 3,fire,0.25
2026-07-07,14:04:51,Camera 3,fire,0.26
2026-07-07,14:04:59,Camera 3,fire,0.27
2026-07-07,14:05:57,Camera 3,fire,0.27
2026-07-07,14:06:03,Camera 3,fire,0.26
2026-07-07,14:06:04,Camera 1,fire,0.26
2026-07-07,14:06:26,Camera 3,fire,0.26
2026-07-07,14:07:20,Camera 3,fire,0.32
2026-07-07,14:07:21,Camera 1,smoke,0.32
2026-07-07,14:07:21,Camera 3,fire,0.30
2026-07-07,14:07:22,Camera 1,smoke,0.46
2026-07-07,14:07:23,Camera 1,smoke,0.25
2026-07-07,14:07:24,Camera 1,smoke,0.45
2026-07-07,14:07:27,Camera 1,smoke,0.30
2026-07-07,14:07:30,Camera 1,smoke,0.26
2026-07-07,14:07:41,Camera 3,fire,0.26
2026-07-07,14:07:48,Camera 3,fire,0.27
2026-07-07,14:07:49,Camera 3,fire,0.45
2026-07-07,14:07:53,Camera 3,fire,0.28
2026-07-07,14:09:09,Camera 3,fire,0.25
2026-07-07,14:11:17,Camera 2,fire,0.31
2026-07-07,14:11:25,Camera 3,fire,0.32
2026-07-07,14:11:26,Camera 3,fire,0.39
2026-07-07,14:11:27,Camera 3,fire,0.49
2026-07-07,14:11:28,Camera 3,fire,0.34
2026-07-07,14:11:29,Camera 3,fire,0.27
2026-07-07,14:11:31,Camera 3,fire,0.26
2026-07-07,14:11:32,Camera 3,fire,0.40
2026-07-07,14:11:34,Camera 3,smoke,0.47
2026-07-07,14:11:34,Camera 3,fire,0.36
2026-07-07,14:11:36,Camera 3,fire,0.41
2026-07-07,14:11:37,Camera 3,fire,0.38
2026-07-07,14:11:38,Camera 3,fire,0.33
2026-07-07,14:11:40,Camera 3,fire,0.25
2026-07-07,14:11:41,Camera 3,fire,0.38
2026-07-07,14:11:42,Camera 3,fire,0.25
2026-07-07,14:11:47,Camera 3,fire,0.30
2026-07-07,14:11:48,Camera 3,fire,0.29
2026-07-07,14:11:49,Camera 3,fire,0.34
2026-07-07,14:11:51,Camera 2,fire,0.31
2026-07-07,14:11:56,Camera 3,fire,0.31
2026-07-07,14:11:57,Camera 3,fire,0.25
2026-07-07,14:11:59,Camera 3,fire,0.26
2026-07-07,14:12:04,Camera 3,fire,0.38
2026-07-07,14:12:09,Camera 3,fire,0.26
2026-07-07,14:12:12,Camera 3,fire,0.34
2026-07-07,14:12:17,Camera 3,fire,0.29
2026-07-07,14:12:18,Camera 3,fire,0.35
2026-07-07,14:12:19,Camera 3,fire,0.27
2026-07-07,14:12:20,Camera 3,fire,0.30
2026-07-07,14:12:21,Camera 3,fire,0.34
2026-07-07,14:12:22,Camera 3,fire,0.29
2026-07-07,14:12:23,Camera 3,fire,0.32
2026-07-07,14:12:24,Camera 3,fire,0.29
2026-07-07,14:12:28,Camera 3,fire,0.25
2026-07-07,14:12:33,Camera 3,fire,0.28
2026-07-07,14:12:35,Camera 3,fire,0.44
2026-07-07,14:12:36,Camera 3,fire,0.29
2026-07-07,14:12:38,Camera 3,fire,0.25
2026-07-07,14:12:42,Camera 3,fire,0.25
2026-07-07,14:12:43,Camera 3,fire,0.29
2026-07-07,14:12:44,Camera 2,fire,0.32
2026-07-07,14:12:47,Camera 3,fire,0.35
2026-07-07,14:12:48,Camera 2,fire,0.25
2026-07-07,14:12:49,Camera 2,fire,0.30
2026-07-07,14:12:50,Camera 2,fire,0.35
2026-07-07,14:12:51,Camera 2,fire,0.28
2026-07-07,14:12:52,Camera 3,fire,0.25
2026-07-07,14:12:52,Camera 2,smoke,0.31
2026-07-07,14:12:53,Camera 3,fire,0.27
2026-07-07,14:12:54,Camera 2,fire,0.29
2026-07-07,14:12:55,Camera 3,fire,0.25
2026-07-07,14:12:56,Camera 3,fire,0.28
2026-07-07,14:12:57,Camera 3,fire,0.40
2026-07-07,14:13:00,Camera 3,fire,0.37
2026-07-07,14:13:00,Camera 2,fire,0.27
2026-07-07,14:13:06,Camera 2,fire,0.25
2026-07-07,14:13:11,Camera 2,fire,0.35
2026-07-07,14:13:37,Camera 2,fire,0.30
2026-07-07,14:13:44,Camera 3,fire,0.32
2026-07-07,14:13:45,Camera 3,fire,0.25
2026-07-07,14:13:46,Camera 3,fire,0.26
2026-07-07,14:13:49,Camera 2,smoke,0.29
2026-07-07,14:13:52,Camera 2,smoke,0.44
2026-07-07,14:13:52,Camera 2,fire,0.30
2026-07-07,14:13:56,Camera 2,fire,0.35
2026-07-07,14:13:56,Camera 3,fire,0.25
2026-07-07,14:14:01,Camera 3,fire,0.27
2026-07-07,14:14:04,Camera 3,fire,0.26
2026-07-07,14:14:06,Camera 3,fire,0.30
2026-07-07,14:14:12,Camera 3,fire,0.32
2026-07-07,14:14:22,Camera 2,fire,0.35
2026-07-07,14:14:31,Camera 2,smoke,0.60
2026-07-07,14:14:33,Camera 2,smoke,0.78
2026-07-07,14:14:36,Camera 2,fire,0.27
2026-07-07,14:14:43,Camera 2,smoke,0.29
2026-07-07,14:15:09,Camera 2,fire,0.44
2026-07-07,14:15:16,Camera 2,fire,0.26
2026-07-07,14:15:16,Camera 2,smoke,0.27
2026-07-07,14:15:17,Camera 2,fire,0.49
2026-07-07,14:15:17,Camera 2,smoke,0.25
2026-07-07,14:15:19,Camera 3,fire,0.32
2026-07-07,14:15:20,Camera 3,fire,0.47
2026-07-07,14:15:21,Camera 3,fire,0.39
2026-07-07,14:15:22,Camera 3,fire,0.41
2026-07-07,14:15:23,Camera 3,fire,0.37
2026-07-07,14:15:23,Camera 2,fire,0.30
2026-07-07,14:15:24,Camera 3,fire,0.38
2026-07-07,14:15:25,Camera 3,fire,0.34
2026-07-07,14:15:25,Camera 2,fire,0.29
2026-07-07,14:15:26,Camera 3,fire,0.37
2026-07-07,14:15:34,Camera 2,fire,0.35
2026-07-07,14:15:43,Camera 3,fire,0.29
2026-07-07,14:15:45,Camera 2,smoke,0.26
2026-07-07,14:15:52,Camera 3,fire,0.47
2026-07-07,14:15:58,Camera 3,fire,0.34
2026-07-07,14:16:09,Camera 2,smoke,0.28
2026-07-07,14:16:11,Camera 2,smoke,0.29
2026-07-07,14:16:13,Camera 2,smoke,0.25
2026-07-07,14:16:14,Camera 2,smoke,0.37
2026-07-07,14:16:15,Camera 2,smoke,0.50
2026-07-07,14:16:15,Camera 3,fire,0.39
2026-07-07,14:16:16,Camera 2,smoke,0.28
2026-07-07,14:16:17,Camera 2,smoke,0.38
2026-07-07,14:16:19,Camera 2,smoke,0.26
2026-07-07,14:16:20,Camera 3,fire,0.29
2026-07-07,14:16:24,Camera 2,smoke,0.29
2026-07-07,14:16:25,Camera 2,smoke,0.28
2026-07-07,14:16:26,Camera 2,smoke,0.42
2026-07-07,14:16:27,Camera 2,smoke,0.51
2026-07-07,14:16:28,Camera 2,smoke,0.41
2026-07-07,14:16:29,Camera 2,smoke,0.41
2026-07-07,14:16:30,Camera 2,smoke,0.50
2026-07-07,14:16:31,Camera 2,smoke,0.43
2026-07-07,14:16:34,Camera 2,fire,0.27
2026-07-07,14:16:35,Camera 2,smoke,0.27
2026-07-07,14:16:36,Camera 2,smoke,0.57
2026-07-07,14:16:37,Camera 2,smoke,0.52
2026-07-07,14:16:38,Camera 2,smoke,0.28
2026-07-07,14:16:39,Camera 2,smoke,0.33
2026-07-07,14:16:40,Camera 2,smoke,0.27
2026-07-07,14:16:41,Camera 2,smoke,0.40
2026-07-07,14:16:42,Camera 2,smoke,0.31
2026-07-07,14:16:43,Camera 2,smoke,0.28
2026-07-07,14:16:44,Camera 2,smoke,0.44
2026-07-07,14:16:45,Camera 2,smoke,0.43
2026-07-07,14:16:47,Camera 2,smoke,0.36
2026-07-07,14:16:48,Camera 2,smoke,0.28
2026-07-07,14:16:52,Camera 3,fire,0.37
2026-07-07,14:16:55,Camera 2,smoke,0.32
2026-07-07,14:16:57,Camera 2,smoke,0.34
2026-07-07,14:17:01,Camera 3,fire,0.25
2026-07-07,14:17:02,Camera 3,fire,0.31
2026-07-07,14:17:16,Camera 3,fire,0.39
2026-07-07,14:17:18,Camera 3,fire,0.39
2026-07-07,14:17:24,Camera 1,fire,0.26
2026-07-07,14:17:26,Camera 1,fire,0.28
2026-07-07,14:17:33,Camera 3,fire,0.27
2026-07-07,14:17:34,Camera 3,fire,0.26
2026-07-07,14:17:35,Camera 3,fire,0.37
2026-07-07,14:17:36,Camera 3,fire,0.29
2026-07-07,14:17:37,Camera 3,fire,0.34
2026-07-07,14:17:41,Camera 3,fire,0.41
2026-07-07,14:17:42,Camera 3,fire,0.27
2026-07-07,14:17:43,Camera 3,fire,0.49
2026-07-07,14:17:53,Camera 3,fire,0.33
2026-07-07,14:17:54,Camera 3,fire,0.51
2026-07-07,14:17:57,Camera 3,fire,0.26
2026-07-07,14:17:58,Camera 3,fire,0.31
2026-07-07,14:17:59,Camera 3,fire,0.26
2026-07-07,14:18:00,Camera 3,fire,0.27
2026-07-07,14:18:01,Camera 3,fire,0.27
2026-07-07,14:18:02,Camera 3,fire,0.28
2026-07-07,14:18:04,Camera 3,fire,0.37
2026-07-07,14:18:23,Camera 2,smoke,0.57
2026-07-07,14:18:36,Camera 3,fire,0.28
2026-07-07,14:18:37,Camera 3,fire,0.27
2026-07-07,14:18:40,Camera 3,fire,0.29
2026-07-07,14:18:43,Camera 3,fire,0.41
2026-07-07,14:18:47,Camera 3,fire,0.28
2026-07-07,14:18:48,Camera 3,fire,0.25
2026-07-07,14:18:49,Camera 3,fire,0.25
2026-07-07,14:18:53,Camera 3,fire,0.30
2026-07-07,14:18:56,Camera 3,fire,0.28
2026-07-07,14:18:57,Camera 3,fire,0.38
2026-07-07,14:18:58,Camera 3,fire,0.32
2026-07-07,14:18:59,Camera 3,fire,0.34
2026-07-07,14:19:00,Camera 3,fire,0.56
2026-07-07,14:19:01,Camera 3,fire,0.44
2026-07-07,14:19:03,Camera 3,fire,0.27
2026-07-07,14:19:04,Camera 3,fire,0.37
2026-07-07,14:19:05,Camera 3,fire,0.32
2026-07-07,14:19:06,Camera 3,fire,0.26
2026-07-07,14:19:12,Camera 3,fire,0.26
2026-07-07,14:19:13,Camera 1,smoke,0.31
2026-07-07,14:19:15,Camera 3,fire,0.25
2026-07-07,14:19:17,Camera 3,fire,0.25
2026-07-07,14:19:18,Camera 3,fire,0.25
2026-07-07,14:19:19,Camera 3,fire,0.25
2026-07-07,14:19:20,Camera 3,fire,0.27
2026-07-07,14:19:22,Camera 3,fire,0.26
2026-07-07,14:19:23,Camera 3,fire,0.28
2026-07-07,14:19:25,Camera 3,fire,0.25
2026-07-07,14:19:36,Camera 3,fire,0.26
2026-07-07,14:19:39,Camera 3,fire,0.25
2026-07-07,14:19:42,Camera 3,fire,0.25
2026-07-07,14:19:43,Camera 3,fire,0.30
2026-07-07,14:19:44,Camera 3,fire,0.32
2026-07-07,14:19:48,Camera 3,fire,0.34
2026-07-07,14:19:49,Camera 3,fire,0.29
2026-07-07,14:19:50,Camera 3,fire,0.32
2026-07-07,14:19:52,Camera 3,fire,0.28
2026-07-07,14:19:53,Camera 3,fire,0.33
2026-07-07,14:19:54,Camera 3,fire,0.35
2026-07-07,14:19:55,Camera 3,fire,0.27
2026-07-07,14:19:56,Camera 3,fire,0.27
2026-07-07,14:19:57,Camera 3,fire,0.30
2026-07-07,14:19:58,Camera 3,fire,0.32
2026-07-07,14:19:59,Camera 3,fire,0.33
2026-07-07,14:20:00,Camera 3,fire,0.32
2026-07-07,14:20:01,Camera 3,fire,0.32
2026-07-07,14:20:02,Camera 3,fire,0.29
2026-07-07,14:20:03,Camera 3,fire,0.26
2026-07-07,14:20:04,Camera 3,fire,0.26
2026-07-07,14:20:05,Camera 3,fire,0.43
2026-07-07,14:20:06,Camera 3,fire,0.44
2026-07-07,14:20:07,Camera 3,fire,0.32
2026-07-07,14:20:08,Camera 3,fire,0.26
2026-07-07,14:20:10,Camera 3,fire,0.29
2026-07-07,14:20:12,Camera 3,fire,0.28
2026-07-07,14:20:13,Camera 3,fire,0.31
2026-07-07,14:20:14,Camera 3,fire,0.30
2026-07-07,14:20:15,Camera 3,fire,0.34
2026-07-07,14:20:16,Camera 3,fire,0.38
2026-07-07,14:20:17,Camera 3,fire,0.35
2026-07-07,14:20:18,Camera 3,fire,0.40
2026-07-07,14:20:19,Camera 3,fire,0.40
2026-07-07,14:20:20,Camera 3,fire,0.35
2026-07-07,14:20:21,Camera 3,fire,0.34
2026-07-07,14:20:22,Camera 3,fire,0.27
2026-07-07,14:20:23,Camera 3,fire,0.27
2026-07-07,14:20:27,Camera 3,fire,0.32
2026-07-07,14:20:30,Camera 3,fire,0.26
2026-07-07,14:20:31,Camera 3,fire,0.29
2026-07-07,14:20:32,Camera 3,fire,0.26
2026-07-07,14:20:33,Camera 3,fire,0.25
2026-07-07,14:20:34,Camera 3,fire,0.26
2026-07-07,14:20:36,Camera 3,fire,0.25
2026-07-07,14:20:37,Camera 3,fire,0.28
2026-07-07,14:20:38,Camera 3,fire,0.25
2026-07-07,14:20:39,Camera 3,fire,0.28
2026-07-07,14:20:40,Camera 3,fire,0.32
2026-07-07,14:20:40,Camera 3,smoke,0.42
2026-07-07,14:20:41,Camera 3,fire,0.32
2026-07-07,14:20:42,Camera 3,fire,0.29
2026-07-07,14:20:43,Camera 3,fire,0.32
2026-07-07,14:20:45,Camera 3,fire,0.26
2026-07-07,14:20:48,Camera 3,fire,0.37
2026-07-07,14:20:56,Camera 3,fire,0.27
2026-07-07,14:20:59,Camera 3,fire,0.28
2026-07-07,14:21:00,Camera 3,fire,0.34
2026-07-07,14:21:01,Camera 3,fire,0.32
2026-07-07,14:21:02,Camera 3,fire,0.30
2026-07-07,14:21:03,Camera 3,fire,0.34
2026-07-07,14:21:05,Camera 3,fire,0.29
2026-07-07,14:21:06,Camera 3,fire,0.27
2026-07-07,14:21:07,Camera 3,fire,0.34
2026-07-07,14:21:08,Camera 3,fire,0.40
2026-07-07,14:21:09,Camera 3,fire,0.28
2026-07-07,14:21:10,Camera 3,fire,0.32
2026-07-07,14:21:11,Camera 3,fire,0.26
2026-07-07,14:21:12,Camera 3,fire,0.25
2026-07-07,14:21:15,Camera 3,fire,0.30
2026-07-07,14:21:16,Camera 3,fire,0.29
2026-07-07,14:21:20,Camera 3,fire,0.25
2026-07-07,14:21:22,Camera 3,fire,0.25
2026-07-07,14:21:34,Camera 3,fire,0.25
2026-07-07,14:21:35,Camera 3,fire,0.44
2026-07-07,14:21:37,Camera 3,fire,0.27
2026-07-07,14:21:38,Camera 3,fire,0.36
2026-07-07,14:21:43,Camera 3,fire,0.27
2026-07-07,14:21:44,Camera 3,fire,0.33
2026-07-07,14:21:45,Camera 3,fire,0.39
2026-07-07,14:21:46,Camera 3,fire,0.39
2026-07-07,14:21:47,Camera 3,fire,0.37
2026-07-07,14:21:48,Camera 3,fire,0.39
2026-07-07,14:21:49,Camera 3,fire,0.38
2026-07-07,14:21:50,Camera 3,fire,0.34
2026-07-07,14:21:54,Camera 3,fire,0.25
2026-07-07,14:21:55,Camera 3,fire,0.29
2026-07-07,14:21:56,Camera 3,fire,0.34
2026-07-07,14:21:57,Camera 3,fire,0.25
2026-07-07,14:21:58,Camera 3,fire,0.29
2026-07-07,14:21:59,Camera 3,fire,0.30
2026-07-07,14:22:00,Camera 3,fire,0.31
2026-07-07,14:22:01,Camera 3,fire,0.34
2026-07-07,14:22:02,Camera 3,fire,0.31
2026-07-07,14:22:03,Camera 3,fire,0.30
2026-07-07,14:22:04,Camera 3,fire,0.37
2026-07-07,14:22:05,Camera 3,fire,0.38
2026-07-07,14:22:06,Camera 3,fire,0.36
2026-07-07,14:22:07,Camera 3,fire,0.44
2026-07-07,14:22:08,Camera 3,fire,0.37
2026-07-07,14:22:09,Camera 3,fire,0.41
2026-07-07,14:22:13,Camera 3,fire,0.29
2026-07-07,14:22:14,Camera 3,fire,0.29
2026-07-07,14:22:15,Camera 3,fire,0.31
2026-07-07,14:22:16,Camera 3,fire,0.30
2026-07-07,14:22:17,Camera 3,fire,0.34
2026-07-07,14:22:18,Camera 3,fire,0.27
2026-07-07,14:22:19,Camera 3,fire,0.27
2026-07-07,14:22:20,Camera 3,fire,0.25
2026-07-07,14:22:21,Camera 3,fire,0.31
2026-07-07,14:22:22,Camera 3,fire,0.34
2026-07-07,14:22:23,Camera 3,fire,0.25
2026-07-07,14:22:25,Camera 3,fire,0.30
2026-07-07,14:22:26,Camera 3,fire,0.32
2026-07-07,14:22:33,Camera 3,fire,0.26
2026-07-07,14:22:34,Camera 3,fire,0.27
2026-07-07,14:22:35,Camera 3,fire,0.28
2026-07-07,14:22:43,Camera 3,fire,0.26
2026-07-07,14:22:45,Camera 3,fire,0.26
2026-07-07,14:23:45,Camera 1,fire,0.25
2026-07-07,14:23:58,Camera 1,fire,0.25
2026-07-07,14:24:00,Camera 1,fire,0.33
2026-07-07,14:26:03,Camera 1,fire,0.30
2026-07-07,14:26:10,Camera 3,fire,0.26
2026-07-07,14:26:28,Camera 1,fire,0.34
2026-07-07,14:26:31,Camera 3,fire,0.31
2026-07-07,14:27:07,Camera 3,fire,0.29
2026-07-07,14:27:13,Camera 3,fire,0.25
2026-07-07,14:27:25,Camera 3,fire,0.27
2026-07-07,14:27:28,Camera 3,fire,0.27
2026-07-07,14:27:30,Camera 3,fire,0.26
2026-07-07,14:27:31,Camera 3,fire,0.31
2026-07-07,14:27:32,Camera 3,fire,0.39
2026-07-07,14:27:33,Camera 3,fire,0.28
2026-07-07,14:27:35,Camera 3,fire,0.25
2026-07-07,14:27:36,Camera 3,fire,0.32
2026-07-07,14:27:37,Camera 3,fire,0.29
2026-07-07,14:27:45,Camera 3,fire,0.25
2026-07-07,14:27:47,Camera 3,fire,0.26
2026-07-07,14:27:48,Camera 3,fire,0.28
2026-07-07,14:27:51,Camera 3,fire,0.25
2026-07-07,14:27:53,Camera 3,fire,0.27
2026-07-07,14:27:54,Camera 3,fire,0.26
2026-07-07,14:27:57,Camera 3,fire,0.25
2026-07-07,14:27:58,Camera 3,fire,0.31
2026-07-07,14:27:59,Camera 3,fire,0.31
2026-07-07,14:28:00,Camera 3,fire,0.39
2026-07-07,14:28:03,Camera 3,fire,0.27
2026-07-07,14:28:04,Camera 3,fire,0.31
2026-07-07,14:28:06,Camera 3,fire,0.25
2026-07-07,14:28:08,Camera 3,fire,0.25
2026-07-07,14:28:09,Camera 3,fire,0.26
2026-07-07,14:28:11,Camera 3,fire,0.26
2026-07-07,14:28:12,Camera 3,fire,0.34
2026-07-07,14:28:14,Camera 3,fire,0.27
2026-07-07,14:28:15,Camera 3,fire,0.32
2026-07-07,14:28:16,Camera 3,fire,0.35
2026-07-07,14:28:17,Camera 3,fire,0.38
2026-07-07,14:28:18,Camera 3,fire,0.36
2026-07-07,14:28:19,Camera 3,fire,0.29
2026-07-07,14:28:20,Camera 3,fire,0.29
2026-07-07,14:28:21,Camera 3,fire,0.31
2026-07-07,14:28:22,Camera 3,fire,0.36
2026-07-07,14:28:23,Camera 3,fire,0.29
2026-07-07,14:28:24,Camera 3,fire,0.26
2026-07-07,14:28:25,Camera 3,fire,0.31
2026-07-07,14:28:27,Camera 3,fire,0.27
2026-07-07,14:28:28,Camera 3,fire,0.27
2026-07-07,14:28:29,Camera 3,fire,0.37
2026-07-07,14:28:31,Camera 3,fire,0.29
2026-07-07,14:28:32,Camera 3,fire,0.26
2026-07-07,14:28:33,Camera 3,fire,0.36
2026-07-07,14:28:34,Camera 3,fire,0.29
2026-07-07,14:28:35,Camera 3,fire,0.29
2026-07-07,14:28:36,Camera 3,fire,0.34
2026-07-07,14:28:45,Camera 3,fire,0.28
2026-07-07,14:28:46,Camera 3,fire,0.32
2026-07-07,14:28:47,Camera 3,fire,0.26
2026-07-07,14:28:50,Camera 3,fire,0.28
2026-07-07,14:28:52,Camera 3,fire,0.26
2026-07-07,14:28:53,Camera 3,fire,0.30
2026-07-07,14:28:54,Camera 3,fire,0.29
2026-07-07,14:28:56,Camera 3,fire,0.25
2026-07-07,14:28:57,Camera 3,fire,0.29
2026-07-07,14:29:01,Camera 3,fire,0.25
2026-07-07,14:29:04,Camera 3,fire,0.31
2026-07-07,14:29:05,Camera 1,smoke,0.26
2026-07-07,14:29:08,Camera 3,fire,0.25
2026-07-07,14:29:09,Camera 3,fire,0.37
2026-07-07,14:29:10,Camera 3,fire,0.28
2026-07-07,14:29:19,Camera 3,fire,0.30
2026-07-07,14:29:29,Camera 3,fire,0.29
2026-07-07,14:29:42,Camera 3,fire,0.25
2026-07-07,14:29:47,Camera 3,fire,0.25
2026-07-07,14:29:50,Camera 3,fire,0.25
2026-07-07,14:29:51,Camera 3,fire,0.26
2026-07-07,14:29:52,Camera 3,fire,0.28
2026-07-07,14:29:53,Camera 3,fire,0.28
2026-07-07,14:30:02,Camera 3,fire,0.26
2026-07-07,14:30:09,Camera 3,fire,0.28
2026-07-07,14:30:57,Camera 3,fire,0.25
2026-07-07,14:30:58,Camera 3,fire,0.30
2026-07-07,14:30:59,Camera 3,fire,0.30
2026-07-07,14:31:01,Camera 3,fire,0.30
2026-07-07,14:31:02,Camera 3,fire,0.44
2026-07-07,14:31:03,Camera 3,fire,0.49
2026-07-07,14:31:04,Camera 3,fire,0.47
2026-07-07,14:31:05,Camera 3,fire,0.48
2026-07-07,14:31:06,Camera 3,fire,0.50
2026-07-07,14:31:07,Camera 3,fire,0.48
2026-07-07,14:31:08,Camera 3,fire,0.52
2026-07-07,14:31:09,Camera 3,fire,0.41
2026-07-07,14:31:10,Camera 3,fire,0.50
2026-07-07,14:31:11,Camera 3,fire,0.51
2026-07-07,14:31:12,Camera 3,fire,0.51
2026-07-07,14:31:13,Camera 3,fire,0.47
2026-07-07,14:31:14,Camera 3,fire,0.37
2026-07-07,14:31:15,Camera 3,fire,0.41
2026-07-07,14:31:16,Camera 3,fire,0.41
2026-07-07,14:31:17,Camera 3,fire,0.40
2026-07-07,14:31:18,Camera 3,fire,0.47
2026-07-07,14:31:19,Camera 3,fire,0.49
2026-07-07,14:31:20,Camera 3,fire,0.45
2026-07-07,14:31:21,Camera 3,fire,0.39
2026-07-07,14:31:22,Camera 3,fire,0.28
2026-07-07,14:31:23,Camera 3,fire,0.44
2026-07-07,14:31:24,Camera 3,fire,0.44
2026-07-07,14:31:25,Camera 3,fire,0.33
2026-07-07,14:31:26,Camera 3,fire,0.38
2026-07-07,14:31:27,Camera 3,fire,0.47
2026-07-07,14:31:28,Camera 3,fire,0.43
2026-07-07,14:31:29,Camera 3,fire,0.44
2026-07-07,14:31:30,Camera 3,fire,0.46
2026-07-07,14:31:31,Camera 3,fire,0.47
2026-07-07,14:31:32,Camera 3,fire,0.30
2026-07-07,14:31:33,Camera 1,fire,0.25
2026-07-07,14:31:33,Camera 3,fire,0.40
2026-07-07,14:31:34,Camera 3,fire,0.43
2026-07-07,14:31:35,Camera 3,fire,0.44
2026-07-07,14:31:36,Camera 3,fire,0.44
2026-07-07,14:31:37,Camera 3,fire,0.42
2026-07-07,14:31:38,Camera 3,fire,0.40
2026-07-07,14:31:39,Camera 3,fire,0.35
2026-07-07,14:31:40,Camera 3,fire,0.37
2026-07-07,14:31:41,Camera 3,fire,0.38
2026-07-07,14:31:42,Camera 3,fire,0.38
2026-07-07,14:31:43,Camera 3,fire,0.40
2026-07-07,14:31:44,Camera 3,fire,0.36
2026-07-07,14:31:45,Camera 3,fire,0.44
2026-07-07,14:31:46,Camera 3,fire,0.40
2026-07-07,14:31:47,Camera 3,fire,0.45
2026-07-07,14:31:48,Camera 3,fire,0.48
2026-07-07,14:31:49,Camera 3,fire,0.43
2026-07-07,14:31:50,Camera 3,fire,0.46
2026-07-07,14:31:51,Camera 3,fire,0.45
2026-07-07,14:31:52,Camera 3,fire,0.44
2026-07-07,14:31:53,Camera 3,fire,0.39
2026-07-07,14:31:54,Camera 3,fire,0.41
2026-07-07,14:31:55,Camera 3,fire,0.44
2026-07-07,14:31:56,Camera 3,fire,0.44
2026-07-07,14:31:58,Camera 3,fire,0.41
2026-07-07,14:31:59,Camera 3,fire,0.42
2026-07-07,14:32:00,Camera 3,fire,0.44
2026-07-07,14:32:01,Camera 3,fire,0.39
2026-07-07,14:32:02,Camera 3,fire,0.39
2026-07-07,14:32:03,Camera 3,fire,0.30
2026-07-07,14:32:04,Camera 3,fire,0.28
2026-07-07,14:32:05,Camera 3,fire,0.29
2026-07-07,14:32:05,Camera 1,smoke,0.26
2026-07-07,14:32:06,Camera 3,fire,0.48
2026-07-07,14:32:07,Camera 3,fire,0.41
2026-07-07,14:32:08,Camera 3,fire,0.29
2026-07-07,14:32:09,Camera 3,fire,0.49
2026-07-07,14:32:10,Camera 3,fire,0.38
2026-07-07,14:32:11,Camera 3,fire,0.34
2026-07-07,14:32:13,Camera 3,fire,0.25
2026-07-07,14:32:14,Camera 3,fire,0.32
2026-07-07,14:32:15,Camera 3,fire,0.35
2026-07-07,14:32:16,Camera 3,fire,0.35
2026-07-07,14:32:17,Camera 3,fire,0.48
2026-07-07,14:32:18,Camera 3,fire,0.43
2026-07-07,14:32:19,Camera 3,fire,0.44
2026-07-07,14:32:20,Camera 3,fire,0.39
2026-07-07,14:32:21,Camera 3,fire,0.51
2026-07-07,14:32:22,Camera 3,fire,0.53
2026-07-07,14:32:23,Camera 3,fire,0.47
2026-07-07,14:32:24,Camera 3,fire,0.41
2026-07-07,14:32:25,Camera 3,fire,0.41
2026-07-07,14:32:26,Camera 3,fire,0.47
2026-07-07,14:32:27,Camera 3,fire,0.41
2026-07-07,14:32:28,Camera 3,fire,0.42
2026-07-07,14:32:29,Camera 3,fire,0.38
2026-07-07,14:32:30,Camera 3,fire,0.36
2026-07-07,14:32:31,Camera 3,fire,0.28
2026-07-07,14:32:33,Camera 3,fire,0.25
2026-07-07,14:32:34,Camera 3,fire,0.33
2026-07-07,14:32:35,Camera 3,fire,0.30
2026-07-07,14:32:36,Camera 3,fire,0.43
2026-07-07,14:32:37,Camera 3,fire,0.40
2026-07-07,14:32:38,Camera 3,fire,0.37
2026-07-07,14:32:39,Camera 3,fire,0.36
2026-07-07,14:32:40,Camera 3,fire,0.39
2026-07-07,14:32:41,Camera 3,fire,0.37
2026-07-07,14:32:42,Camera 3,fire,0.46
2026-07-07,14:32:43,Camera 3,fire,0.39
2026-07-07,14:32:44,Camera 3,fire,0.33
2026-07-07,14:32:45,Camera 3,fire,0.40
2026-07-07,14:32:46,Camera 3,fire,0.37
2026-07-07,14:32:47,Camera 3,fire,0.48
2026-07-07,14:32:57,Camera 3,fire,0.25
2026-07-07,14:32:59,Camera 3,fire,0.27
2026-07-07,14:33:00,Camera 3,fire,0.26
2026-07-07,14:33:08,Camera 1,smoke,0.29
2026-07-07,14:33:09,Camera 1,smoke,0.27
2026-07-07,14:33:10,Camera 3,fire,0.26
2026-07-07,14:33:11,Camera 3,fire,0.39
2026-07-07,14:33:12,Camera 3,fire,0.45
2026-07-07,14:33:13,Camera 3,fire,0.40
2026-07-07,14:33:14,Camera 3,fire,0.40
2026-07-07,14:33:15,Camera 3,fire,0.43
2026-07-07,14:33:16,Camera 3,fire,0.42
2026-07-07,14:33:17,Camera 3,fire,0.39
2026-07-07,14:33:18,Camera 3,fire,0.39
2026-07-07,14:33:19,Camera 3,fire,0.35
2026-07-07,14:33:20,Camera 3,fire,0.35
2026-07-07,14:33:21,Camera 3,fire,0.33
2026-07-07,14:33:22,Camera 3,fire,0.42
2026-07-07,14:33:24,Camera 3,fire,0.40
2026-07-07,14:33:25,Camera 3,fire,0.41
2026-07-07,14:33:26,Camera 3,fire,0.39
2026-07-07,14:33:27,Camera 3,fire,0.37
2026-07-07,14:33:28,Camera 3,fire,0.32
2026-07-07,14:33:29,Camera 3,fire,0.30
2026-07-07,14:33:30,Camera 3,fire,0.34
2026-07-07,14:33:31,Camera 3,fire,0.38
2026-07-07,14:33:32,Camera 3,fire,0.35
2026-07-07,14:33:33,Camera 3,fire,0.36
2026-07-07,14:33:34,Camera 3,fire,0.40
2026-07-07,14:33:35,Camera 3,fire,0.40
2026-07-07,14:33:36,Camera 3,fire,0.38
2026-07-07,14:33:37,Camera 3,fire,0.39
2026-07-07,14:33:38,Camera 3,fire,0.27
2026-07-07,14:33:39,Camera 3,fire,0.27
2026-07-07,14:33:41,Camera 3,fire,0.26
2026-07-07,14:33:42,Camera 3,fire,0.26
2026-07-07,14:33:46,Camera 3,fire,0.25
2026-07-07,14:33:47,Camera 3,fire,0.25
2026-07-07,14:33:48,Camera 3,fire,0.27
2026-07-07,14:33:49,Camera 3,fire,0.26
2026-07-07,14:33:50,Camera 3,fire,0.29
2026-07-07,14:33:52,Camera 3,fire,0.26
2026-07-07,14:33:53,Camera 3,fire,0.28
2026-07-07,14:33:54,Camera 3,fire,0.27
2026-07-07,14:33:55,Camera 3,fire,0.26
2026-07-07,14:33:56,Camera 3,fire,0.30
2026-07-07,14:33:57,Camera 3,fire,0.29
2026-07-07,14:33:58,Camera 3,fire,0.26
2026-07-07,14:33:59,Camera 3,fire,0.26
2026-07-07,14:34:00,Camera 3,fire,0.26
2026-07-07,14:34:01,Camera 3,fire,0.26
2026-07-07,14:34:02,Camera 3,fire,0.29
2026-07-07,14:34:05,Camera 3,fire,0.30
2026-07-07,14:34:06,Camera 3,fire,0.32
2026-07-07,14:34:07,Camera 3,fire,0.27
2026-07-07,14:34:08,Camera 3,fire,0.31
2026-07-07,14:34:09,Camera 3,fire,0.28
2026-07-07,14:34:10,Camera 3,fire,0.32
2026-07-07,14:34:11,Camera 3,fire,0.31
2026-07-07,14:34:12,Camera 3,fire,0.29
2026-07-07,14:34:19,Camera 3,fire,0.25
2026-07-07,14:34:21,Camera 3,fire,0.26
2026-07-07,14:34:23,Camera 3,fire,0.26
2026-07-07,14:34:29,Camera 3,fire,0.27
2026-07-07,14:34:30,Camera 3,fire,0.26
2026-07-07,14:34:33,Camera 3,fire,0.26
2026-07-07,14:34:35,Camera 3,fire,0.30
2026-07-07,14:34:37,Camera 3,fire,0.40
2026-07-07,14:34:38,Camera 3,fire,0.36
2026-07-07,14:34:39,Camera 3,fire,0.27
2026-07-07,14:34:40,Camera 3,fire,0.28
2026-07-07,14:34:42,Camera 3,fire,0.25
2026-07-07,14:34:43,Camera 3,fire,0.27
2026-07-07,14:34:44,Camera 3,fire,0.29
2026-07-07,14:34:45,Camera 3,fire,0.32
2026-07-07,14:34:46,Camera 3,fire,0.34
2026-07-07,14:34:47,Camera 3,fire,0.39
2026-07-07,14:34:48,Camera 3,fire,0.41
2026-07-07,14:34:49,Camera 3,fire,0.37
2026-07-07,14:34:50,Camera 3,fire,0.40
2026-07-07,14:34:51,Camera 3,fire,0.26
2026-07-07,14:34:52,Camera 3,fire,0.33
2026-07-07,14:34:54,Camera 3,fire,0.26
2026-07-07,14:34:57,Camera 3,fire,0.25
2026-07-07,14:34:58,Camera 3,fire,0.26
2026-07-07,14:34:59,Camera 3,fire,0.31
2026-07-07,14:35:02,Camera 3,fire,0.27
2026-07-07,14:35:06,Camera 3,fire,0.26
2026-07-07,14:35:09,Camera 3,fire,0.28
2026-07-07,14:35:10,Camera 3,fire,0.30
2026-07-07,14:35:12,Camera 3,fire,0.26
2026-07-07,14:35:13,Camera 3,fire,0.29
2026-07-07,14:35:14,Camera 3,fire,0.27
2026-07-07,14:35:17,Camera 3,fire,0.26
2026-07-07,14:35:18,Camera 3,fire,0.26
2026-07-07,14:35:19,Camera 3,fire,0.27
2026-07-07,14:35:21,Camera 3,fire,0.28
2026-07-07,14:35:23,Camera 3,fire,0.27
2026-07-07,14:35:24,Camera 3,fire,0.28
2026-07-07,14:35:25,Camera 3,fire,0.26
2026-07-07,14:35:27,Camera 3,fire,0.25
2026-07-07,14:35:28,Camera 3,fire,0.29
2026-07-07,14:35:29,Camera 3,fire,0.29
2026-07-07,14:35:30,Camera 3,fire,0.31
2026-07-07,14:35:31,Camera 3,fire,0.34
2026-07-07,14:35:32,Camera 3,fire,0.27
2026-07-07,14:35:33,Camera 3,fire,0.32
2026-07-07,14:35:34,Camera 3,fire,0.34
2026-07-07,14:35:35,Camera 3,fire,0.28
2026-07-07,14:35:36,Camera 3,fire,0.28
2026-07-07,14:35:38,Camera 3,fire,0.27
2026-07-07,14:35:39,Camera 3,fire,0.45
2026-07-07,14:35:40,Camera 3,fire,0.40
2026-07-07,14:35:41,Camera 3,fire,0.32
2026-07-07,14:35:42,Camera 3,fire,0.38
2026-07-07,14:35:43,Camera 3,fire,0.39
2026-07-07,14:35:44,Camera 3,fire,0.39
2026-07-07,14:35:45,Camera 3,fire,0.35
2026-07-07,14:35:46,Camera 3,fire,0.38
2026-07-07,14:35:47,Camera 3,fire,0.25
2026-07-07,14:35:48,Camera 3,fire,0.29
2026-07-07,14:35:49,Camera 3,fire,0.35
2026-07-07,14:35:50,Camera 3,fire,0.28
2026-07-07,14:35:52,Camera 3,fire,0.25
2026-07-07,14:35:53,Camera 3,fire,0.28
2026-07-07,14:35:54,Camera 3,fire,0.35
2026-07-07,14:35:55,Camera 3,fire,0.33
2026-07-07,14:35:56,Camera 3,fire,0.27
2026-07-07,14:35:57,Camera 3,fire,0.30
2026-07-07,14:35:58,Camera 3,fire,0.32
2026-07-07,14:35:59,Camera 3,fire,0.35
2026-07-07,14:36:00,Camera 3,fire,0.36
2026-07-07,14:36:01,Camera 3,fire,0.40
2026-07-07,14:36:02,Camera 3,fire,0.35
2026-07-07,14:36:03,Camera 3,fire,0.45
2026-07-07,14:36:04,Camera 3,fire,0.51
2026-07-07,14:36:05,Camera 3,fire,0.51
2026-07-07,14:36:06,Camera 3,fire,0.49
2026-07-07,14:36:07,Camera 3,fire,0.48
2026-07-07,14:36:08,Camera 3,fire,0.47
2026-07-07,14:36:09,Camera 3,fire,0.44
2026-07-07,14:36:10,Camera 3,fire,0.51
2026-07-07,14:36:11,Camera 3,fire,0.50
2026-07-07,14:36:12,Camera 3,fire,0.38
2026-07-07,14:36:13,Camera 3,fire,0.42
2026-07-07,14:36:14,Camera 3,fire,0.49
2026-07-07,14:36:15,Camera 3,fire,0.45
2026-07-07,14:36:16,Camera 3,fire,0.28
2026-07-07,14:36:17,Camera 3,fire,0.29
2026-07-07,14:36:26,Camera 3,fire,0.26
2026-07-07,14:36:29,Camera 3,fire,0.26
2026-07-07,14:36:30,Camera 3,fire,0.27
2026-07-07,14:36:31,Camera 3,fire,0.32
2026-07-07,14:36:32,Camera 3,fire,0.42
2026-07-07,14:36:33,Camera 3,fire,0.28
2026-07-07,14:36:34,Camera 3,fire,0.38
2026-07-07,14:36:35,Camera 3,fire,0.32
2026-07-07,14:36:37,Camera 3,fire,0.26
2026-07-07,14:36:39,Camera 3,fire,0.29
2026-07-07,14:36:40,Camera 3,fire,0.43
2026-07-07,14:36:44,Camera 3,fire,0.28
2026-07-07,14:36:55,Camera 3,fire,0.28
2026-07-07,14:37:00,Camera 3,fire,0.27
2026-07-07,14:37:01,Camera 3,fire,0.30
2026-07-07,14:37:07,Camera 3,fire,0.29
2026-07-07,14:37:09,Camera 3,fire,0.25
2026-07-07,14:37:10,Camera 3,fire,0.25
2026-07-07,14:37:11,Camera 3,fire,0.30
2026-07-07,14:37:12,Camera 3,fire,0.25
2026-07-07,14:37:14,Camera 3,fire,0.26
2026-07-07,14:37:18,Camera 3,fire,0.27
2026-07-07,14:37:19,Camera 3,fire,0.28
2026-07-07,14:37:20,Camera 3,fire,0.31
2026-07-07,14:37:21,Camera 3,fire,0.32
2026-07-07,14:37:22,Camera 3,fire,0.31
2026-07-07,14:37:23,Camera 3,fire,0.33
2026-07-07,14:37:25,Camera 3,fire,0.28
2026-07-07,14:37:26,Camera 3,fire,0.26
2026-07-07,14:37:27,Camera 3,fire,0.28
2026-07-07,14:37:28,Camera 3,fire,0.38
2026-07-07,14:37:29,Camera 3,fire,0.34
2026-07-07,14:37:30,Camera 3,fire,0.29
2026-07-07,14:37:32,Camera 3,fire,0.28
2026-07-07,14:37:33,Camera 3,fire,0.26
2026-07-07,14:37:34,Camera 3,fire,0.27
2026-07-07,14:37:35,Camera 3,fire,0.36
2026-07-07,14:37:36,Camera 3,fire,0.34
2026-07-07,14:37:37,Camera 3,fire,0.33
2026-07-07,14:37:38,Camera 3,fire,0.30
2026-07-07,14:37:39,Camera 3,fire,0.36
2026-07-07,14:37:40,Camera 3,fire,0.35
2026-07-07,14:37:41,Camera 3,fire,0.32
2026-07-07,14:37:42,Camera 3,fire,0.26
2026-07-07,14:37:46,Camera 3,fire,0.25
2026-07-07,14:37:53,Camera 3,fire,0.28
2026-07-07,14:37:54,Camera 3,fire,0.27
2026-07-07,14:37:56,Camera 3,fire,0.25
2026-07-07,14:37:57,Camera 3,fire,0.31
2026-07-07,14:37:58,Camera 3,fire,0.29
2026-07-07,14:37:59,Camera 3,fire,0.31
2026-07-07,14:38:07,Camera 3,fire,0.26
2026-07-07,14:38:09,Camera 3,fire,0.29
2026-07-07,14:38:10,Camera 3,fire,0.26
2026-07-07,14:38:17,Camera 3,fire,0.25
2026-07-07,14:38:18,Camera 3,fire,0.28
2026-07-07,14:38:19,Camera 3,fire,0.25
2026-07-07,14:38:20,Camera 3,fire,0.29
2026-07-07,14:38:21,Camera 3,fire,0.30
2026-07-07,14:38:23,Camera 3,fire,0.30
2026-07-07,14:38:24,Camera 3,fire,0.39
2026-07-07,14:38:25,Camera 3,fire,0.34
2026-07-07,14:38:26,Camera 3,fire,0.36
2026-07-07,14:38:27,Camera 3,fire,0.29
2026-07-07,14:38:28,Camera 3,fire,0.37
2026-07-07,14:38:29,Camera 3,fire,0.26
2026-07-07,14:38:32,Camera 3,fire,0.26
2026-07-07,14:38:34,Camera 3,fire,0.26
2026-07-07,14:38:35,Camera 3,fire,0.26
2026-07-07,14:38:36,Camera 3,fire,0.26
2026-07-07,14:38:38,Camera 3,fire,0.26
2026-07-07,14:38:46,Camera 3,fire,0.25
2026-07-07,14:39:10,Camera 3,fire,0.26
2026-07-07,14:39:47,Camera 3,fire,0.26
2026-07-07,14:39:48,Camera 3,fire,0.27
2026-07-07,14:39:50,Camera 3,fire,0.25
2026-07-07,14:39:51,Camera 3,fire,0.25
2026-07-07,14:39:52,Camera 3,fire,0.29
2026-07-07,14:39:53,Camera 3,fire,0.27
2026-07-07,14:39:54,Camera 3,fire,0.25
2026-07-07,14:39:55,Camera 3,fire,0.29
2026-07-07,14:39:56,Camera 3,fire,0.26
2026-07-07,14:39:59,Camera 3,fire,0.37
2026-07-07,14:40:00,Camera 3,fire,0.38
2026-07-07,14:40:01,Camera 3,fire,0.40
2026-07-07,14:40:02,Camera 3,fire,0.43
2026-07-07,14:40:03,Camera 3,fire,0.44
2026-07-07,14:40:04,Camera 3,fire,0.36
2026-07-07,14:40:05,Camera 3,fire,0.43
2026-07-07,14:40:06,Camera 3,fire,0.45
2026-07-07,14:40:07,Camera 3,fire,0.31
2026-07-07,14:40:08,Camera 3,fire,0.31
2026-07-07,14:40:09,Camera 3,fire,0.40
2026-07-07,14:40:10,Camera 3,fire,0.39
2026-07-07,14:40:11,Camera 3,fire,0.31
2026-07-07,14:40:12,Camera 3,fire,0.30
2026-07-07,14:40:13,Camera 3,fire,0.33
2026-07-07,14:40:14,Camera 3,fire,0.31
2026-07-07,14:40:15,Camera 3,fire,0.32
2026-07-07,14:40:16,Camera 3,fire,0.34
2026-07-07,14:40:17,Camera 3,fire,0.34
2026-07-07,14:40:18,Camera 3,fire,0.35
2026-07-07,14:40:19,Camera 3,fire,0.28
2026-07-07,14:40:20,Camera 3,fire,0.26
2026-07-07,14:40:21,Camera 3,fire,0.30
2026-07-07,14:40:22,Camera 3,fire,0.26
2026-07-07,14:40:23,Camera 3,fire,0.31
2026-07-07,14:40:24,Camera 3,fire,0.34
2026-07-07,14:40:25,Camera 3,fire,0.33
2026-07-07,14:40:26,Camera 3,fire,0.32
2026-07-07,14:40:27,Camera 3,fire,0.33
2026-07-07,14:40:28,Camera 3,fire,0.32
2026-07-07,14:40:29,Camera 3,fire,0.33
2026-07-07,14:40:30,Camera 3,fire,0.30
2026-07-07,14:40:32,Camera 3,fire,0.29
2026-07-07,14:40:33,Camera 3,fire,0.39
2026-07-07,14:40:34,Camera 3,fire,0.33
2026-07-07,14:40:35,Camera 3,fire,0.30
2026-07-07,14:40:38,Camera 3,fire,0.27
2026-07-07,14:40:39,Camera 3,fire,0.26
2026-07-07,14:40:40,Camera 3,fire,0.28
2026-07-07,14:40:41,Camera 3,fire,0.36
2026-07-07,14:40:42,Camera 3,fire,0.38
2026-07-07,14:40:43,Camera 3,fire,0.36
2026-07-07,14:40:44,Camera 3,fire,0.36
2026-07-07,14:40:45,Camera 3,fire,0.25
2026-07-07,14:40:46,Camera 3,fire,0.26
2026-07-07,14:40:47,Camera 3,fire,0.30
2026-07-07,14:40:49,Camera 3,fire,0.27
2026-07-07,14:40:50,Camera 3,fire,0.27
2026-07-07,14:40:53,Camera 3,fire,0.25
2026-07-07,14:40:54,Camera 3,fire,0.27
2026-07-07,14:40:57,Camera 3,fire,0.26
2026-07-07,14:40:58,Camera 3,fire,0.40
2026-07-07,14:40:59,Camera 3,fire,0.25
2026-07-07,14:41:00,Camera 3,fire,0.28
2026-07-07,14:41:01,Camera 3,fire,0.42
2026-07-07,14:41:02,Camera 3,fire,0.41
2026-07-07,14:41:03,Camera 3,fire,0.29
2026-07-07,14:41:04,Camera 3,fire,0.39
2026-07-07,14:41:05,Camera 3,fire,0.39
2026-07-07,14:41:06,Camera 3,fire,0.28
2026-07-07,14:41:07,Camera 3,fire,0.30
2026-07-07,14:41:08,Camera 3,fire,0.27
2026-07-07,14:41:09,Camera 3,fire,0.33
2026-07-07,14:41:10,Camera 3,fire,0.31
2026-07-07,14:41:11,Camera 3,fire,0.30
2026-07-07,14:41:15,Camera 3,fire,0.27
2026-07-07,14:41:17,Camera 3,fire,0.27
2026-07-07,14:41:18,Camera 3,fire,0.27
2026-07-07,14:41:19,Camera 3,fire,0.26
2026-07-07,14:41:20,Camera 3,fire,0.30
2026-07-07,14:41:23,Camera 3,fire,0.27
2026-07-07,14:41:24,Camera 3,fire,0.34
2026-07-07,14:41:25,Camera 3,fire,0.34
2026-07-07,14:41:26,Camera 3,fire,0.27
2026-07-07,14:41:27,Camera 3,fire,0.29
2026-07-07,14:41:28,Camera 3,fire,0.27
2026-07-07,14:41:29,Camera 3,fire,0.29
2026-07-07,14:41:30,Camera 3,fire,0.26
2026-07-07,14:41:31,Camera 3,fire,0.31
2026-07-07,14:41:32,Camera 3,fire,0.25
2026-07-07,14:41:33,Camera 3,fire,0.45
2026-07-07,14:41:34,Camera 3,fire,0.38
2026-07-07,14:41:35,Camera 3,fire,0.49
2026-07-07,14:41:36,Camera 3,fire,0.38
2026-07-07,14:41:37,Camera 3,fire,0.33
2026-07-07,14:41:39,Camera 3,fire,0.28
2026-07-07,14:41:40,Camera 3,fire,0.32
2026-07-07,14:41:41,Camera 3,fire,0.28
2026-07-07,14:41:42,Camera 3,fire,0.47
2026-07-07,14:41:43,Camera 3,fire,0.39
2026-07-07,14:41:44,Camera 3,fire,0.40
2026-07-07,14:41:45,Camera 3,fire,0.42
2026-07-07,14:42:00,Camera 3,fire,0.25
2026-07-07,14:42:03,Camera 3,fire,0.26
2026-07-07,14:42:04,Camera 3,fire,0.37
2026-07-07,14:42:05,Camera 3,fire,0.34
2026-07-07,14:42:11,Camera 3,fire,0.27
2026-07-07,14:42:19,Camera 3,fire,0.25
2026-07-07,14:42:21,Camera 3,fire,0.27
2026-07-07,14:42:22,Camera 3,fire,0.27
2026-07-07,14:42:24,Camera 3,fire,0.31
2026-07-07,14:42:25,Camera 3,fire,0.45
2026-07-07,14:42:26,Camera 3,fire,0.42
2026-07-07,14:42:27,Camera 3,fire,0.43
2026-07-07,14:42:28,Camera 3,fire,0.39
2026-07-07,14:42:29,Camera 3,fire,0.37
2026-07-07,14:42:31,Camera 3,fire,0.35
2026-07-07,14:42:31,Camera 3,fire,0.31
2026-07-07,14:42:32,Camera 3,fire,0.34
2026-07-07,14:42:33,Camera 3,fire,0.36
2026-07-07,14:42:34,Camera 3,fire,0.35
2026-07-07,14:42:35,Camera 3,fire,0.32
2026-07-07,14:42:37,Camera 3,fire,0.35
2026-07-07,14:42:38,Camera 3,fire,0.33
2026-07-07,14:42:39,Camera 3,fire,0.44
2026-07-07,14:42:40,Camera 3,fire,0.40
2026-07-07,14:42:41,Camera 3,fire,0.41
2026-07-07,14:42:42,Camera 3,fire,0.28
2026-07-07,14:42:43,Camera 3,fire,0.25
2026-07-07,14:42:47,Camera 3,fire,0.29
2026-07-07,14:42:48,Camera 3,fire,0.32
2026-07-07,14:42:49,Camera 3,fire,0.34
2026-07-07,14:42:51,Camera 3,fire,0.29
2026-07-07,14:42:52,Camera 3,fire,0.28
2026-07-07,14:42:55,Camera 3,fire,0.27
2026-07-07,14:42:56,Camera 1,fire,0.29
2026-07-07,14:42:57,Camera 1,fire,0.25
2026-07-07,14:42:58,Camera 1,fire,0.30
2026-07-07,14:42:59,Camera 3,fire,0.37
2026-07-07,14:43:00,Camera 1,fire,0.27
2026-07-07,14:43:04,Camera 1,fire,0.30
2026-07-07,14:43:05,Camera 1,fire,0.26
2026-07-07,14:44:35,Camera 3,fire,0.49
2026-07-07,14:44:43,Camera 1,smoke,0.26
2026-07-07,14:45:05,Camera 1,fire,0.28
2026-07-07,14:47:03,Camera 1,fire,0.26
2026-07-07,14:47:14,Camera 3,fire,0.26
2026-07-07,14:47:21,Camera 3,fire,0.26
2026-07-07,14:47:24,Camera 3,fire,0.25
2026-07-07,14:47:25,Camera 3,fire,0.31
2026-07-07,14:47:26,Camera 3,fire,0.26
2026-07-07,14:47:29,Camera 3,fire,0.28
2026-07-07,14:47:30,Camera 3,fire,0.26
2026-07-07,14:47:31,Camera 3,fire,0.26
2026-07-07,14:47:33,Camera 3,fire,0.25
2026-07-07,14:48:05,Camera 3,fire,0.26
2026-07-07,14:48:06,Camera 3,fire,0.26
2026-07-07,14:48:07,Camera 3,fire,0.26
2026-07-07,14:48:16,Camera 3,fire,0.26
2026-07-07,14:48:18,Camera 3,fire,0.27
2026-07-07,14:48:22,Camera 3,fire,0.25
2026-07-07,14:48:23,Camera 3,fire,0.27
2026-07-07,14:48:24,Camera 3,fire,0.25
2026-07-07,14:48:25,Camera 3,fire,0.25
2026-07-07,14:48:26,Camera 3,fire,0.25
2026-07-07,14:48:27,Camera 1,fire,0.26
2026-07-07,14:48:28,Camera 1,fire,0.30
2026-07-07,14:48:29,Camera 1,fire,0.29
2026-07-07,14:48:31,Camera 1,fire,0.25
2026-07-07,14:48:31,Camera 3,fire,0.26
2026-07-07,14:48:32,Camera 1,fire,0.27
2026-07-07,14:48:32,Camera 3,fire,0.33
2026-07-07,14:48:33,Camera 3,fire,0.30
2026-07-07,14:48:34,Camera 1,fire,0.26
2026-07-07,14:48:34,Camera 3,fire,0.26
2026-07-07,14:48:35,Camera 1,fire,0.37
2026-07-07,14:48:35,Camera 3,fire,0.26
2026-07-07,14:48:36,Camera 1,fire,0.26
2026-07-07,14:48:43,Camera 3,fire,0.25
2026-07-07,14:50:09,Camera 1,fire,0.38
2026-07-07,14:50:10,Camera 1,fire,0.31
2026-07-07,14:50:11,Camera 1,fire,0.34
2026-07-07,14:50:13,Camera 1,fire,0.27
2026-07-07,14:50:14,Camera 1,fire,0.47
2026-07-07,14:50:15,Camera 1,fire,0.32
2026-07-07,14:50:17,Camera 3,fire,0.28
2026-07-07,14:50:48,Camera 3,fire,0.25
2026-07-07,14:50:48,Camera 1,fire,0.28
2026-07-07,14:50:49,Camera 3,fire,0.25
2026-07-07,14:50:50,Camera 3,fire,0.39
2026-07-07,14:50:51,Camera 3,fire,0.31
2026-07-07,14:50:52,Camera 3,fire,0.31
2026-07-07,14:50:53,Camera 3,fire,0.26
2026-07-07,14:50:54,Camera 3,fire,0.25
2026-07-07,14:50:55,Camera 3,fire,0.29
2026-07-07,14:50:59,Camera 3,fire,0.25
2026-07-07,14:51:13,Camera 3,fire,0.26
2026-07-07,14:51:20,Camera 3,fire,0.27
2026-07-07,14:51:21,Camera 3,fire,0.29
2026-07-07,14:51:22,Camera 3,fire,0.27
2026-07-07,14:51:24,Camera 3,fire,0.25
2026-07-07,14:51:26,Camera 3,fire,0.25
2026-07-07,14:51:27,Camera 3,fire,0.34
2026-07-07,14:51:28,Camera 3,fire,0.29
2026-07-07,14:51:29,Camera 3,fire,0.25
2026-07-07,14:51:30,Camera 3,fire,0.27
2026-07-07,14:51:31,Camera 3,fire,0.26
2026-07-07,14:51:31,Camera 3,smoke,0.27
2026-07-07,14:51:33,Camera 3,fire,0.26
2026-07-07,14:51:34,Camera 3,fire,0.25
2026-07-07,14:51:35,Camera 3,fire,0.29
2026-07-07,14:51:36,Camera 3,fire,0.27
2026-07-07,14:51:37,Camera 3,fire,0.28
2026-07-07,14:51:38,Camera 3,fire,0.30
2026-07-07,14:51:42,Camera 3,fire,0.26
2026-07-07,14:51:43,Camera 3,fire,0.40
2026-07-07,14:51:44,Camera 3,fire,0.35
2026-07-07,14:51:45,Camera 3,fire,0.35
2026-07-07,14:51:46,Camera 3,fire,0.34
2026-07-07,14:51:47,Camera 3,fire,0.31
2026-07-07,14:51:47,Camera 2,smoke,0.36
2026-07-07,14:51:48,Camera 2,fire,0.51
2026-07-07,14:51:48,Camera 3,fire,0.25
2026-07-07,14:51:49,Camera 3,fire,0.26
2026-07-07,14:51:53,Camera 3,fire,0.28
2026-07-07,14:51:54,Camera 3,fire,0.27
2026-07-07,14:52:00,Camera 3,fire,0.26
2026-07-07,14:52:33,Camera 3,fire,0.31
2026-07-07,14:52:34,Camera 3,fire,0.31
2026-07-07,14:52:35,Camera 3,fire,0.27
2026-07-07,14:52:52,Camera 3,fire,0.26
2026-07-07,14:52:53,Camera 3,fire,0.31
2026-07-07,14:52:55,Camera 3,fire,0.25
2026-07-07,14:52:56,Camera 3,fire,0.29
2026-07-07,14:52:57,Camera 3,fire,0.27
2026-07-07,14:53:00,Camera 3,fire,0.26
2026-07-07,14:53:01,Camera 3,fire,0.26
2026-07-07,14:53:02,Camera 3,fire,0.25
2026-07-07,14:53:03,Camera 3,fire,0.30
2026-07-07,14:53:04,Camera 3,fire,0.26
2026-07-07,14:53:05,Camera 3,fire,0.26
2026-07-07,14:53:06,Camera 3,fire,0.30
2026-07-07,14:53:07,Camera 3,fire,0.31
2026-07-07,14:53:09,Camera 3,fire,0.28
2026-07-07,14:53:13,Camera 3,fire,0.25
2026-07-07,14:54:00,Camera 3,fire,0.27
2026-07-07,14:54:07,Camera 1,fire,0.32
2026-07-07,14:54:23,Camera 3,fire,0.27
2026-07-07,14:54:24,Camera 3,fire,0.27
2026-07-07,14:55:13,Camera 3,fire,0.29
2026-07-07,14:55:15,Camera 3,fire,0.25
2026-07-07,14:55:22,Camera 3,fire,0.27
2026-07-07,14:55:23,Camera 3,fire,0.26
2026-07-07,14:55:26,Camera 3,fire,0.25
2026-07-07,14:57:25,Camera 3,fire,0.34
2026-07-07,15:00:31,Camera 3,fire,0.26
2026-07-07,15:01:35,Camera 3,fire,0.26
2026-07-07,15:01:46,Camera 3,fire,0.26
2026-07-07,15:04:56,Camera 3,fire,0.31
2026-07-07,15:04:57,Camera 3,fire,0.26
2026-07-07,15:05:05,Camera 3,fire,0.26
2026-07-07,15:05:33,Camera 1,fire,0.26
2026-07-07,15:06:39,Camera 3,fire,0.28
2026-07-07,15:06:54,Camera 3,fire,0.45
2026-07-07,15:06:55,Camera 3,fire,0.32
2026-07-07,15:06:56,Camera 3,fire,0.26
2026-07-07,15:06:57,Camera 3,fire,0.29
2026-07-07,15:06:58,Camera 3,fire,0.26
2026-07-07,15:06:59,Camera 3,fire,0.40
2026-07-07,15:07:00,Camera 3,fire,0.38
2026-07-07,15:07:01,Camera 3,fire,0.48
2026-07-07,15:07:02,Camera 3,fire,0.46
2026-07-07,15:07:03,Camera 1,fire,0.36
2026-07-07,15:07:03,Camera 3,fire,0.42
2026-07-07,15:07:04,Camera 3,fire,0.40
2026-07-07,15:07:05,Camera 3,fire,0.39
2026-07-07,15:07:06,Camera 3,fire,0.43
2026-07-07,15:07:07,Camera 3,fire,0.38
2026-07-07,15:07:08,Camera 3,fire,0.38
2026-07-07,15:07:09,Camera 3,fire,0.41
2026-07-07,15:07:10,Camera 3,fire,0.32
2026-07-07,15:07:13,Camera 3,fire,0.27
2026-07-07,15:07:41,Camera 1,fire,0.26
2026-07-08,10:30:14,Camera 3,fire,0.58
2026-07-08,10:30:14,Camera 3,smoke,0.46
2026-07-08,10:30:14,Camera 1,smoke,0.38
2026-07-08,10:30:14,Camera 3,smoke,0.34
2026-07-08,10:30:14,Camera 3,fire,0.30
2026-07-08,10:30:15,Camera 1,smoke,0.33
2026-07-08,10:30:15,Camera 3,fire,0.43
2026-07-08,10:30:15,Camera 3,smoke,0.35
2026-07-08,10:30:16,Camera 1,smoke,0.33
2026-07-08,10:30:16,Camera 3,smoke,0.35
2026-07-08,10:30:16,Camera 3,fire,0.32
2026-07-08,10:30:17,Camera 1,smoke,0.31
2026-07-08,10:30:17,Camera 3,fire,0.50
2026-07-08,10:30:17,Camera 3,smoke,0.37
2026-07-08,10:30:18,Camera 1,smoke,0.27
2026-07-08,10:30:18,Camera 3,fire,0.43
2026-07-08,10:30:18,Camera 3,smoke,0.28
2026-07-08,10:30:19,Camera 1,smoke,0.46
2026-07-08,10:30:19,Camera 3,smoke,0.37
2026-07-08,10:30:19,Camera 3,fire,0.29
2026-07-08,10:30:20,Camera 1,smoke,0.37
2026-07-08,10:30:20,Camera 3,fire,0.46
2026-07-08,10:30:20,Camera 3,smoke,0.39
2026-07-08,10:30:21,Camera 1,smoke,0.53
2026-07-08,10:30:21,Camera 3,smoke,0.44
2026-07-08,10:30:21,Camera 3,fire,0.32
2026-07-08,10:30:22,Camera 1,smoke,0.32
2026-07-08,10:30:22,Camera 3,smoke,0.37
2026-07-08,10:30:22,Camera 3,fire,0.30
2026-07-08,10:30:23,Camera 1,smoke,0.65
2026-07-08,10:30:23,Camera 3,fire,0.33
2026-07-08,10:30:23,Camera 3,smoke,0.32
2026-07-08,10:30:24,Camera 1,smoke,0.41
2026-07-08,10:30:24,Camera 3,smoke,0.36
2026-07-08,10:30:24,Camera 3,fire,0.35
2026-07-08,10:30:25,Camera 1,smoke,0.41
2026-07-08,10:30:25,Camera 3,smoke,0.38
2026-07-08,10:30:26,Camera 1,smoke,0.47
2026-07-08,10:30:26,Camera 3,smoke,0.46
2026-07-08,10:30:27,Camera 3,fire,0.27
2026-07-08,10:30:28,Camera 1,smoke,0.33
2026-07-08,10:30:28,Camera 3,fire,0.28
2026-07-08,10:30:29,Camera 1,smoke,0.36
2026-07-08,10:30:29,Camera 3,fire,0.34
2026-07-08,10:30:30,Camera 1,smoke,0.48
2026-07-08,10:30:30,Camera 3,fire,0.39
2026-07-08,10:30:31,Camera 1,smoke,0.48
2026-07-08,10:30:31,Camera 3,fire,0.26
2026-07-08,10:30:32,Camera 1,smoke,0.48
2026-07-08,10:30:33,Camera 1,smoke,0.48
2026-07-08,10:30:33,Camera 3,fire,0.34
2026-07-08,10:30:34,Camera 1,smoke,0.48
2026-07-08,10:30:34,Camera 3,smoke,0.30
2026-07-08,10:30:34,Camera 3,fire,0.41
2026-07-08,10:30:35,Camera 1,smoke,0.48
2026-07-08,10:30:35,Camera 3,fire,0.43
2026-07-08,10:30:36,Camera 3,smoke,0.28
2026-07-08,10:30:36,Camera 1,smoke,0.48
2026-07-08,10:30:37,Camera 3,smoke,0.28
2026-07-08,10:30:37,Camera 3,fire,0.26
2026-07-08,10:30:37,Camera 1,smoke,0.48
2026-07-08,10:30:38,Camera 3,smoke,0.29
2026-07-08,10:30:38,Camera 3,fire,0.27
2026-07-08,10:30:38,Camera 1,smoke,0.48
2026-07-08,10:30:39,Camera 3,fire,0.39
2026-07-08,10:30:39,Camera 3,smoke,0.26
2026-07-08,10:30:39,Camera 1,smoke,0.48
2026-07-08,10:30:40,Camera 3,fire,0.58
2026-07-08,10:30:40,Camera 3,smoke,0.26
2026-07-08,10:30:40,Camera 1,smoke,0.48
2026-07-08,10:30:41,Camera 3,fire,0.48
2026-07-08,10:30:41,Camera 3,smoke,0.30
2026-07-08,10:30:41,Camera 1,smoke,0.48
2026-07-08,10:30:42,Camera 3,fire,0.31
2026-07-08,10:30:43,Camera 1,smoke,0.48
2026-07-08,10:30:43,Camera 3,fire,0.29
2026-07-08,10:30:43,Camera 3,smoke,0.28
2026-07-08,10:30:44,Camera 1,smoke,0.48
2026-07-08,10:30:44,Camera 3,fire,0.38
2026-07-08,10:30:45,Camera 3,smoke,0.30
2026-07-08,10:30:45,Camera 1,smoke,0.48
2026-07-08,10:30:45,Camera 3,fire,0.29
2026-07-08,10:30:46,Camera 3,smoke,0.25
2026-07-08,10:30:46,Camera 1,smoke,0.48
2026-07-08,10:30:47,Camera 3,fire,0.41
2026-07-08,10:30:47,Camera 1,smoke,0.48
2026-07-08,10:30:48,Camera 3,smoke,0.27
2026-07-08,10:30:48,Camera 3,fire,0.28
2026-07-08,10:30:48,Camera 1,smoke,0.48
2026-07-08,10:30:49,Camera 3,fire,0.28
2026-07-08,10:30:49,Camera 3,smoke,0.28
2026-07-08,10:30:49,Camera 1,smoke,0.48
2026-07-08,10:30:50,Camera 3,fire,0.36
2026-07-08,10:30:50,Camera 3,smoke,0.31
2026-07-08,10:30:50,Camera 1,smoke,0.48
2026-07-08,10:30:51,Camera 3,fire,0.56
2026-07-08,10:30:51,Camera 1,smoke,0.48
2026-07-08,10:30:51,Camera 3,smoke,0.26
2026-07-08,10:30:52,Camera 1,smoke,0.48
2026-07-08,10:30:53,Camera 1,smoke,0.48
2026-07-08,10:30:53,Camera 3,smoke,0.26
2026-07-08,10:30:54,Camera 3,fire,0.26
2026-07-08,10:30:54,Camera 1,smoke,0.48
2026-07-08,10:30:55,Camera 1,smoke,0.48
2026-07-08,10:30:57,Camera 1,smoke,0.48
2026-07-08,10:30:57,Camera 3,smoke,0.25
2026-07-08,10:30:58,Camera 1,smoke,0.48
2026-07-08,10:30:58,Camera 3,fire,0.28
2026-07-08,10:30:59,Camera 1,smoke,0.48
2026-07-08,10:30:59,Camera 3,fire,0.35
2026-07-08,10:31:00,Camera 3,smoke,0.27
2026-07-08,10:31:00,Camera 1,smoke,0.48
2026-07-08,10:31:00,Camera 3,fire,0.34
2026-07-08,10:31:01,Camera 3,smoke,0.27
2026-07-08,10:31:01,Camera 1,smoke,0.48
2026-07-08,10:31:01,Camera 3,fire,0.29
2026-07-08,10:31:02,Camera 3,smoke,0.29
2026-07-08,10:31:02,Camera 1,smoke,0.48
2026-07-08,10:31:03,Camera 3,fire,0.31
2026-07-08,10:31:03,Camera 3,smoke,0.30
2026-07-08,10:31:03,Camera 1,smoke,0.48
2026-07-08,10:31:04,Camera 3,smoke,0.33
2026-07-08,10:31:04,Camera 1,smoke,0.48
2026-07-08,10:31:05,Camera 3,fire,0.26
2026-07-08,10:31:05,Camera 3,smoke,0.30
2026-07-08,10:31:05,Camera 1,smoke,0.48
2026-07-08,10:31:06,Camera 3,fire,0.33
2026-07-08,10:31:06,Camera 3,smoke,0.33
2026-07-08,10:31:07,Camera 1,smoke,0.48
2026-07-08,10:31:07,Camera 3,fire,0.41
2026-07-08,10:31:08,Camera 1,smoke,0.48
2026-07-08,10:31:09,Camera 1,smoke,0.48
2026-07-08,10:31:09,Camera 3,fire,0.30
2026-07-08,10:31:10,Camera 1,smoke,0.48
2026-07-08,10:31:10,Camera 3,fire,0.30
2026-07-08,10:31:11,Camera 1,smoke,0.48
2026-07-08,10:31:11,Camera 3,fire,0.29
2026-07-08,10:31:11,Camera 3,smoke,0.35
2026-07-08,10:31:12,Camera 1,smoke,0.48
2026-07-08,10:31:12,Camera 3,fire,0.29
2026-07-08,10:31:13,Camera 3,smoke,0.33
2026-07-08,10:31:13,Camera 1,smoke,0.48
2026-07-08,10:31:13,Camera 3,fire,0.26
2026-07-08,10:31:14,Camera 1,smoke,0.48
2026-07-08,10:31:14,Camera 3,fire,0.39
2026-07-08,10:31:15,Camera 1,smoke,0.48
2026-07-08,10:31:15,Camera 3,fire,0.53
2026-07-08,10:31:16,Camera 1,smoke,0.48
2026-07-08,10:31:17,Camera 3,fire,0.40
2026-07-08,10:31:17,Camera 1,smoke,0.48
2026-07-08,10:31:18,Camera 3,smoke,0.25
2026-07-08,10:31:18,Camera 1,smoke,0.48
2026-07-08,10:31:19,Camera 3,fire,0.28
2026-07-08,10:31:19,Camera 3,smoke,0.30
2026-07-08,10:31:19,Camera 1,smoke,0.48
2026-07-08,10:31:20,Camera 3,smoke,0.70
2026-07-08,10:31:20,Camera 1,smoke,0.48
2026-07-08,10:31:21,Camera 3,fire,0.25
2026-07-08,10:31:21,Camera 3,smoke,0.32
2026-07-08,10:31:21,Camera 1,smoke,0.48
2026-07-08,10:31:22,Camera 3,fire,0.36
2026-07-08,10:31:22,Camera 1,smoke,0.48
2026-07-08,10:31:23,Camera 3,fire,0.30
2026-07-08,10:31:23,Camera 1,smoke,0.48
2026-07-08,10:31:24,Camera 3,fire,0.26
2026-07-08,10:31:24,Camera 1,smoke,0.48
2026-07-08,10:31:25,Camera 3,smoke,0.27
2026-07-08,10:31:25,Camera 3,fire,0.25
2026-07-08,10:31:25,Camera 1,smoke,0.48
2026-07-08,10:31:26,Camera 3,fire,0.25
2026-07-08,10:31:26,Camera 1,smoke,0.48
2026-07-08,10:31:27,Camera 3,fire,0.26
2026-07-08,10:31:27,Camera 1,smoke,0.48
2026-07-08,10:31:28,Camera 1,smoke,0.48
2026-07-08,10:31:29,Camera 3,fire,0.25
2026-07-08,10:31:29,Camera 1,smoke,0.37
2026-07-08,10:31:30,Camera 1,smoke,0.37
2026-07-08,10:31:31,Camera 1,smoke,0.37
2026-07-08,10:31:32,Camera 1,smoke,0.37
2026-07-08,10:31:33,Camera 1,smoke,0.37
2026-07-08,10:31:34,Camera 3,fire,0.26
2026-07-08,10:31:34,Camera 1,smoke,0.37
2026-07-08,10:31:35,Camera 3,smoke,0.26
2026-07-08,10:31:36,Camera 1,smoke,0.37
2026-07-08,10:31:36,Camera 3,smoke,0.39
2026-07-08,10:31:37,Camera 1,smoke,0.37
2026-07-08,10:31:37,Camera 3,smoke,0.34
2026-07-08,10:31:38,Camera 1,smoke,0.37
2026-07-08,10:31:38,Camera 3,smoke,0.33
2026-07-08,10:31:38,Camera 3,fire,0.28
2026-07-08,10:31:39,Camera 1,smoke,0.37
2026-07-08,10:31:39,Camera 3,smoke,0.30
2026-07-08,10:31:39,Camera 3,fire,0.28
2026-07-08,10:31:40,Camera 1,smoke,0.37
2026-07-08,10:31:40,Camera 3,fire,0.28
2026-07-08,10:31:41,Camera 1,smoke,0.37
2026-07-08,10:31:41,Camera 3,smoke,0.26
2026-07-08,10:31:42,Camera 1,smoke,0.37
2026-07-08,10:31:42,Camera 3,smoke,0.66
2026-07-08,10:31:43,Camera 1,smoke,0.37
2026-07-08,10:31:43,Camera 3,smoke,0.40
2026-07-08,10:31:43,Camera 3,fire,0.27
2026-07-08,10:31:44,Camera 1,smoke,0.37
2026-07-08,10:31:45,Camera 1,smoke,0.37
2026-07-08,10:31:46,Camera 3,smoke,0.29
2026-07-08,10:31:46,Camera 1,smoke,0.37
2026-07-08,10:31:46,Camera 3,fire,0.32
2026-07-08,10:31:47,Camera 3,smoke,0.25
2026-07-08,10:31:47,Camera 1,smoke,0.37
2026-07-08,10:31:47,Camera 3,fire,0.37
2026-07-08,10:31:48,Camera 1,smoke,0.37
2026-07-08,10:31:48,Camera 3,fire,0.30
2026-07-08,10:31:49,Camera 1,smoke,0.37
2026-07-08,10:31:50,Camera 3,fire,0.25
2026-07-08,10:31:50,Camera 1,smoke,0.37
2026-07-08,10:31:51,Camera 1,smoke,0.37
2026-07-08,10:31:52,Camera 3,fire,0.27
2026-07-08,10:31:52,Camera 1,smoke,0.37
2026-07-08,10:31:53,Camera 3,fire,0.26
2026-07-08,10:31:53,Camera 1,smoke,0.37
2026-07-08,10:31:53,Camera 3,smoke,0.27
2026-07-08,10:31:54,Camera 3,fire,0.30
2026-07-08,10:31:54,Camera 1,smoke,0.37
2026-07-08,10:31:55,Camera 3,smoke,0.31
2026-07-08,10:31:56,Camera 1,smoke,0.37
2026-07-08,10:31:56,Camera 3,smoke,0.27
2026-07-08,10:31:57,Camera 3,fire,0.27
2026-07-08,10:31:57,Camera 1,smoke,0.37
2026-07-08,10:31:57,Camera 3,smoke,0.33
2026-07-08,10:31:58,Camera 3,fire,0.39
2026-07-08,10:31:58,Camera 1,smoke,0.37
2026-07-08,10:31:59,Camera 3,smoke,0.31
2026-07-08,10:31:59,Camera 3,fire,0.34
2026-07-08,10:31:59,Camera 1,smoke,0.37
2026-07-08,10:32:00,Camera 3,smoke,0.26
2026-07-08,10:32:00,Camera 3,fire,0.39
2026-07-08,10:32:00,Camera 1,smoke,0.37
2026-07-08,10:32:01,Camera 3,fire,0.36
2026-07-08,10:32:01,Camera 1,smoke,0.37
2026-07-08,10:32:01,Camera 3,smoke,0.31
2026-07-08,10:32:02,Camera 3,fire,0.35
2026-07-08,10:32:02,Camera 1,smoke,0.37
2026-07-08,10:32:03,Camera 3,fire,0.30
2026-07-08,10:32:03,Camera 1,smoke,0.37
2026-07-08,10:32:04,Camera 3,fire,0.27
2026-07-08,10:32:04,Camera 1,smoke,0.37
2026-07-08,10:32:05,Camera 3,fire,0.38
2026-07-08,10:32:05,Camera 1,smoke,0.37
2026-07-08,10:32:06,Camera 1,smoke,0.37
2026-07-08,10:32:06,Camera 3,fire,0.25
2026-07-08,10:32:07,Camera 1,smoke,0.37
2026-07-08,10:32:08,Camera 3,fire,0.48
2026-07-08,10:32:08,Camera 3,smoke,0.29
2026-07-08,10:32:08,Camera 1,smoke,0.37
2026-07-08,10:32:09,Camera 3,fire,0.38
2026-07-08,10:32:09,Camera 1,smoke,0.37
2026-07-08,10:32:10,Camera 3,fire,0.46
2026-07-08,10:32:10,Camera 1,smoke,0.37
2026-07-08,10:32:11,Camera 3,fire,0.26
2026-07-08,10:32:11,Camera 3,smoke,0.25
2026-07-08,10:32:11,Camera 1,smoke,0.37
2026-07-08,10:32:12,Camera 3,fire,0.30
2026-07-08,10:32:12,Camera 3,smoke,0.29
2026-07-08,10:32:12,Camera 1,smoke,0.37
2026-07-08,10:32:13,Camera 3,fire,0.37
2026-07-08,10:32:13,Camera 3,smoke,0.26
2026-07-08,10:32:14,Camera 1,smoke,0.37
2026-07-08,10:32:14,Camera 3,fire,0.28
2026-07-08,10:32:15,Camera 1,smoke,0.37
2026-07-08,10:32:15,Camera 3,smoke,0.27
2026-07-08,10:32:15,Camera 3,fire,0.28
2026-07-08,10:32:16,Camera 1,smoke,0.37
2026-07-08,10:32:16,Camera 3,smoke,0.30
2026-07-08,10:32:16,Camera 3,fire,0.31
2026-07-08,10:32:17,Camera 1,smoke,0.37
2026-07-08,10:32:17,Camera 3,smoke,0.32
2026-07-08,10:32:18,Camera 3,fire,0.29
2026-07-08,10:32:18,Camera 1,smoke,0.37
2026-07-08,10:32:19,Camera 3,fire,0.28
2026-07-08,10:32:19,Camera 1,smoke,0.37
2026-07-08,10:32:19,Camera 3,smoke,0.26
2026-07-08,10:32:20,Camera 3,fire,0.37
2026-07-08,10:32:20,Camera 1,smoke,0.37
2026-07-08,10:32:21,Camera 3,fire,0.43
2026-07-08,10:32:21,Camera 1,smoke,0.37
2026-07-08,10:32:22,Camera 3,smoke,0.27
2026-07-08,10:32:22,Camera 3,fire,0.28
2026-07-08,10:32:22,Camera 1,smoke,0.37
2026-07-08,10:32:23,Camera 3,smoke,0.25
2026-07-08,10:32:23,Camera 3,fire,0.29
2026-07-08,10:32:23,Camera 1,smoke,0.37
2026-07-08,10:32:24,Camera 3,fire,0.35
2026-07-08,10:32:24,Camera 1,smoke,0.37
2026-07-08,10:32:24,Camera 3,smoke,0.63
2026-07-08,10:32:25,Camera 3,fire,0.39
2026-07-08,10:32:25,Camera 1,smoke,0.37
2026-07-08,10:32:26,Camera 3,fire,0.39
2026-07-08,10:32:26,Camera 1,smoke,0.37
2026-07-08,10:32:27,Camera 3,fire,0.47
2026-07-08,10:32:27,Camera 1,smoke,0.37
2026-07-08,10:32:29,Camera 3,fire,0.41
2026-07-08,10:32:29,Camera 1,smoke,0.37
2026-07-08,10:32:30,Camera 3,fire,0.39
2026-07-08,10:32:30,Camera 1,smoke,0.37
2026-07-08,10:32:31,Camera 3,fire,0.33
2026-07-08,10:32:31,Camera 1,smoke,0.37
2026-07-08,10:32:32,Camera 3,fire,0.27
2026-07-08,10:32:32,Camera 1,smoke,0.37
2026-07-08,10:32:32,http://192.168.88.10:5000/cam/1,fire,0.85
2026-07-08,10:32:33,Camera 3,fire,0.53
2026-07-08,10:32:33,Camera 1,smoke,0.37
2026-07-08,10:32:33,http://192.168.88.10:5000/cam/1,fire,0.72
2026-07-08,10:32:33,http://192.168.88.10:5000/cam/1,smoke,0.33
2026-07-08,10:32:34,Camera 3,fire,0.34
2026-07-08,10:32:34,Camera 1,smoke,0.37
2026-07-08,10:32:34,http://192.168.88.10:5000/cam/1,fire,0.58
2026-07-08,10:32:35,http://192.168.88.10:5000/cam/1,smoke,0.26
2026-07-08,10:32:35,Camera 3,fire,0.39
2026-07-08,10:32:35,Camera 1,smoke,0.37
2026-07-08,10:32:35,http://192.168.88.10:5000/cam/1,fire,0.84
2026-07-08,10:32:36,http://192.168.88.10:5000/cam/1,smoke,0.36
2026-07-08,10:32:36,Camera 3,fire,0.37
2026-07-08,10:32:36,Camera 1,smoke,0.25
2026-07-08,10:32:37,http://192.168.88.10:5000/cam/1,fire,0.75
2026-07-08,10:32:37,http://192.168.88.10:5000/cam/1,smoke,0.80
2026-07-08,10:32:37,Camera 3,smoke,0.42
2026-07-08,10:32:37,Camera 3,fire,0.39
2026-07-08,10:32:38,Camera 1,smoke,0.32
2026-07-08,10:32:38,http://192.168.88.10:5000/cam/1,fire,0.52
2026-07-08,10:32:39,http://192.168.88.10:5000/cam/1,smoke,0.32
2026-07-08,10:32:39,Camera 1,smoke,0.78
2026-07-08,10:32:39,Camera 3,fire,0.35
2026-07-08,10:32:39,Camera 3,smoke,0.31
2026-07-08,10:32:39,http://192.168.88.10:5000/cam/1,fire,0.65
2026-07-08,10:32:40,http://192.168.88.10:5000/cam/1,smoke,0.76
2026-07-08,10:32:40,Camera 3,fire,0.38
2026-07-08,10:32:40,Camera 3,smoke,0.29
2026-07-08,10:32:40,Camera 1,smoke,0.31
2026-07-08,10:32:40,http://192.168.88.10:5000/cam/1,fire,0.60
2026-07-08,10:32:41,http://192.168.88.10:5000/cam/1,smoke,0.34
2026-07-08,10:32:41,Camera 3,fire,0.45
2026-07-08,10:32:41,Camera 3,smoke,0.35
2026-07-08,10:32:41,Camera 1,smoke,0.51
2026-07-08,10:32:41,http://192.168.88.10:5000/cam/1,fire,0.77
2026-07-08,10:32:42,http://192.168.88.10:5000/cam/1,smoke,0.51
2026-07-08,10:32:42,Camera 3,smoke,0.28
2026-07-08,10:32:42,Camera 3,fire,0.31
2026-07-08,10:32:42,Camera 1,smoke,0.39
2026-07-08,10:32:42,http://192.168.88.10:5000/cam/1,fire,0.59
2026-07-08,10:32:43,http://192.168.88.10:5000/cam/1,smoke,0.69
2026-07-08,10:32:43,Camera 3,fire,0.29
2026-07-08,10:32:43,Camera 3,smoke,0.26
2026-07-08,10:32:43,Camera 1,smoke,0.60
2026-07-08,10:32:43,http://192.168.88.10:5000/cam/1,fire,0.52
2026-07-08,10:32:44,http://192.168.88.10:5000/cam/1,smoke,0.45
2026-07-08,10:32:44,Camera 1,smoke,0.37
2026-07-08,10:32:44,Camera 3,fire,0.34
2026-07-08,10:32:44,Camera 3,smoke,0.26
2026-07-08,10:32:44,http://192.168.88.10:5000/cam/1,fire,0.57
2026-07-08,10:32:45,Camera 1,smoke,0.32
2026-07-08,10:32:45,Camera 3,fire,0.36
2026-07-08,10:32:45,http://192.168.88.10:5000/cam/1,fire,0.77
2026-07-08,10:32:46,http://192.168.88.10:5000/cam/1,smoke,0.37
2026-07-08,10:32:46,Camera 1,smoke,0.30
2026-07-08,10:32:47,Camera 3,fire,0.31
2026-07-08,10:32:47,http://192.168.88.10:5000/cam/1,fire,0.66
2026-07-08,10:32:47,http://192.168.88.10:5000/cam/1,smoke,0.35
2026-07-08,10:32:48,Camera 1,smoke,0.40
2026-07-08,10:32:48,http://192.168.88.10:5000/cam/1,fire,0.44
2026-07-08,10:32:48,Camera 3,fire,0.27
2026-07-08,10:32:48,http://192.168.88.10:5000/cam/1,smoke,0.55
2026-07-08,10:32:49,Camera 1,smoke,0.28
2026-07-08,10:32:49,http://192.168.88.10:5000/cam/1,fire,0.79
2026-07-08,10:32:49,Camera 3,fire,0.43
2026-07-08,10:32:49,http://192.168.88.10:5000/cam/1,smoke,0.33
2026-07-08,10:32:50,Camera 3,smoke,0.26
2026-07-08,10:32:50,http://192.168.88.10:5000/cam/1,fire,0.68
2026-07-08,10:32:50,Camera 1,smoke,0.40
2026-07-08,10:32:50,Camera 3,fire,0.45
2026-07-08,10:32:50,http://192.168.88.10:5000/cam/1,smoke,0.26
2026-07-08,10:32:51,Camera 3,smoke,0.26
2026-07-08,10:32:51,http://192.168.88.10:5000/cam/1,fire,0.54
2026-07-08,10:32:51,Camera 1,smoke,0.48
2026-07-08,10:32:51,Camera 3,fire,0.25
2026-07-08,10:32:51,http://192.168.88.10:5000/cam/1,smoke,0.27
2026-07-08,10:32:52,http://192.168.88.10:5000/cam/1,fire,0.75
2026-07-08,10:32:52,Camera 1,smoke,0.53
2026-07-08,10:32:52,Camera 3,fire,0.33
2026-07-08,10:32:52,Camera 3,smoke,0.25
2026-07-08,10:32:53,http://192.168.88.10:5000/cam/1,smoke,0.30
2026-07-08,10:32:53,http://192.168.88.10:5000/cam/1,fire,0.72
2026-07-08,10:32:53,Camera 1,smoke,0.42
2026-07-08,10:32:53,Camera 3,fire,0.31
2026-07-08,10:32:54,http://192.168.88.10:5000/cam/1,smoke,0.25
2026-07-08,10:32:54,http://192.168.88.10:5000/cam/1,fire,0.77
2026-07-08,10:32:54,Camera 1,smoke,0.35
2026-07-08,10:32:54,Camera 3,fire,0.38
2026-07-08,10:32:55,http://192.168.88.10:5000/cam/1,smoke,0.28
2026-07-08,10:32:56,http://192.168.88.10:5000/cam/1,fire,0.72
2026-07-08,10:32:56,Camera 1,smoke,0.43
2026-07-08,10:32:56,Camera 3,fire,0.53
2026-07-08,10:32:56,Camera 3,smoke,0.34
2026-07-08,10:32:56,http://192.168.88.10:5000/cam/1,smoke,0.53
2026-07-08,10:32:57,http://192.168.88.10:5000/cam/1,fire,0.87
2026-07-08,10:32:57,Camera 1,smoke,0.55
2026-07-08,10:32:57,Camera 3,fire,0.43
2026-07-08,10:32:57,Camera 3,smoke,0.31
2026-07-08,10:32:58,http://192.168.88.10:5000/cam/1,fire,0.84
2026-07-08,10:32:58,Camera 1,smoke,0.45
2026-07-08,10:32:58,Camera 3,fire,0.48
2026-07-08,10:32:59,http://192.168.88.10:5000/cam/1,fire,0.76
2026-07-08,10:32:59,Camera 1,smoke,0.57
2026-07-08,10:32:59,http://192.168.88.10:5000/cam/1,smoke,0.34
2026-07-08,10:32:59,Camera 3,fire,0.26
2026-07-08,10:33:00,Camera 3,smoke,0.32
2026-07-08,10:33:00,Camera 1,smoke,0.36
2026-07-08,10:33:00,http://192.168.88.10:5000/cam/1,smoke,0.79
2026-07-08,10:33:00,Camera 3,fire,0.45
2026-07-08,10:33:01,Camera 3,smoke,0.26
2026-07-08,10:33:01,Camera 1,smoke,0.34
2026-07-08,10:33:01,http://192.168.88.10:5000/cam/1,smoke,0.72
2026-07-08,10:33:01,Camera 3,fire,0.55
2026-07-08,10:33:02,Camera 3,smoke,0.32
2026-07-08,10:33:02,Camera 1,smoke,0.42
2026-07-08,10:33:02,http://192.168.88.10:5000/cam/1,smoke,0.82
2026-07-08,10:33:02,Camera 3,fire,0.63
2026-07-08,10:33:03,Camera 3,smoke,0.32
2026-07-08,10:33:03,Camera 1,smoke,0.28
2026-07-08,10:33:03,http://192.168.88.10:5000/cam/1,smoke,0.80
2026-07-08,10:33:03,Camera 3,fire,0.52
2026-07-08,10:33:04,Camera 1,smoke,0.36
2026-07-08,10:33:05,http://192.168.88.10:5000/cam/1,smoke,0.72
2026-07-08,10:33:05,Camera 3,fire,0.45
2026-07-08,10:33:06,Camera 3,smoke,0.29
2026-07-08,10:33:06,Camera 1,smoke,0.43
2026-07-08,10:33:06,http://192.168.88.10:5000/cam/1,smoke,0.61
2026-07-08,10:33:06,Camera 3,fire,0.60
2026-07-08,10:33:07,Camera 3,smoke,0.29
2026-07-08,10:33:07,Camera 1,smoke,0.43
2026-07-08,10:33:07,http://192.168.88.10:5000/cam/1,smoke,0.77
2026-07-08,10:33:07,Camera 3,fire,0.36
2026-07-08,10:33:08,Camera 3,smoke,0.34
2026-07-08,10:33:08,Camera 1,smoke,0.43
2026-07-08,10:33:08,http://192.168.88.10:5000/cam/1,smoke,0.27
2026-07-08,10:33:08,Camera 3,fire,0.26
2026-07-08,10:33:09,Camera 3,smoke,0.31
2026-07-08,10:33:09,Camera 1,smoke,0.43
2026-07-08,10:33:09,http://192.168.88.10:5000/cam/1,smoke,0.31
2026-07-08,10:33:09,Camera 3,fire,0.34
2026-07-08,10:33:09,http://192.168.88.10:5000/cam/1,fire,0.34
2026-07-08,10:33:10,Camera 1,smoke,0.43
2026-07-08,10:33:10,http://192.168.88.10:5000/cam/1,smoke,0.58
2026-07-08,10:33:10,Camera 3,fire,0.49
2026-07-08,10:33:11,Camera 1,smoke,0.43
2026-07-08,10:33:11,http://192.168.88.10:5000/cam/1,smoke,0.72
2026-07-08,10:33:11,Camera 3,fire,0.40
2026-07-08,10:33:12,Camera 1,smoke,0.43
2026-07-08,10:33:12,http://192.168.88.10:5000/cam/1,smoke,0.75
2026-07-08,10:33:12,Camera 3,fire,0.33
2026-07-08,10:33:13,Camera 1,smoke,0.43
2026-07-08,10:33:13,Camera 3,fire,0.40
2026-07-08,10:33:14,http://192.168.88.10:5000/cam/1,smoke,0.37
2026-07-08,10:33:14,Camera 1,smoke,0.43
2026-07-08,10:33:14,http://192.168.88.10:5000/cam/1,fire,0.36
2026-07-08,10:33:15,Camera 3,fire,0.49
2026-07-08,10:33:15,http://192.168.88.10:5000/cam/1,smoke,0.44
2026-07-08,10:33:16,Camera 1,smoke,0.43
2026-07-08,10:33:16,http://192.168.88.10:5000/cam/1,fire,0.87
2026-07-08,10:33:16,Camera 3,fire,0.35
2026-07-08,10:33:17,Camera 1,smoke,0.43
2026-07-08,10:33:17,http://192.168.88.10:5000/cam/1,fire,0.69
2026-07-08,10:33:17,Camera 3,fire,0.30
2026-07-08,10:33:18,Camera 3,smoke,0.27
2026-07-08,10:33:18,Camera 1,smoke,0.43
2026-07-08,10:33:18,http://192.168.88.10:5000/cam/1,fire,0.90
2026-07-08,10:33:18,http://192.168.88.10:5000/cam/1,smoke,0.34
2026-07-08,10:33:18,Camera 3,fire,0.48
2026-07-08,10:33:19,Camera 3,smoke,0.26
2026-07-08,10:33:19,Camera 1,smoke,0.43
2026-07-08,10:33:19,http://192.168.88.10:5000/cam/1,smoke,0.52
2026-07-08,10:33:19,Camera 3,fire,0.44
2026-07-08,10:33:20,http://192.168.88.10:5000/cam/1,fire,0.39
2026-07-08,10:33:20,Camera 3,smoke,0.26
2026-07-08,10:33:20,Camera 1,smoke,0.43
2026-07-08,10:33:20,http://192.168.88.10:5000/cam/1,smoke,0.47
2026-07-08,10:33:20,Camera 3,fire,0.29
2026-07-08,10:33:21,http://192.168.88.10:5000/cam/1,fire,0.33
2026-07-08,10:33:21,Camera 3,smoke,0.28
2026-07-08,10:33:21,Camera 1,smoke,0.43
2026-07-08,10:33:21,http://192.168.88.10:5000/cam/1,smoke,0.50
2026-07-08,10:33:21,Camera 3,fire,0.39
2026-07-08,10:33:22,http://192.168.88.10:5000/cam/1,fire,0.57
2026-07-08,10:33:22,Camera 1,smoke,0.43
2026-07-08,10:33:22,Camera 3,fire,0.40
2026-07-08,10:33:22,Camera 3,smoke,0.27
2026-07-08,10:33:22,http://192.168.88.10:5000/cam/1,smoke,0.30
2026-07-08,10:33:23,http://192.168.88.10:5000/cam/1,fire,0.55
2026-07-08,10:33:23,Camera 3,fire,0.45
2026-07-08,10:33:23,Camera 1,smoke,0.43
2026-07-08,10:33:24,http://192.168.88.10:5000/cam/1,smoke,0.34
2026-07-08,10:33:24,Camera 3,smoke,0.38
2026-07-08,10:33:24,http://192.168.88.10:5000/cam/1,fire,0.53
2026-07-08,10:33:24,Camera 3,fire,0.41
2026-07-08,10:33:25,Camera 1,smoke,0.43
2026-07-08,10:33:25,http://192.168.88.10:5000/cam/1,smoke,0.42
2026-07-08,10:33:25,Camera 3,smoke,0.37
2026-07-08,10:33:25,http://192.168.88.10:5000/cam/1,fire,0.56
2026-07-08,10:33:26,Camera 3,fire,0.56
2026-07-08,10:33:26,Camera 1,smoke,0.43
2026-07-08,10:33:26,http://192.168.88.10:5000/cam/1,smoke,0.29
2026-07-08,10:33:26,http://192.168.88.10:5000/cam/1,fire,0.53
2026-07-08,10:33:27,Camera 3,fire,0.43
2026-07-08,10:33:27,Camera 1,smoke,0.43
2026-07-08,10:33:27,http://192.168.88.10:5000/cam/1,smoke,0.70
2026-07-08,10:33:27,http://192.168.88.10:5000/cam/1,fire,0.51
2026-07-08,10:33:28,Camera 3,smoke,0.30
2026-07-08,10:33:28,Camera 3,fire,0.44
2026-07-08,10:33:28,Camera 1,smoke,0.43
2026-07-08,10:33:28,http://192.168.88.10:5000/cam/1,fire,0.86
2026-07-08,10:33:29,Camera 3,smoke,0.29
2026-07-08,10:33:29,Camera 3,fire,0.49
2026-07-08,10:33:29,Camera 1,smoke,0.43
2026-07-08,10:33:29,http://192.168.88.10:5000/cam/1,smoke,0.30
2026-07-08,10:33:30,http://192.168.88.10:5000/cam/1,fire,0.81
2026-07-08,10:33:30,Camera 3,fire,0.43
2026-07-08,10:33:30,Camera 1,smoke,0.43
2026-07-08,10:33:31,http://192.168.88.10:5000/cam/1,fire,0.78
2026-07-08,10:33:31,Camera 3,fire,0.31
2026-07-08,10:33:31,Camera 1,smoke,0.43
2026-07-08,10:33:31,Camera 3,smoke,0.34
2026-07-08,10:33:32,http://192.168.88.10:5000/cam/1,fire,0.82
2026-07-08,10:33:32,Camera 3,fire,0.28
2026-07-08,10:33:32,Camera 1,smoke,0.43
2026-07-08,10:33:33,http://192.168.88.10:5000/cam/1,fire,0.83
2026-07-08,10:33:33,Camera 3,fire,0.35
2026-07-08,10:33:34,Camera 1,smoke,0.43
2026-07-08,10:33:34,http://192.168.88.10:5000/cam/1,fire,0.86
2026-07-08,10:33:34,http://192.168.88.10:5000/cam/1,smoke,0.28
2026-07-08,10:33:35,Camera 3,fire,0.34
2026-07-08,10:33:35,Camera 3,smoke,0.31
2026-07-08,10:33:35,Camera 1,smoke,0.43
2026-07-08,10:33:35,http://192.168.88.10:5000/cam/1,fire,0.76
2026-07-08,10:33:36,Camera 3,fire,0.31
2026-07-08,10:33:36,Camera 1,smoke,0.49
2026-07-08,10:33:36,Camera 3,smoke,0.26
2026-07-08,10:33:36,http://192.168.88.10:5000/cam/1,fire,0.86
2026-07-08,10:33:37,Camera 1,smoke,0.42
2026-07-08,10:33:37,Camera 3,smoke,0.34
2026-07-08,10:33:37,Camera 3,fire,0.27
2026-07-08,10:33:37,http://192.168.88.10:5000/cam/1,fire,0.81
2026-07-08,10:33:38,Camera 1,smoke,0.47
2026-07-08,10:33:38,Camera 3,fire,0.40
2026-07-08,10:33:38,Camera 3,smoke,0.26
2026-07-08,10:33:39,http://192.168.88.10:5000/cam/1,fire,0.67
2026-07-08,10:33:39,Camera 1,smoke,0.46
2026-07-08,10:33:39,Camera 3,fire,0.38
2026-07-08,10:33:40,http://192.168.88.10:5000/cam/1,fire,0.72
2026-07-08,10:33:40,Camera 1,smoke,0.38
2026-07-08,10:33:40,Camera 3,fire,0.35
2026-07-08,10:33:41,http://192.168.88.10:5000/cam/1,fire,0.62
2026-07-08,10:33:41,Camera 1,smoke,0.41
2026-07-08,10:33:41,Camera 3,fire,0.25
2026-07-08,10:33:42,http://192.168.88.10:5000/cam/1,fire,0.69
2026-07-08,10:33:42,Camera 1,smoke,0.36
2026-07-08,10:33:43,Camera 3,fire,0.35
2026-07-08,10:33:43,http://192.168.88.10:5000/cam/1,fire,0.83
2026-07-08,10:33:43,Camera 3,smoke,0.25
2026-07-08,10:33:44,Camera 1,smoke,0.69
2026-07-08,10:33:44,Camera 3,fire,0.31
2026-07-08,10:33:44,http://192.168.88.10:5000/cam/1,fire,0.71
2026-07-08,10:33:45,Camera 1,smoke,0.47
2026-07-08,10:33:45,Camera 3,fire,0.33
2026-07-08,10:33:45,http://192.168.88.10:5000/cam/1,smoke,0.46
2026-07-08,10:33:46,http://192.168.88.10:5000/cam/1,fire,0.58
2026-07-08,10:33:46,Camera 3,smoke,0.29
2026-07-08,10:33:46,Camera 1,smoke,0.43
2026-07-08,10:33:46,Camera 3,fire,0.61
2026-07-08,10:33:46,http://192.168.88.10:5000/cam/1,smoke,0.79
2026-07-08,10:33:47,Camera 3,smoke,0.25
2026-07-08,10:33:47,http://192.168.88.10:5000/cam/1,fire,0.49
2026-07-08,10:33:47,Camera 1,smoke,0.35
2026-07-08,10:33:47,Camera 3,fire,0.66
2026-07-08,10:33:47,http://192.168.88.10:5000/cam/1,smoke,0.76
2026-07-08,10:33:48,http://192.168.88.10:5000/cam/1,fire,0.35
2026-07-08,10:33:48,Camera 1,smoke,0.35
2026-07-08,10:33:48,Camera 3,fire,0.50
2026-07-08,10:33:48,http://192.168.88.10:5000/cam/1,smoke,0.60
2026-07-08,10:33:49,http://192.168.88.10:5000/cam/1,fire,0.34
2026-07-08,10:33:49,Camera 3,fire,0.57
2026-07-08,10:33:50,http://192.168.88.10:5000/cam/1,smoke,0.52
2026-07-08,10:33:50,http://192.168.88.10:5000/cam/1,fire,0.28
2026-07-08,10:33:50,Camera 3,fire,0.57
2026-07-08,10:33:51,http://192.168.88.10:5000/cam/1,smoke,0.48
2026-07-08,10:33:51,http://192.168.88.10:5000/cam/1,fire,0.34
2026-07-08,10:33:51,Camera 3,fire,0.59
2026-07-08,10:33:52,http://192.168.88.10:5000/cam/1,smoke,0.28
2026-07-08,10:33:52,http://192.168.88.10:5000/cam/1,fire,0.88
2026-07-08,10:33:53,Camera 3,fire,0.42
2026-07-08,10:33:53,Camera 3,smoke,0.36
2026-07-08,10:33:53,http://192.168.88.10:5000/cam/1,fire,0.83
2026-07-08,10:33:54,Camera 3,fire,0.50
2026-07-08,10:33:54,Camera 3,smoke,0.27
2026-07-08,10:33:54,http://192.168.88.10:5000/cam/1,fire,0.82
2026-07-08,10:33:55,http://192.168.88.10:5000/cam/1,smoke,0.26
2026-07-08,10:33:55,Camera 3,fire,0.38
2026-07-08,10:33:55,http://192.168.88.10:5000/cam/1,fire,0.85
2026-07-08,10:33:56,Camera 3,fire,0.34
2026-07-08,10:33:56,Camera 3,smoke,0.29
2026-07-08,10:33:57,http://192.168.88.10:5000/cam/1,fire,0.79
2026-07-08,10:33:57,Camera 3,fire,0.36
2026-07-08,10:33:57,Camera 3,smoke,0.31
2026-07-08,10:33:58,http://192.168.88.10:5000/cam/1,fire,0.84
2026-07-08,10:33:58,Camera 3,fire,0.32
2026-07-08,10:33:58,Camera 3,smoke,0.38
2026-07-08,10:33:59,http://192.168.88.10:5000/cam/1,fire,0.69
2026-07-08,10:33:59,Camera 3,fire,0.42
2026-07-08,10:33:59,Camera 3,smoke,0.31
2026-07-08,10:34:00,http://192.168.88.10:5000/cam/1,fire,0.83
2026-07-08,10:34:00,Camera 3,fire,0.37
2026-07-08,10:34:01,http://192.168.88.10:5000/cam/1,fire,0.62
2026-07-08,10:34:01,Camera 3,fire,0.35
2026-07-08,10:34:02,http://192.168.88.10:5000/cam/1,fire,0.75
2026-07-08,10:34:03,Camera 3,fire,0.49
2026-07-08,10:34:03,http://192.168.88.10:5000/cam/1,fire,0.82
2026-07-08,10:34:04,Camera 3,fire,0.34
2026-07-08,10:34:04,http://192.168.88.10:5000/cam/1,fire,0.87
2026-07-08,10:34:05,Camera 3,fire,0.32
2026-07-08,10:34:05,http://192.168.88.10:5000/cam/1,fire,0.85
2026-07-08,10:34:06,http://192.168.88.10:5000/cam/1,smoke,0.27
2026-07-08,10:34:06,Camera 3,fire,0.36
2026-07-08,10:34:07,http://192.168.88.10:5000/cam/1,fire,0.89
2026-07-08,10:34:07,Camera 3,fire,0.35
2026-07-08,10:34:08,http://192.168.88.10:5000/cam/1,fire,0.81
2026-07-08,10:34:08,Camera 3,fire,0.39
2026-07-08,10:34:09,http://192.168.88.10:5000/cam/1,fire,0.82
2026-07-08,10:34:09,Camera 3,fire,0.39
2026-07-08,10:34:10,http://192.168.88.10:5000/cam/1,fire,0.89
2026-07-08,10:34:10,Camera 3,fire,0.39
2026-07-08,10:34:11,http://192.168.88.10:5000/cam/1,fire,0.81
2026-07-08,10:34:11,Camera 3,fire,0.39
2026-07-08,10:34:12,http://192.168.88.10:5000/cam/1,fire,0.86
2026-07-08,10:34:12,Camera 3,fire,0.39
2026-07-08,10:34:13,http://192.168.88.10:5000/cam/1,fire,0.88
2026-07-08,10:34:14,Camera 3,fire,0.39
2026-07-08,10:34:14,http://192.168.88.10:5000/cam/1,fire,0.87
2026-07-08,10:34:15,Camera 3,fire,0.39
2026-07-08,10:34:15,http://192.168.88.10:5000/cam/1,smoke,0.25
2026-07-08,10:34:15,http://192.168.88.10:5000/cam/1,fire,0.81
2026-07-08,10:34:16,Camera 3,fire,0.50
2026-07-08,10:34:17,http://192.168.88.10:5000/cam/1,fire,0.87
2026-07-08,10:34:17,Camera 3,fire,0.50
2026-07-08,10:34:18,http://192.168.88.10:5000/cam/1,fire,0.73
2026-07-08,10:34:18,Camera 3,fire,0.30
2026-07-08,10:34:19,http://192.168.88.10:5000/cam/1,fire,0.79
2026-07-08,10:34:19,Camera 3,smoke,0.26
2026-07-08,10:34:20,Camera 3,fire,0.37
2026-07-08,10:34:20,http://192.168.88.10:5000/cam/1,fire,0.86
2026-07-08,10:34:21,Camera 3,fire,0.37
2026-07-08,10:34:21,http://192.168.88.10:5000/cam/1,fire,0.70
2026-07-08,10:34:22,Camera 3,fire,0.52
2026-07-08,10:34:22,http://192.168.88.10:5000/cam/1,fire,0.90
2026-07-08,10:34:23,Camera 3,fire,0.49
2026-07-08,10:34:23,http://192.168.88.10:5000/cam/1,fire,0.76
2026-07-08,10:34:23,Camera 3,smoke,0.25
2026-07-08,10:34:24,Camera 3,fire,0.37
2026-07-08,10:34:24,http://192.168.88.10:5000/cam/1,fire,0.86
2026-07-08,10:34:25,Camera 3,fire,0.25
2026-07-08,10:34:25,http://192.168.88.10:5000/cam/1,fire,0.81
2026-07-08,10:34:26,Camera 3,smoke,0.29
2026-07-08,10:34:26,Camera 3,fire,0.31
2026-07-08,10:34:27,http://192.168.88.10:5000/cam/1,fire,0.85
2026-07-08,10:34:27,Camera 3,fire,0.35
2026-07-08,10:34:28,http://192.168.88.10:5000/cam/1,fire,0.79
2026-07-08,10:34:28,Camera 3,smoke,0.27
2026-07-08,10:34:29,Camera 3,fire,0.32
2026-07-08,10:34:29,http://192.168.88.10:5000/cam/1,fire,0.82
2026-07-08,10:34:29,Camera 3,smoke,0.34
2026-07-08,10:34:30,Camera 3,fire,0.30
2026-07-08,10:34:30,http://192.168.88.10:5000/cam/1,fire,0.81
2026-07-08,10:34:31,Camera 3,fire,0.31
2026-07-08,10:34:31,http://192.168.88.10:5000/cam/1,fire,0.89
2026-07-08,10:34:32,Camera 3,fire,0.41
2026-07-08,10:34:32,http://192.168.88.10:5000/cam/1,fire,0.71
2026-07-08,10:34:33,Camera 3,fire,0.33
2026-07-08,10:34:33,http://192.168.88.10:5000/cam/1,fire,0.67
2026-07-08,10:34:34,Camera 3,smoke,0.33
2026-07-08,10:34:34,Camera 3,fire,0.25
2026-07-08,10:34:34,http://192.168.88.10:5000/cam/1,fire,0.82
2026-07-08,10:34:35,Camera 3,smoke,0.35
2026-07-08,10:34:35,Camera 3,fire,0.31
2026-07-08,10:34:35,http://192.168.88.10:5000/cam/1,fire,0.85
2026-07-08,10:34:36,Camera 3,smoke,0.34
2026-07-08,10:34:36,Camera 3,fire,0.28
2026-07-08,10:34:37,http://192.168.88.10:5000/cam/1,fire,0.69
2026-07-08,10:34:37,Camera 3,smoke,0.34
2026-07-08,10:34:38,Camera 3,fire,0.38
2026-07-08,10:34:38,http://192.168.88.10:5000/cam/1,fire,0.72
2026-07-08,10:34:39,Camera 3,fire,0.35
2026-07-08,10:34:39,http://192.168.88.10:5000/cam/1,fire,0.81
2026-07-08,10:34:40,Camera 3,fire,0.36
2026-07-08,10:34:40,http://192.168.88.10:5000/cam/1,fire,0.79
2026-07-08,10:34:41,Camera 3,fire,0.37
2026-07-08,10:34:41,http://192.168.88.10:5000/cam/1,fire,0.79
2026-07-08,10:34:42,http://192.168.88.10:5000/cam/1,fire,0.73
2026-07-08,10:34:42,Camera 3,fire,0.33
2026-07-08,10:34:43,http://192.168.88.10:5000/cam/1,fire,0.85
2026-07-08,10:34:44,Camera 3,fire,0.46
2026-07-08,10:34:44,http://192.168.88.10:5000/cam/1,fire,0.80
2026-07-08,10:34:45,Camera 3,fire,0.41
2026-07-08,10:34:45,http://192.168.88.10:5000/cam/1,fire,0.87
2026-07-08,10:34:46,Camera 3,fire,0.33
2026-07-08,10:34:46,Camera 3,smoke,0.27
2026-07-08,10:34:47,http://192.168.88.10:5000/cam/1,fire,0.89
2026-07-08,10:34:47,Camera 3,fire,0.43
2026-07-08,10:34:48,Camera 3,smoke,0.30
2026-07-08,10:34:48,http://192.168.88.10:5000/cam/1,fire,0.79
2026-07-08,10:34:48,Camera 3,fire,0.59
2026-07-08,10:34:49,http://192.168.88.10:5000/cam/1,fire,0.83
2026-07-08,10:34:49,Camera 3,fire,0.53
2026-07-08,10:34:50,http://192.168.88.10:5000/cam/1,fire,0.85
2026-07-08,10:34:50,Camera 3,fire,0.56
2026-07-08,10:34:50,http://192.168.88.10:5000/cam/1,smoke,0.32
2026-07-08,10:34:51,http://192.168.88.10:5000/cam/1,fire,0.86
2026-07-08,10:34:51,Camera 3,fire,0.29
2026-07-08,10:34:52,http://192.168.88.10:5000/cam/1,fire,0.78
2026-07-08,10:34:52,Camera 3,fire,0.27
2026-07-08,10:34:53,http://192.168.88.10:5000/cam/1,fire,0.84
2026-07-08,10:34:54,Camera 3,fire,0.59
2026-07-08,10:34:54,http://192.168.88.10:5000/cam/1,fire,0.83
2026-07-08,10:34:55,Camera 3,fire,0.53
2026-07-08,10:34:55,http://192.168.88.10:5000/cam/1,smoke,0.31
2026-07-08,10:34:55,http://192.168.88.10:5000/cam/1,fire,0.77
2026-07-08,10:34:56,Camera 3,fire,0.62
2026-07-08,10:34:57,http://192.168.88.10:5000/cam/1,fire,0.88
2026-07-08,10:34:57,Camera 3,fire,0.57
2026-07-08,10:34:57,Camera 3,smoke,0.28
2026-07-08,10:34:58,http://192.168.88.10:5000/cam/1,fire,0.74
2026-07-08,10:34:58,http://192.168.88.10:5000/cam/1,smoke,0.28
2026-07-08,10:34:58,Camera 3,fire,0.37
2026-07-08,10:34:59,http://192.168.88.10:5000/cam/1,fire,0.85
2026-07-08,10:34:59,Camera 3,fire,0.48
2026-07-08,10:35:00,http://192.168.88.10:5000/cam/1,fire,0.87
2026-07-08,10:35:00,http://192.168.88.10:5000/cam/1,smoke,0.37
2026-07-08,10:35:00,Camera 3,fire,0.37
2026-07-08,10:35:00,Camera 3,smoke,0.28
2026-07-08,10:35:01,http://192.168.88.10:5000/cam/1,fire,0.82
2026-07-08,10:35:01,Camera 3,fire,0.35
2026-07-08,10:35:01,Camera 3,smoke,0.32
2026-07-08,10:35:02,http://192.168.88.10:5000/cam/1,fire,0.86
2026-07-08,10:35:02,Camera 3,fire,0.47
2026-07-08,10:35:03,http://192.168.88.10:5000/cam/1,fire,0.84
2026-07-08,10:35:04,Camera 3,fire,0.52
2026-07-08,10:35:04,http://192.168.88.10:5000/cam/1,fire,0.86
2026-07-08,10:35:05,Camera 3,fire,0.51
2026-07-08,10:35:06,http://192.168.88.10:5000/cam/1,fire,0.83
2026-07-08,10:35:06,Camera 3,smoke,0.28
2026-07-08,10:35:06,Camera 3,fire,0.46
2026-07-08,10:35:07,http://192.168.88.10:5000/cam/1,fire,0.85
2026-07-08,10:35:07,Camera 3,smoke,0.28
2026-07-08,10:35:07,Camera 3,fire,0.64
2026-07-08,10:35:07,http://192.168.88.10:5000/cam/1,smoke,0.27
2026-07-08,10:35:08,http://192.168.88.10:5000/cam/1,fire,0.84
2026-07-08,10:35:08,Camera 3,fire,0.53
2026-07-08,10:35:09,http://192.168.88.10:5000/cam/1,fire,0.89
2026-07-08,10:35:09,Camera 3,fire,0.40
2026-07-08,10:35:09,http://192.168.88.10:5000/cam/1,smoke,0.27
2026-07-08,10:35:10,http://192.168.88.10:5000/cam/1,fire,0.79
2026-07-08,10:35:10,Camera 3,fire,0.35
2026-07-08,10:35:11,http://192.168.88.10:5000/cam/1,fire,0.85
2026-07-08,10:35:11,Camera 3,fire,0.40
2026-07-08,10:35:12,http://192.168.88.10:5000/cam/1,fire,0.81
2026-07-08,10:35:12,Camera 3,fire,0.46
2026-07-08,10:35:13,http://192.168.88.10:5000/cam/1,fire,0.69
2026-07-08,10:35:13,Camera 3,fire,0.45
2026-07-08,10:35:14,Camera 3,smoke,0.31
2026-07-08,10:35:14,http://192.168.88.10:5000/cam/1,smoke,0.25
2026-07-08,10:35:14,http://192.168.88.10:5000/cam/1,fire,0.86
2026-07-08,10:35:14,Camera 3,fire,0.35
2026-07-08,10:35:15,Camera 3,smoke,0.36
2026-07-08,10:35:15,http://192.168.88.10:5000/cam/1,fire,0.76
2026-07-08,10:35:15,Camera 3,fire,0.37
2026-07-08,10:35:16,http://192.168.88.10:5000/cam/1,fire,0.71
2026-07-08,10:35:17,Camera 3,fire,0.29
2026-07-08,10:35:17,http://192.168.88.10:5000/cam/1,fire,0.63
2026-07-08,10:35:18,Camera 3,fire,0.30
2026-07-08,10:35:18,http://192.168.88.10:5000/cam/1,fire,0.80
2026-07-08,10:35:19,Camera 3,smoke,0.39
2026-07-08,10:35:19,Camera 3,fire,0.26
2026-07-08,10:35:20,Camera 2,smoke,0.25
2026-07-08,10:35:20,http://192.168.88.10:5000/cam/1,fire,0.88
2026-07-08,10:35:20,Camera 3,fire,0.45
2026-07-08,10:35:20,Camera 3,smoke,0.26
2026-07-08,10:35:21,http://192.168.88.10:5000/cam/1,fire,0.83
2026-07-08,10:35:21,Camera 3,fire,0.33
2026-07-08,10:35:22,http://192.168.88.10:5000/cam/1,fire,0.87
2026-07-08,10:35:22,Camera 3,fire,0.40
2026-07-08,10:35:23,http://192.168.88.10:5000/cam/1,fire,0.79
2026-07-08,10:35:23,Camera 3,fire,0.33
2026-07-08,10:35:24,Camera 3,smoke,0.28
2026-07-08,10:35:24,http://192.168.88.10:5000/cam/1,fire,0.79
2026-07-08,10:35:24,Camera 3,fire,0.27
2026-07-08,10:35:25,Camera 3,smoke,0.33
2026-07-08,10:35:25,http://192.168.88.10:5000/cam/1,fire,0.86
2026-07-08,10:35:26,Camera 3,fire,0.31
2026-07-08,10:35:26,Camera 3,smoke,0.40
2026-07-08,10:35:26,http://192.168.88.10:5000/cam/1,fire,0.87
2026-07-08,10:35:27,Camera 3,fire,0.40
2026-07-08,10:35:27,Camera 3,smoke,0.35
2026-07-08,10:35:27,http://192.168.88.10:5000/cam/1,fire,0.82
2026-07-08,10:35:28,Camera 3,fire,0.49
2026-07-08,10:35:28,Camera 3,smoke,0.27
2026-07-08,10:35:28,http://192.168.88.10:5000/cam/1,fire,0.84
2026-07-08,10:35:29,Camera 3,fire,0.47
2026-07-08,10:35:29,Camera 3,smoke,0.26
2026-07-08,10:35:30,http://192.168.88.10:5000/cam/1,fire,0.83
2026-07-08,10:35:30,Camera 3,fire,0.39
2026-07-08,10:35:31,Camera 3,smoke,0.41
2026-07-08,10:35:31,http://192.168.88.10:5000/cam/1,fire,0.82
2026-07-08,10:35:31,Camera 1,smoke,0.35
2026-07-08,10:35:31,Camera 3,fire,0.28
2026-07-08,10:35:32,Camera 3,smoke,0.33
2026-07-08,10:35:32,http://192.168.88.10:5000/cam/1,fire,0.86
2026-07-08,10:35:32,Camera 1,smoke,0.29
2026-07-08,10:35:32,Camera 3,fire,0.40
2026-07-08,10:35:33,Camera 3,smoke,0.33
2026-07-08,10:35:33,http://192.168.88.10:5000/cam/1,fire,0.87
2026-07-08,10:35:33,Camera 1,smoke,0.31
2026-07-08,10:35:34,Camera 3,fire,0.35
2026-07-08,10:35:34,Camera 3,smoke,0.29
2026-07-08,10:35:34,http://192.168.88.10:5000/cam/1,fire,0.75
2026-07-08,10:35:34,Camera 1,smoke,0.30
2026-07-08,10:35:35,Camera 3,fire,0.33
2026-07-08,10:35:35,Camera 3,smoke,0.27
2026-07-08,10:35:35,http://192.168.88.10:5000/cam/1,fire,0.80
2026-07-08,10:35:36,Camera 1,smoke,0.29
2026-07-08,10:35:36,Camera 3,fire,0.27
2026-07-08,10:35:36,http://192.168.88.10:5000/cam/1,fire,0.85
2026-07-08,10:35:37,Camera 3,smoke,0.27
2026-07-08,10:35:37,Camera 1,smoke,0.29
2026-07-08,10:35:37,Camera 3,fire,0.34
2026-07-08,10:35:37,http://192.168.88.10:5000/cam/1,fire,0.76
2026-07-08,10:35:38,Camera 3,smoke,0.31
2026-07-08,10:35:38,Camera 1,smoke,0.32
2026-07-08,10:35:38,Camera 3,fire,0.43
2026-07-08,10:35:39,http://192.168.88.10:5000/cam/1,fire,0.60
2026-07-08,10:35:39,Camera 3,smoke,0.28
2026-07-08,10:35:39,Camera 1,smoke,0.32
2026-07-08,10:35:39,Camera 3,fire,0.37
2026-07-08,10:35:40,http://192.168.88.10:5000/cam/1,fire,0.79
2026-07-08,10:35:40,Camera 3,smoke,0.26
2026-07-08,10:35:40,Camera 1,smoke,0.35
2026-07-08,10:35:40,Camera 3,fire,0.42
2026-07-08,10:35:41,http://192.168.88.10:5000/cam/1,fire,0.84
2026-07-08,10:35:41,Camera 3,smoke,0.25
2026-07-08,10:35:41,Camera 1,smoke,0.27
2026-07-08,10:35:41,Camera 3,fire,0.38
2026-07-08,10:35:42,http://192.168.88.10:5000/cam/1,fire,0.69
2026-07-08,10:35:42,Camera 1,smoke,0.32
2026-07-08,10:35:43,Camera 3,fire,0.45
2026-07-08,10:35:43,http://192.168.88.10:5000/cam/1,fire,0.87
2026-07-08,10:35:44,Camera 1,smoke,0.27
2026-07-08,10:35:44,Camera 3,fire,0.41
2026-07-08,10:35:44,Camera 3,smoke,0.37
2026-07-08,10:35:44,http://192.168.88.10:5000/cam/1,fire,0.89
2026-07-08,10:35:45,Camera 1,smoke,0.65
2026-07-08,10:35:45,Camera 3,fire,0.41
2026-07-08,10:35:45,Camera 3,smoke,0.28
2026-07-08,10:35:45,http://192.168.88.10:5000/cam/1,fire,0.89
2026-07-08,10:35:46,Camera 1,smoke,0.37
2026-07-08,10:35:46,Camera 3,fire,0.38
2026-07-08,10:35:46,http://192.168.88.10:5000/cam/1,fire,0.85
2026-07-08,10:35:47,Camera 1,smoke,0.40
2026-07-08,10:35:47,Camera 3,fire,0.38
2026-07-08,10:35:47,http://192.168.88.10:5000/cam/1,fire,0.82
2026-07-08,10:35:48,Camera 1,smoke,0.26
2026-07-08,10:35:48,Camera 3,fire,0.52
2026-07-08,10:35:49,http://192.168.88.10:5000/cam/1,fire,0.79
2026-07-08,10:35:49,Camera 3,smoke,0.25
2026-07-08,10:35:49,Camera 1,smoke,0.30
2026-07-08,10:35:49,Camera 3,fire,0.66
2026-07-08,10:35:50,http://192.168.88.10:5000/cam/1,fire,0.85
2026-07-08,10:35:50,Camera 1,smoke,0.30
2026-07-08,10:35:51,Camera 3,fire,0.63
2026-07-08,10:35:51,http://192.168.88.10:5000/cam/1,fire,0.82
2026-07-08,10:35:52,Camera 1,smoke,0.30
2026-07-08,10:35:52,Camera 3,fire,0.48
2026-07-08,10:35:52,http://192.168.88.10:5000/cam/1,fire,0.77
2026-07-08,10:35:53,Camera 1,smoke,0.30
2026-07-08,10:35:53,Camera 3,fire,0.42
2026-07-08,10:35:53,http://192.168.88.10:5000/cam/1,fire,0.87
2026-07-08,10:35:54,Camera 1,smoke,0.30
2026-07-08,10:35:54,Camera 3,fire,0.42
2026-07-08,10:35:54,http://192.168.88.10:5000/cam/1,fire,0.86
2026-07-08,10:35:55,Camera 1,smoke,0.30
2026-07-08,10:35:55,Camera 3,fire,0.43
2026-07-08,10:35:55,http://192.168.88.10:5000/cam/1,fire,0.84
2026-07-08,10:35:56,Camera 1,smoke,0.30
2026-07-08,10:35:56,Camera 3,fire,0.42
2026-07-08,10:35:56,http://192.168.88.10:5000/cam/1,fire,0.88
2026-07-08,10:35:57,http://192.168.88.10:5000/cam/1,smoke,0.80
2026-07-08,10:35:57,Camera 1,smoke,0.30
2026-07-08,10:35:57,Camera 3,fire,0.65
2026-07-08,10:35:58,http://192.168.88.10:5000/cam/1,fire,0.86
2026-07-08,10:35:58,Camera 3,smoke,0.29
2026-07-08,10:35:58,http://192.168.88.10:5000/cam/1,smoke,0.30
2026-07-08,10:35:58,Camera 1,smoke,0.30
2026-07-08,10:35:58,Camera 3,fire,0.48
2026-07-08,10:35:59,http://192.168.88.10:5000/cam/1,fire,0.72
2026-07-08,10:35:59,Camera 3,smoke,0.25
2026-07-08,10:35:59,Camera 1,smoke,0.30
2026-07-08,10:36:00,Camera 3,fire,0.37
2026-07-08,10:36:00,http://192.168.88.10:5000/cam/1,fire,0.87
2026-07-08,10:36:01,Camera 3,smoke,0.30
2026-07-08,10:36:01,Camera 1,smoke,0.30
2026-07-08,10:36:01,Camera 3,fire,0.50
2026-07-08,10:36:01,http://192.168.88.10:5000/cam/1,smoke,0.28
2026-07-08,10:36:01,http://192.168.88.10:5000/cam/1,fire,0.83
2026-07-08,10:36:02,Camera 3,smoke,0.31
2026-07-08,10:36:02,Camera 1,smoke,0.30
2026-07-08,10:36:02,Camera 3,fire,0.48
2026-07-08,10:36:02,http://192.168.88.10:5000/cam/1,smoke,0.25
2026-07-08,10:36:02,http://192.168.88.10:5000/cam/1,fire,0.85
2026-07-08,10:36:03,Camera 3,smoke,0.27
2026-07-08,10:36:03,Camera 1,smoke,0.30
2026-07-08,10:36:03,Camera 3,fire,0.57
2026-07-08,10:36:03,http://192.168.88.10:5000/cam/1,fire,0.88
2026-07-08,10:36:03,http://192.168.88.10:5000/cam/1,smoke,0.49
2026-07-08,10:36:04,Camera 1,smoke,0.30
2026-07-08,10:36:04,Camera 3,fire,0.59
2026-07-08,10:36:04,Camera 3,smoke,0.30
2026-07-08,10:36:04,http://192.168.88.10:5000/cam/1,fire,0.79
2026-07-08,10:36:05,Camera 1,smoke,0.30
2026-07-08,10:36:05,http://192.168.88.10:5000/cam/1,smoke,0.27
2026-07-08,10:36:05,Camera 3,fire,0.62
2026-07-08,10:36:05,http://192.168.88.10:5000/cam/1,fire,0.84
2026-07-08,10:36:06,Camera 1,smoke,0.30
2026-07-08,10:36:06,Camera 3,fire,0.69
2026-07-08,10:36:07,http://192.168.88.10:5000/cam/1,fire,0.90
2026-07-08,10:36:07,http://192.168.88.10:5000/cam/1,smoke,0.31
2026-07-08,10:36:07,Camera 1,smoke,0.30
2026-07-08,10:36:07,Camera 3,fire,0.60
2026-07-08,10:36:08,Camera 3,smoke,0.26
2026-07-08,10:36:08,http://192.168.88.10:5000/cam/1,fire,0.87
2026-07-08,10:36:08,http://192.168.88.10:5000/cam/1,smoke,0.45
2026-07-08,10:36:08,Camera 1,smoke,0.30
2026-07-08,10:36:09,Camera 3,fire,0.58
2026-07-08,10:36:09,Camera 3,smoke,0.28
2026-07-08,10:36:09,http://192.168.88.10:5000/cam/1,fire,0.83
2026-07-08,10:36:09,http://192.168.88.10:5000/cam/1,smoke,0.45
2026-07-08,10:36:09,Camera 1,smoke,0.30
2026-07-08,10:36:10,Camera 3,fire,0.50
2026-07-08,10:36:10,Camera 3,smoke,0.43
2026-07-08,10:36:10,http://192.168.88.10:5000/cam/1,fire,0.85
2026-07-08,10:36:11,Camera 1,smoke,0.30
2026-07-08,10:36:11,Camera 3,fire,0.48
2026-07-08,10:36:11,http://192.168.88.10:5000/cam/1,fire,0.86
2026-07-08,10:36:11,Camera 3,smoke,0.40
2026-07-08,10:36:12,http://192.168.88.10:5000/cam/1,smoke,0.58
2026-07-08,10:36:12,Camera 1,smoke,0.30
2026-07-08,10:36:12,Camera 3,fire,0.49
2026-07-08,10:36:12,Camera 3,smoke,0.27
2026-07-08,10:36:12,http://192.168.88.10:5000/cam/1,fire,0.84
2026-07-08,10:36:13,Camera 1,smoke,0.30
2026-07-08,10:36:13,http://192.168.88.10:5000/cam/1,smoke,0.31
2026-07-08,10:36:13,Camera 3,fire,0.57
2026-07-08,10:36:13,Camera 3,smoke,0.39
2026-07-08,10:36:13,http://192.168.88.10:5000/cam/1,fire,0.87
2026-07-08,10:36:14,Camera 1,smoke,0.30
2026-07-08,10:36:14,Camera 3,fire,0.37
2026-07-08,10:36:14,Camera 3,smoke,0.33
2026-07-08,10:36:14,http://192.168.88.10:5000/cam/1,fire,0.84
2026-07-08,10:36:15,Camera 1,smoke,0.30
2026-07-08,10:36:15,Camera 3,fire,0.26
2026-07-08,10:36:16,Camera 3,smoke,0.30
2026-07-08,10:36:16,http://192.168.88.10:5000/cam/1,fire,0.84
2026-07-08,10:36:16,Camera 1,smoke,0.30
2026-07-08,10:36:17,Camera 3,fire,0.29
2026-07-08,10:36:17,Camera 3,smoke,0.28
2026-07-08,10:36:17,http://192.168.88.10:5000/cam/1,fire,0.86
2026-07-08,10:36:17,Camera 1,smoke,0.30
2026-07-08,10:36:18,Camera 3,fire,0.37
2026-07-08,10:36:18,Camera 3,smoke,0.32
2026-07-08,10:36:18,http://192.168.88.10:5000/cam/1,fire,0.86
2026-07-08,10:36:19,Camera 1,smoke,0.30
2026-07-08,10:36:19,Camera 3,fire,0.31
2026-07-08,10:36:19,Camera 3,smoke,0.36
2026-07-08,10:36:19,http://192.168.88.10:5000/cam/1,fire,0.87
2026-07-08,10:36:20,Camera 1,smoke,0.30
2026-07-08,10:36:20,Camera 3,fire,0.39
2026-07-08,10:36:20,Camera 3,smoke,0.25
2026-07-08,10:36:20,http://192.168.88.10:5000/cam/1,fire,0.79
2026-07-08,10:36:21,Camera 1,smoke,0.30
2026-07-08,10:36:21,Camera 3,fire,0.40
2026-07-08,10:36:21,http://192.168.88.10:5000/cam/1,fire,0.88
2026-07-08,10:36:22,Camera 1,smoke,0.30
2026-07-08,10:36:22,Camera 3,fire,0.38
2026-07-08,10:36:22,http://192.168.88.10:5000/cam/1,fire,0.88
2026-07-08,10:36:22,Camera 3,smoke,0.26
2026-07-08,10:36:23,Camera 1,smoke,0.30
2026-07-08,10:36:23,Camera 3,fire,0.42
2026-07-08,10:36:23,http://192.168.88.10:5000/cam/1,fire,0.88
2026-07-08,10:36:24,Camera 3,smoke,0.27
2026-07-08,10:36:24,Camera 1,smoke,0.30
2026-07-08,10:36:24,Camera 3,fire,0.29
2026-07-08,10:36:24,http://192.168.88.10:5000/cam/1,fire,0.88
2026-07-08,10:36:25,Camera 3,smoke,0.31
2026-07-08,10:36:25,Camera 1,smoke,0.30
2026-07-08,10:36:25,Camera 3,fire,0.34
2026-07-08,10:36:26,http://192.168.88.10:5000/cam/1,fire,0.88
2026-07-08,10:36:26,Camera 1,smoke,0.30
2026-07-08,10:36:27,Camera 3,fire,0.45
2026-07-08,10:36:27,http://192.168.88.10:5000/cam/1,fire,0.88
2026-07-08,10:36:27,Camera 1,smoke,0.30
2026-07-08,10:36:28,Camera 3,smoke,0.27
2026-07-08,10:36:28,Camera 3,fire,0.45
2026-07-08,10:36:28,http://192.168.88.10:5000/cam/1,fire,0.88
2026-07-08,10:36:29,Camera 1,smoke,0.30
2026-07-08,10:36:29,Camera 3,smoke,0.26
2026-07-08,10:36:29,Camera 3,fire,0.47
2026-07-08,10:36:29,http://192.168.88.10:5000/cam/1,fire,0.88
2026-07-08,10:36:30,Camera 1,smoke,0.30
2026-07-08,10:36:30,Camera 3,smoke,0.39
2026-07-08,10:36:30,Camera 3,fire,0.41
2026-07-08,10:36:30,http://192.168.88.10:5000/cam/1,fire,0.88
2026-07-08,10:36:31,Camera 1,smoke,0.30
2026-07-08,10:36:31,Camera 3,smoke,0.35
2026-07-08,10:36:31,Camera 3,fire,0.42
2026-07-08,10:36:31,http://192.168.88.10:5000/cam/1,fire,0.87
2026-07-08,10:36:32,Camera 1,smoke,0.30
2026-07-08,10:36:32,Camera 3,smoke,0.35
2026-07-08,10:36:32,Camera 3,fire,0.31
2026-07-08,10:36:32,http://192.168.88.10:5000/cam/1,fire,0.83
2026-07-08,10:36:33,Camera 1,smoke,0.30
2026-07-08,10:36:33,Camera 3,smoke,0.32
2026-07-08,10:36:33,Camera 3,fire,0.45
2026-07-08,10:36:33,http://192.168.88.10:5000/cam/1,fire,0.86
2026-07-08,10:36:34,http://192.168.88.10:5000/cam/1,smoke,0.45
2026-07-08,10:36:34,Camera 1,smoke,0.30
2026-07-08,10:36:34,Camera 3,fire,0.47
2026-07-08,10:36:35,http://192.168.88.10:5000/cam/1,fire,0.87
2026-07-08,10:36:35,Camera 1,smoke,0.30
2026-07-08,10:36:36,http://192.168.88.10:5000/cam/1,smoke,0.49
2026-07-08,10:36:36,Camera 3,fire,0.34
2026-07-08,10:36:36,http://192.168.88.10:5000/cam/1,fire,0.87
2026-07-08,10:36:36,Camera 1,smoke,0.30
2026-07-08,10:36:37,Camera 3,fire,0.48
2026-07-08,10:36:37,http://192.168.88.10:5000/cam/1,fire,0.84
2026-07-08,10:36:37,Camera 3,smoke,0.26
2026-07-08,10:36:38,Camera 1,smoke,0.30
2026-07-08,10:36:38,Camera 3,fire,0.38
2026-07-08,10:36:38,http://192.168.88.10:5000/cam/1,fire,0.87
2026-07-08,10:36:38,Camera 3,smoke,0.29
2026-07-08,10:36:39,Camera 1,smoke,0.30
2026-07-08,10:36:39,Camera 3,fire,0.45
2026-07-08,10:36:39,http://192.168.88.10:5000/cam/1,fire,0.60
2026-07-08,10:36:40,Camera 3,smoke,0.28
2026-07-08,10:36:40,Camera 1,smoke,0.30
2026-07-08,10:36:40,Camera 3,fire,0.47
2026-07-08,10:36:40,http://192.168.88.10:5000/cam/1,fire,0.79
2026-07-08,10:36:41,Camera 1,smoke,0.30
2026-07-08,10:36:41,Camera 3,fire,0.34
2026-07-08,10:36:41,http://192.168.88.10:5000/cam/1,fire,0.80
2026-07-08,10:36:42,Camera 3,smoke,0.32
2026-07-08,10:36:42,Camera 1,smoke,0.30
2026-07-08,10:36:42,http://192.168.88.10:5000/cam/1,smoke,0.80
2026-07-08,10:36:42,Camera 3,fire,0.38
2026-07-08,10:36:42,http://192.168.88.10:5000/cam/1,fire,0.89
2026-07-08,10:36:43,Camera 3,smoke,0.37
2026-07-08,10:36:43,Camera 1,smoke,0.30
2026-07-08,10:36:43,Camera 3,fire,0.41
2026-07-08,10:36:44,http://192.168.88.10:5000/cam/1,fire,0.91
2026-07-08,10:36:44,http://192.168.88.10:5000/cam/1,smoke,0.61
2026-07-08,10:36:44,Camera 1,smoke,0.30
2026-07-08,10:36:45,Camera 3,fire,0.38
2026-07-08,10:36:45,http://192.168.88.10:5000/cam/1,fire,0.77
2026-07-08,10:36:45,Camera 3,smoke,0.37
2026-07-08,10:36:46,Camera 1,smoke,0.30
2026-07-08,10:36:46,Camera 3,fire,0.39
2026-07-08,10:36:46,http://192.168.88.10:5000/cam/1,fire,0.87
2026-07-08,10:36:47,Camera 3,smoke,0.29
2026-07-08,10:36:47,Camera 1,smoke,0.30
2026-07-08,10:36:47,Camera 3,fire,0.36
2026-07-08,10:36:47,http://192.168.88.10:5000/cam/1,fire,0.80
2026-07-08,10:36:48,Camera 1,smoke,0.30
2026-07-08,10:36:48,Camera 3,fire,0.47
2026-07-08,10:36:48,http://192.168.88.10:5000/cam/1,fire,0.85
2026-07-08,10:36:49,Camera 1,smoke,0.29
2026-07-08,10:36:49,Camera 3,fire,0.37
2026-07-08,10:36:49,http://192.168.88.10:5000/cam/1,fire,0.89
2026-07-08,10:36:50,Camera 3,smoke,0.32
2026-07-08,10:36:50,Camera 1,smoke,0.29
2026-07-08,10:36:50,http://192.168.88.10:5000/cam/1,fire,0.84
2026-07-08,10:36:50,http://192.168.88.10:5000/cam/1,smoke,0.26
2026-07-08,10:36:51,Camera 3,fire,0.27
2026-07-08,10:36:51,Camera 3,smoke,0.35
2026-07-08,10:36:51,Camera 1,smoke,0.29
2026-07-08,10:36:51,http://192.168.88.10:5000/cam/1,fire,0.89
2026-07-08,10:36:52,Camera 3,fire,0.35
2026-07-08,10:36:52,Camera 1,smoke,0.29
2026-07-08,10:36:53,http://192.168.88.10:5000/cam/1,fire,0.91
2026-07-08,10:36:53,Camera 3,fire,0.29
2026-07-08,10:36:53,Camera 3,smoke,0.25
2026-07-08,10:36:53,Camera 1,smoke,0.29
2026-07-08,10:36:54,http://192.168.88.10:5000/cam/1,fire,0.84
2026-07-08,10:36:54,Camera 3,fire,0.41
2026-07-08,10:36:54,Camera 3,smoke,0.29
2026-07-08,10:36:55,Camera 1,smoke,0.29
2026-07-08,10:36:55,http://192.168.88.10:5000/cam/1,fire,0.82
2026-07-08,10:36:55,Camera 3,fire,0.33
2026-07-08,10:36:55,Camera 3,smoke,0.30
2026-07-08,10:36:56,Camera 1,smoke,0.29
2026-07-08,10:36:56,http://192.168.88.10:5000/cam/1,fire,0.82
2026-07-08,10:36:56,Camera 3,fire,0.32
2026-07-08,10:36:56,Camera 3,smoke,0.44
2026-07-08,10:36:57,Camera 1,smoke,0.29
2026-07-08,10:36:57,http://192.168.88.10:5000/cam/1,fire,0.75
2026-07-08,10:36:57,Camera 3,fire,0.32
2026-07-08,10:36:57,Camera 3,smoke,0.52
2026-07-08,10:36:58,Camera 1,smoke,0.29
2026-07-08,10:36:58,http://192.168.88.10:5000/cam/1,fire,0.90
2026-07-08,10:36:58,Camera 3,fire,0.29
2026-07-08,10:36:58,Camera 3,smoke,0.33
2026-07-08,10:36:59,Camera 1,smoke,0.29
2026-07-08,10:36:59,http://192.168.88.10:5000/cam/1,fire,0.82
2026-07-08,10:36:59,Camera 3,fire,0.33
2026-07-08,10:37:00,Camera 3,smoke,0.31
2026-07-08,10:37:00,Camera 1,smoke,0.29
2026-07-08,10:37:00,http://192.168.88.10:5000/cam/1,fire,0.88
2026-07-08,10:37:00,Camera 3,fire,0.27
2026-07-08,10:37:01,Camera 3,smoke,0.28
2026-07-08,10:37:01,Camera 1,smoke,0.29
2026-07-08,10:37:01,http://192.168.88.10:5000/cam/1,fire,0.88
2026-07-08,10:37:01,Camera 3,fire,0.34
2026-07-08,10:37:02,Camera 1,smoke,0.29
2026-07-08,10:37:02,http://192.168.88.10:5000/cam/1,fire,0.86
2026-07-08,10:37:02,Camera 3,fire,0.28
2026-07-08,10:37:03,Camera 1,smoke,0.29
2026-07-08,10:37:03,Camera 3,smoke,0.29
2026-07-08,10:37:03,http://192.168.88.10:5000/cam/1,fire,0.85
2026-07-08,10:37:03,Camera 3,fire,0.26
2026-07-08,10:37:04,Camera 1,smoke,0.29
2026-07-08,10:37:04,Camera 3,smoke,0.28
2026-07-08,10:37:04,http://192.168.88.10:5000/cam/1,fire,0.83
2026-07-08,10:37:04,Camera 3,fire,0.30
2026-07-08,10:37:05,Camera 1,smoke,0.29
2026-07-08,10:37:05,http://192.168.88.10:5000/cam/1,fire,0.87
2026-07-08,10:37:05,Camera 3,fire,0.25
2026-07-08,10:37:06,Camera 1,smoke,0.29
2026-07-08,10:37:06,http://192.168.88.10:5000/cam/1,fire,0.87
2026-07-08,10:37:06,Camera 3,fire,0.27
2026-07-08,10:37:07,Camera 1,smoke,0.29
2026-07-08,10:37:07,http://192.168.88.10:5000/cam/1,fire,0.89
2026-07-08,10:37:08,Camera 3,fire,0.28
2026-07-08,10:37:08,Camera 1,smoke,0.29
2026-07-08,10:37:08,http://192.168.88.10:5000/cam/1,fire,0.87
2026-07-08,10:37:09,Camera 3,fire,0.26
2026-07-08,10:37:09,Camera 1,smoke,0.29
2026-07-08,10:37:09,http://192.168.88.10:5000/cam/1,fire,0.56
2026-07-08,10:37:10,Camera 3,smoke,0.35
2026-07-08,10:37:10,Camera 3,fire,0.37
2026-07-08,10:37:10,Camera 1,smoke,0.29
2026-07-08,10:37:10,http://192.168.88.10:5000/cam/1,fire,0.75
2026-07-08,10:37:11,Camera 3,smoke,0.29
2026-07-08,10:37:11,Camera 3,fire,0.37
2026-07-08,10:37:11,Camera 1,smoke,0.29
2026-07-08,10:37:11,http://192.168.88.10:5000/cam/1,fire,0.80
2026-07-08,10:37:12,Camera 3,fire,0.35
2026-07-08,10:37:12,Camera 1,smoke,0.29
2026-07-08,10:37:12,http://192.168.88.10:5000/cam/1,fire,0.76
2026-07-08,10:37:13,Camera 3,fire,0.40
2026-07-08,10:37:13,Camera 1,smoke,0.29
2026-07-08,10:37:13,http://192.168.88.10:5000/cam/1,smoke,0.29
2026-07-08,10:37:13,http://192.168.88.10:5000/cam/1,fire,0.76
2026-07-08,10:37:14,Camera 3,smoke,0.25
2026-07-08,10:37:14,Camera 3,fire,0.49
2026-07-08,10:37:14,Camera 1,smoke,0.29
2026-07-08,10:37:37,Camera 1,smoke,0.26
2026-07-08,10:37:38,Camera 1,smoke,0.27
2026-07-08,10:37:39,Camera 1,smoke,0.37
2026-07-08,10:37:39,Camera 3,smoke,0.28
2026-07-08,10:37:40,Camera 1,smoke,0.39
2026-07-08,10:37:40,Camera 3,smoke,0.31
2026-07-08,10:37:41,Camera 1,smoke,0.37
2026-07-08,10:37:42,Camera 1,smoke,0.39
2026-07-08,10:37:43,Camera 1,smoke,0.73
2026-07-08,10:37:44,Camera 1,smoke,0.70
2026-07-08,10:37:45,Camera 3,smoke,0.27
2026-07-08,10:38:45,Camera 2,smoke,0.25
2026-07-08,10:38:47,Camera 2,smoke,0.26
2026-07-08,10:38:48,Camera 2,smoke,0.27
2026-07-08,10:38:49,Camera 2,smoke,0.26
2026-07-08,10:39:08,Camera 2,smoke,0.25
2026-07-08,10:39:09,Camera 2,smoke,0.26
2026-07-08,10:39:11,Camera 2,smoke,0.25
2026-07-08,10:39:13,Camera 2,smoke,0.27
2026-07-08,10:39:14,Camera 2,smoke,0.27
2026-07-08,10:39:20,Camera 2,smoke,0.25
2026-07-08,10:39:21,Camera 2,smoke,0.26
2026-07-08,10:39:26,Camera 2,smoke,0.27
2026-07-08,10:39:32,Camera 2,smoke,0.26
2026-07-08,10:39:33,Camera 2,smoke,0.25
2026-07-08,10:39:44,Camera 2,smoke,0.28
2026-07-08,10:39:45,Camera 2,smoke,0.28
2026-07-08,10:39:58,Camera 2,smoke,0.27
2026-07-08,10:39:59,Camera 2,smoke,0.28
2026-07-08,10:40:01,Camera 2,smoke,0.25
2026-07-08,10:40:04,Camera 2,smoke,0.25
2026-07-08,10:40:05,Camera 2,smoke,0.26
2026-07-08,10:40:06,Camera 2,smoke,0.25
2026-07-08,10:40:08,Camera 2,smoke,0.25
2026-07-08,10:40:14,Camera 2,smoke,0.26
2026-07-08,10:40:15,Camera 2,smoke,0.26
2026-07-08,10:40:36,Camera 2,smoke,0.28
2026-07-08,10:40:37,Camera 2,smoke,0.29
2026-07-08,10:40:46,Camera 2,smoke,0.27
2026-07-08,10:40:47,Camera 2,smoke,0.29
2026-07-08,10:40:50,Camera 2,smoke,0.29
2026-07-08,10:40:51,Camera 2,smoke,0.28
2026-07-08,10:41:04,Camera 2,smoke,0.25
2026-07-08,10:41:14,Camera 2,smoke,0.31
2026-07-08,10:41:15,Camera 2,smoke,0.28
2026-07-08,10:41:18,Camera 2,smoke,0.32
2026-07-08,10:41:19,Camera 2,smoke,0.32
2026-07-08,10:41:20,Camera 2,smoke,0.31
2026-07-08,10:41:21,Camera 2,smoke,0.30
2026-07-08,10:41:26,Camera 2,smoke,0.26
2026-07-08,10:41:27,Camera 2,smoke,0.26
2026-07-08,10:41:30,Camera 2,smoke,0.25
2026-07-08,10:41:31,Camera 2,smoke,0.26
2026-07-08,10:41:32,Camera 2,smoke,0.27
2026-07-08,10:41:33,Camera 2,smoke,0.26
2026-07-08,10:41:34,Camera 2,smoke,0.28
2026-07-08,10:41:35,Camera 3,smoke,0.33
2026-07-08,10:41:35,Camera 2,smoke,0.28
2026-07-08,10:41:48,Camera 2,smoke,0.25
2026-07-08,10:41:54,Camera 3,fire,0.25
2026-07-08,10:41:54,Camera 2,smoke,0.30
2026-07-08,10:41:55,Camera 2,smoke,0.27
2026-07-08,10:41:56,Camera 2,smoke,0.27
2026-07-08,10:41:57,Camera 2,smoke,0.27
2026-07-08,10:41:59,Camera 2,smoke,0.25
2026-07-08,10:42:00,Camera 2,smoke,0.27
2026-07-08,10:42:01,Camera 2,smoke,0.26
2026-07-08,10:42:26,Camera 2,smoke,0.25
2026-07-08,10:42:40,Camera 2,smoke,0.26
2026-07-08,10:42:42,Camera 2,smoke,0.27
2026-07-08,10:42:43,Camera 2,smoke,0.27
2026-07-08,10:42:46,Camera 2,smoke,0.28
2026-07-08,10:42:47,Camera 2,smoke,0.27
2026-07-08,10:42:51,Camera 2,smoke,0.25
2026-07-08,10:42:52,Camera 2,smoke,0.25
2026-07-08,10:42:53,Camera 2,smoke,0.26
2026-07-08,10:42:54,Camera 2,smoke,0.26
2026-07-08,10:42:55,Camera 2,smoke,0.27
2026-07-08,10:42:59,Camera 2,smoke,0.25
2026-07-08,10:43:02,Camera 2,smoke,0.25
2026-07-08,10:43:04,Camera 2,smoke,0.25
2026-07-08,10:43:09,Camera 2,smoke,0.26
2026-07-08,10:43:10,Camera 2,smoke,0.25
2026-07-08,10:43:11,Camera 2,smoke,0.26
2026-07-08,10:43:12,Camera 2,smoke,0.25
2026-07-08,10:43:13,Camera 2,smoke,0.26
2026-07-08,10:43:15,Camera 2,smoke,0.26
2026-07-08,10:43:16,Camera 2,smoke,0.25
2026-07-08,10:43:17,Camera 2,smoke,0.26
2026-07-08,10:43:18,Camera 2,smoke,0.26
2026-07-08,10:43:19,Camera 2,smoke,0.25
2026-07-08,10:43:21,Camera 2,smoke,0.30
2026-07-08,10:43:22,Camera 2,smoke,0.29
2026-07-08,10:43:25,Camera 2,smoke,0.26
2026-07-08,10:43:27,Camera 2,smoke,0.26
2026-07-08,10:43:28,Camera 2,smoke,0.29
2026-07-08,10:43:32,Camera 2,smoke,0.26
2026-07-08,10:43:34,Camera 2,smoke,0.26
2026-07-08,10:43:35,Camera 2,smoke,0.25
2026-07-08,10:43:37,Camera 2,smoke,0.26
2026-07-08,10:43:38,Camera 2,smoke,0.30
2026-07-08,10:43:39,Camera 2,smoke,0.25
2026-07-08,10:43:47,Camera 2,smoke,0.26
2026-07-08,10:43:48,Camera 2,smoke,0.28
2026-07-08,10:43:51,Camera 2,smoke,0.25
2026-07-08,10:43:52,Camera 2,smoke,0.25
2026-07-08,10:43:53,Camera 2,smoke,0.25
2026-07-08,10:44:01,Camera 2,smoke,0.26
2026-07-08,10:44:03,Camera 2,smoke,0.29
2026-07-08,10:44:04,Camera 2,smoke,0.29
2026-07-08,10:44:09,Camera 2,smoke,0.26
2026-07-08,10:44:10,Camera 2,smoke,0.27
2026-07-08,10:44:13,Camera 2,smoke,0.28
2026-07-08,10:44:14,Camera 2,smoke,0.30
2026-07-08,10:44:15,Camera 2,smoke,0.25
2026-07-08,10:44:16,Camera 2,smoke,0.27
2026-07-08,10:44:16,Camera 3,fire,0.27
2026-07-08,10:44:17,Camera 2,smoke,0.29
2026-07-08,10:44:18,Camera 2,smoke,0.26
2026-07-08,10:44:19,Camera 2,smoke,0.25
2026-07-08,10:44:25,Camera 2,smoke,0.25
2026-07-08,10:44:26,Camera 2,smoke,0.27
2026-07-08,10:44:27,Camera 2,smoke,0.26
2026-07-08,10:44:28,Camera 2,smoke,0.27
2026-07-08,10:44:29,Camera 2,smoke,0.28
2026-07-08,10:44:30,Camera 2,smoke,0.28
2026-07-08,10:44:33,Camera 3,fire,0.25
2026-07-08,10:44:34,Camera 2,smoke,0.25
2026-07-08,10:44:35,Camera 3,fire,0.27
2026-07-08,10:44:38,Camera 3,fire,0.25
2026-07-08,10:44:42,Camera 3,fire,0.35
2026-07-08,10:44:43,Camera 2,smoke,0.25
2026-07-08,10:44:44,Camera 2,smoke,0.27
2026-07-08,10:44:50,Camera 2,smoke,0.26
2026-07-08,10:44:52,Camera 2,smoke,0.26
2026-07-08,10:44:53,Camera 2,smoke,0.28
2026-07-08,10:44:54,Camera 2,smoke,0.29
2026-07-08,10:44:55,Camera 2,smoke,0.26
2026-07-08,10:44:56,Camera 2,smoke,0.26
2026-07-08,10:45:01,Camera 2,smoke,0.25
2026-07-08,10:45:02,Camera 2,smoke,0.26
2026-07-08,10:45:05,Camera 2,smoke,0.25
2026-07-08,10:45:06,Camera 2,smoke,0.25
2026-07-08,10:45:07,Camera 2,smoke,0.25
2026-07-08,10:45:08,Camera 2,smoke,0.26
2026-07-08,10:45:09,Camera 2,smoke,0.26
2026-07-08,10:45:10,Camera 2,smoke,0.28
2026-07-08,10:45:11,Camera 3,fire,0.26
2026-07-08,10:45:12,Camera 3,fire,0.36
2026-07-08,10:45:13,Camera 2,smoke,0.26
2026-07-08,10:45:13,Camera 3,fire,0.32
2026-07-08,10:45:14,Camera 2,smoke,0.28
2026-07-08,10:45:14,Camera 3,fire,0.30
2026-07-08,10:45:15,Camera 2,smoke,0.26
2026-07-08,10:45:15,Camera 3,fire,0.28
2026-07-08,10:45:16,Camera 2,smoke,0.27
2026-07-08,10:45:17,Camera 2,smoke,0.27
2026-07-08,10:45:17,Camera 3,fire,0.26
2026-07-08,10:45:18,Camera 2,smoke,0.28
2026-07-08,10:45:18,Camera 3,fire,0.26
2026-07-08,10:45:19,Camera 2,smoke,0.26
2026-07-08,10:45:19,Camera 3,fire,0.37
2026-07-08,10:45:21,Camera 2,smoke,0.26
2026-07-08,10:45:21,Camera 3,fire,0.35
2026-07-08,10:45:22,Camera 2,smoke,0.27
2026-07-08,10:45:22,Camera 3,fire,0.27
2026-07-08,10:45:23,Camera 2,smoke,0.29
2026-07-08,10:45:23,Camera 3,fire,0.36
2026-07-08,10:45:24,Camera 2,smoke,0.32
2026-07-08,10:45:24,Camera 3,fire,0.33
2026-07-08,10:45:25,Camera 3,fire,0.32
2026-07-08,10:45:25,Camera 2,smoke,0.25
2026-07-08,10:45:26,Camera 3,fire,0.31
2026-07-08,10:45:26,Camera 2,smoke,0.26
2026-07-08,10:45:27,Camera 3,fire,0.34
2026-07-08,10:45:28,Camera 3,fire,0.25
2026-07-08,10:45:29,Camera 2,smoke,0.29
2026-07-08,10:45:29,Camera 3,fire,0.28
2026-07-08,10:45:30,Camera 2,smoke,0.31
2026-07-08,10:45:31,Camera 2,smoke,0.28
2026-07-08,10:45:32,Camera 2,smoke,0.29
2026-07-08,10:45:34,Camera 3,fire,0.28
2026-07-08,10:45:39,Camera 2,smoke,0.28
2026-07-08,10:45:40,Camera 2,smoke,0.30
2026-07-08,10:45:41,Camera 2,smoke,0.25
2026-07-08,10:45:42,Camera 2,smoke,0.26
2026-07-08,10:45:43,Camera 2,smoke,0.27
2026-07-08,10:45:44,Camera 2,smoke,0.26
2026-07-08,10:45:49,Camera 2,smoke,0.28
2026-07-08,10:45:50,Camera 2,smoke,0.29
2026-07-08,10:45:53,Camera 2,smoke,0.26
2026-07-08,10:45:54,Camera 2,smoke,0.30
2026-07-08,10:45:55,Camera 2,smoke,0.25
2026-07-08,10:45:57,Camera 2,smoke,0.26
2026-07-08,10:45:58,Camera 2,smoke,0.25
2026-07-08,10:45:59,Camera 2,smoke,0.26
2026-07-08,10:46:00,Camera 2,smoke,0.25
2026-07-08,10:46:01,Camera 2,smoke,0.25
2026-07-08,10:46:03,Camera 2,smoke,0.26
2026-07-08,10:46:04,Camera 2,smoke,0.27
2026-07-08,10:46:05,Camera 2,smoke,0.26
2026-07-08,10:46:06,Camera 2,smoke,0.28
2026-07-08,10:46:11,Camera 2,smoke,0.25
2026-07-08,10:46:13,Camera 2,smoke,0.29
2026-07-08,10:46:14,Camera 2,smoke,0.29
2026-07-08,10:46:15,Camera 2,smoke,0.26
2026-07-08,10:46:16,Camera 2,smoke,0.26
2026-07-08,10:46:17,Camera 2,smoke,0.30
2026-07-08,10:46:18,Camera 2,smoke,0.28
2026-07-08,10:46:19,Camera 2,smoke,0.28
2026-07-08,10:46:20,Camera 2,smoke,0.29
2026-07-08,10:46:21,Camera 2,smoke,0.27
2026-07-08,10:46:22,Camera 2,smoke,0.28
2026-07-08,10:46:23,Camera 2,smoke,0.28
2026-07-08,10:46:24,Camera 2,smoke,0.28
2026-07-08,10:46:33,Camera 2,smoke,0.28
2026-07-08,10:46:34,Camera 2,smoke,0.27
2026-07-08,10:46:36,Camera 2,smoke,0.31
2026-07-08,10:46:38,Camera 2,smoke,0.27
2026-07-08,10:46:39,Camera 2,smoke,0.25
2026-07-08,10:46:40,Camera 3,smoke,0.31
2026-07-08,10:46:44,Camera 2,smoke,0.26
2026-07-08,10:46:45,Camera 2,smoke,0.26
2026-07-08,10:46:46,Camera 2,smoke,0.29
2026-07-08,10:46:47,Camera 2,smoke,0.26
2026-07-08,10:46:48,Camera 2,smoke,0.27
2026-07-08,10:46:49,Camera 2,smoke,0.32
2026-07-08,10:46:50,Camera 2,smoke,0.35
2026-07-08,10:46:51,Camera 2,smoke,0.27
2026-07-08,10:46:52,Camera 2,smoke,0.26
2026-07-08,10:46:55,Camera 2,smoke,0.26
2026-07-08,10:46:56,Camera 2,smoke,0.26
2026-07-08,10:46:57,Camera 2,smoke,0.32
2026-07-08,10:46:58,Camera 2,smoke,0.34
2026-07-08,10:46:59,Camera 2,smoke,0.27
2026-07-08,10:47:00,Camera 2,smoke,0.26
2026-07-08,10:47:01,Camera 2,smoke,0.25
2026-07-08,10:47:02,Camera 2,smoke,0.26
2026-07-08,10:47:03,Camera 2,smoke,0.25
2026-07-08,10:47:04,Camera 2,smoke,0.25
2026-07-08,10:47:05,Camera 2,smoke,0.26
2026-07-08,10:47:07,Camera 2,smoke,0.30
2026-07-08,10:47:08,Camera 2,smoke,0.29
2026-07-08,10:47:09,Camera 2,smoke,0.25
2026-07-08,10:47:10,Camera 2,smoke,0.25
2026-07-08,10:47:11,Camera 3,fire,0.30
2026-07-08,10:47:11,Camera 2,smoke,0.25
2026-07-08,10:47:12,Camera 3,fire,0.29
2026-07-08,10:47:12,Camera 2,smoke,0.26
2026-07-08,10:47:15,Camera 2,smoke,0.25
2026-07-08,10:47:16,Camera 2,smoke,0.25
2026-07-08,10:47:16,Camera 3,fire,0.35
2026-07-08,10:47:17,Camera 2,smoke,0.28
2026-07-08,10:47:18,Camera 2,smoke,0.30
2026-07-08,10:47:19,Camera 2,smoke,0.25
2026-07-08,10:47:20,Camera 2,smoke,0.25
2026-07-08,10:47:31,Camera 2,smoke,0.25
2026-07-08,10:47:31,Camera 3,fire,0.27
2026-07-08,10:47:32,Camera 2,smoke,0.27
2026-07-08,10:47:32,Camera 3,fire,0.29
2026-07-08,10:47:35,Camera 2,smoke,0.27
2026-07-08,10:47:36,Camera 2,smoke,0.28
2026-07-08,10:47:36,Camera 3,fire,0.33
2026-07-08,10:47:37,Camera 2,smoke,0.26
2026-07-08,10:47:38,Camera 2,smoke,0.27
2026-07-08,10:47:41,Camera 2,smoke,0.25
2026-07-08,10:47:42,Camera 2,smoke,0.25
2026-07-08,10:47:47,Camera 2,smoke,0.25
2026-07-08,10:47:48,Camera 2,smoke,0.25
2026-07-08,10:47:50,Camera 2,smoke,0.25
2026-07-08,10:47:52,Camera 2,smoke,0.26
2026-07-08,10:47:53,Camera 2,smoke,0.25
2026-07-08,10:47:54,Camera 2,smoke,0.25
2026-07-08,10:47:55,Camera 2,smoke,0.27
2026-07-08,10:47:56,Camera 2,smoke,0.29
2026-07-08,10:48:03,Camera 2,smoke,0.25
2026-07-08,10:48:06,Camera 2,smoke,0.25
2026-07-08,10:48:07,Camera 2,smoke,0.25
2026-07-08,10:48:08,Camera 3,fire,0.25
2026-07-08,10:48:11,Camera 2,smoke,0.25
2026-07-08,10:48:12,Camera 2,smoke,0.28
2026-07-08,10:48:12,Camera 3,fire,0.31
2026-07-08,10:48:13,Camera 3,fire,0.35
2026-07-08,10:48:13,Camera 2,smoke,0.25
2026-07-08,10:48:14,Camera 2,smoke,0.26
2026-07-08,10:48:14,Camera 3,fire,0.27
2026-07-08,10:48:15,Camera 3,fire,0.28
2026-07-08,10:48:16,Camera 3,fire,0.29
2026-07-08,10:48:17,Camera 3,fire,0.34
2026-07-08,10:48:20,Camera 2,smoke,0.25
2026-07-08,10:48:21,Camera 2,smoke,0.25
2026-07-08,10:48:22,Camera 2,smoke,0.26
2026-07-08,10:48:23,Camera 2,smoke,0.27
2026-07-08,10:48:23,Camera 3,fire,0.42
2026-07-08,10:48:24,Camera 2,smoke,0.28
2026-07-08,10:48:25,Camera 2,smoke,0.25
2026-07-08,10:48:26,Camera 3,fire,0.30
2026-07-08,10:48:26,Camera 2,smoke,0.27
2026-07-08,10:48:29,Camera 3,fire,0.27
2026-07-08,10:48:30,Camera 2,smoke,0.25
2026-07-08,10:48:33,Camera 2,smoke,0.28
2026-07-08,10:48:34,Camera 2,smoke,0.29
2026-07-08,10:48:35,Camera 2,smoke,0.26
2026-07-08,10:48:37,Camera 2,smoke,0.26
2026-07-08,10:48:38,Camera 2,smoke,0.26
2026-07-08,10:48:41,Camera 2,smoke,0.25
2026-07-08,10:48:42,Camera 2,smoke,0.26
2026-07-08,10:48:44,Camera 2,smoke,0.26
2026-07-08,10:48:46,Camera 2,smoke,0.25
2026-07-08,10:48:47,Camera 2,smoke,0.26
2026-07-08,10:48:48,Camera 2,smoke,0.27
2026-07-08,10:48:49,Camera 2,smoke,0.27
2026-07-08,10:48:50,Camera 2,smoke,0.27
2026-07-08,10:48:51,Camera 2,smoke,0.26
2026-07-08,10:48:52,Camera 2,smoke,0.27
2026-07-08,10:48:53,Camera 2,smoke,0.25
2026-07-08,10:48:57,Camera 2,smoke,0.25
2026-07-08,10:48:58,Camera 2,smoke,0.25
2026-07-08,10:49:02,Camera 2,smoke,0.25
2026-07-08,10:49:03,Camera 2,smoke,0.28
2026-07-08,10:49:04,Camera 2,smoke,0.25
2026-07-08,10:49:06,Camera 2,smoke,0.25
2026-07-08,10:49:08,Camera 2,smoke,0.25
2026-07-08,10:49:13,Camera 2,smoke,0.25
2026-07-08,10:49:14,Camera 2,smoke,0.27
2026-07-08,10:49:18,Camera 3,fire,0.31
2026-07-08,10:49:21,Camera 2,smoke,0.26
2026-07-08,10:49:22,Camera 2,smoke,0.26
2026-07-08,10:49:24,Camera 2,smoke,0.25
2026-07-08,10:49:26,Camera 2,smoke,0.25
2026-07-08,10:49:27,Camera 2,smoke,0.29
2026-07-08,10:49:28,Camera 2,smoke,0.28
2026-07-08,10:49:29,Camera 3,fire,0.26
2026-07-08,10:49:30,Camera 3,fire,0.26
2026-07-08,10:49:33,Camera 2,smoke,0.25
2026-07-08,10:49:35,Camera 2,smoke,0.25
2026-07-08,10:49:36,Camera 2,smoke,0.27
2026-07-08,10:49:38,Camera 2,smoke,0.27
2026-07-08,10:49:39,Camera 2,smoke,0.26
2026-07-08,10:49:40,Camera 2,smoke,0.25
2026-07-08,10:49:43,Camera 2,smoke,0.25
2026-07-08,10:49:44,Camera 2,smoke,0.26
2026-07-08,10:49:47,Camera 2,smoke,0.28
2026-07-08,10:49:48,Camera 2,smoke,0.29
2026-07-08,10:49:49,Camera 2,smoke,0.25
2026-07-08,10:49:50,Camera 2,smoke,0.25
2026-07-08,10:49:52,Camera 2,smoke,0.27
2026-07-08,10:49:54,Camera 2,smoke,0.27
2026-07-08,10:49:55,Camera 2,smoke,0.27
2026-07-08,10:49:56,Camera 2,smoke,0.31
2026-07-08,10:49:57,Camera 2,smoke,0.25
2026-07-08,10:49:58,Camera 2,smoke,0.26
2026-07-08,10:49:59,Camera 2,smoke,0.26
2026-07-08,10:50:00,Camera 2,smoke,0.26
2026-07-08,10:50:02,Camera 2,smoke,0.28
2026-07-08,10:50:04,Camera 2,smoke,0.26
2026-07-08,10:50:05,Camera 2,smoke,0.27
2026-07-08,10:50:06,Camera 2,smoke,0.28
2026-07-08,10:50:07,Camera 2,smoke,0.27
2026-07-08,10:50:08,Camera 2,smoke,0.29
2026-07-08,10:50:09,Camera 2,smoke,0.25
2026-07-08,10:50:10,Camera 2,smoke,0.26
2026-07-08,10:50:11,Camera 2,smoke,0.25
2026-07-08,10:50:12,Camera 2,smoke,0.27
2026-07-08,10:50:13,Camera 2,smoke,0.25
2026-07-08,10:50:14,Camera 2,smoke,0.25
2026-07-08,10:50:15,Camera 2,smoke,0.29
2026-07-08,10:50:16,Camera 2,smoke,0.28
2026-07-08,10:50:19,Camera 2,smoke,0.26
2026-07-08,10:50:20,Camera 2,smoke,0.29
2026-07-08,10:50:21,Camera 2,smoke,0.25
2026-07-08,10:50:22,Camera 2,smoke,0.27
2026-07-08,10:50:24,Camera 2,smoke,0.30
2026-07-08,10:50:26,Camera 2,smoke,0.27
2026-07-08,10:50:28,Camera 2,smoke,0.25
2026-07-08,10:50:29,Camera 2,smoke,0.25
2026-07-08,10:50:30,Camera 2,smoke,0.26
2026-07-08,10:50:31,Camera 2,smoke,0.25
2026-07-08,10:50:33,Camera 2,smoke,0.25
2026-07-08,10:50:34,Camera 2,smoke,0.26
2026-07-08,10:50:35,Camera 2,smoke,0.26
2026-07-08,10:50:36,Camera 2,smoke,0.25
2026-07-08,10:50:37,Camera 2,smoke,0.25
2026-07-08,10:50:39,Camera 2,smoke,0.25
2026-07-08,10:50:45,Camera 2,smoke,0.25
2026-07-08,10:50:46,Camera 2,smoke,0.25
2026-07-08,10:50:46,Camera 3,fire,0.34
2026-07-08,10:50:47,Camera 3,fire,0.47
2026-07-08,10:50:48,Camera 3,fire,0.46
2026-07-08,10:50:49,Camera 2,smoke,0.25
2026-07-08,10:50:49,Camera 3,fire,0.37
2026-07-08,10:50:50,Camera 2,smoke,0.27
2026-07-08,10:50:50,Camera 3,fire,0.34
2026-07-08,10:50:51,Camera 3,fire,0.33
2026-07-08,10:50:54,Camera 3,fire,0.25
2026-07-08,10:50:55,Camera 3,fire,0.26
2026-07-08,10:50:56,Camera 3,fire,0.31
2026-07-08,10:50:56,Camera 2,smoke,0.25
2026-07-08,10:50:57,Camera 2,smoke,0.27
2026-07-08,10:50:58,Camera 2,smoke,0.28
2026-07-08,10:51:00,Camera 2,smoke,0.25
2026-07-08,10:51:01,Camera 3,fire,0.29
2026-07-08,10:51:02,Camera 3,fire,0.30
2026-07-08,10:51:03,Camera 2,smoke,0.25
2026-07-08,10:51:05,Camera 2,smoke,0.25
2026-07-08,10:51:06,Camera 2,smoke,0.26
2026-07-08,10:51:08,Camera 3,fire,0.26
2026-07-08,10:51:08,Camera 2,smoke,0.27
2026-07-08,10:51:10,Camera 2,smoke,0.29
2026-07-08,10:51:12,Camera 2,smoke,0.26
2026-07-08,10:51:14,Camera 2,smoke,0.28
2026-07-08,10:51:14,Camera 3,fire,0.44
2026-07-08,10:51:15,Camera 2,smoke,0.28
2026-07-08,10:51:16,Camera 2,smoke,0.27
2026-07-08,10:51:17,Camera 2,smoke,0.26
2026-07-08,10:51:18,Camera 2,smoke,0.25
2026-07-08,10:51:21,Camera 2,smoke,0.25
2026-07-08,10:51:22,Camera 2,smoke,0.28
2026-07-08,10:51:23,Camera 2,smoke,0.25
2026-07-08,10:51:26,Camera 2,smoke,0.25
2026-07-08,10:51:27,Camera 2,smoke,0.31
2026-07-08,10:51:28,Camera 3,fire,0.29
2026-07-08,10:51:31,Camera 2,smoke,0.26
2026-07-08,10:51:33,Camera 3,fire,0.29
2026-07-08,10:51:35,Camera 2,smoke,0.28
2026-07-08,10:51:36,Camera 2,smoke,0.28
2026-07-08,10:51:37,Camera 2,smoke,0.27
2026-07-08,10:51:38,Camera 2,smoke,0.28
2026-07-08,10:51:39,Camera 2,smoke,0.28
2026-07-08,10:51:40,Camera 2,smoke,0.25
2026-07-08,10:51:41,Camera 2,smoke,0.25
2026-07-08,10:51:48,Camera 2,smoke,0.32
2026-07-08,10:51:50,Camera 2,smoke,0.32
2026-07-08,10:51:58,Camera 3,fire,0.31
2026-07-08,10:51:59,Camera 2,smoke,0.26
2026-07-08,10:52:00,Camera 2,smoke,0.27
2026-07-08,10:52:02,Camera 2,smoke,0.25
2026-07-08,10:52:04,Camera 2,smoke,0.27
2026-07-08,10:52:05,Camera 2,smoke,0.27
2026-07-08,10:52:07,Camera 2,smoke,0.25
2026-07-08,10:52:11,Camera 3,fire,0.31
2026-07-08,10:52:12,Camera 2,smoke,0.25
2026-07-08,10:52:13,Camera 2,smoke,0.25
2026-07-08,10:52:14,Camera 2,smoke,0.25
2026-07-08,10:52:16,Camera 2,smoke,0.30
2026-07-08,10:52:17,Camera 2,smoke,0.28
2026-07-08,10:52:19,Camera 2,smoke,0.25
2026-07-08,10:52:20,Camera 2,smoke,0.26
2026-07-08,10:52:22,Camera 2,smoke,0.26
2026-07-08,10:52:24,Camera 2,smoke,0.30
2026-07-08,10:52:26,Camera 2,smoke,0.32
2026-07-08,10:52:29,Camera 2,smoke,0.28
2026-07-08,10:52:30,Camera 2,smoke,0.28
2026-07-08,10:52:31,Camera 2,smoke,0.26
2026-07-08,10:52:32,Camera 2,smoke,0.25
2026-07-08,10:52:34,Camera 2,smoke,0.30
2026-07-08,10:52:36,Camera 2,smoke,0.27
2026-07-08,10:52:37,Camera 2,smoke,0.25
2026-07-08,10:52:39,Camera 2,smoke,0.27
2026-07-08,10:52:40,Camera 2,smoke,0.25
2026-07-08,10:52:43,Camera 2,smoke,0.26
2026-07-08,10:52:44,Camera 2,smoke,0.26
2026-07-08,10:52:45,Camera 2,smoke,0.25
2026-07-08,10:52:48,Camera 2,smoke,0.25
2026-07-08,10:52:49,Camera 3,fire,0.25
2026-07-08,10:52:50,Camera 2,smoke,0.26
2026-07-08,10:52:50,Camera 3,fire,0.27
2026-07-08,10:52:53,Camera 2,smoke,0.25
2026-07-08,10:52:54,Camera 2,smoke,0.27
2026-07-08,10:52:55,Camera 2,smoke,0.30
2026-07-08,10:52:56,Camera 2,smoke,0.28
2026-07-08,10:52:57,Camera 2,smoke,0.27
2026-07-08,10:52:58,Camera 2,smoke,0.27
2026-07-08,10:52:59,Camera 2,smoke,0.28
2026-07-08,10:53:00,Camera 2,smoke,0.26
2026-07-08,10:53:01,Camera 2,smoke,0.27
2026-07-08,10:53:02,Camera 2,smoke,0.28
2026-07-08,10:53:03,Camera 2,smoke,0.30
2026-07-08,10:53:04,Camera 2,smoke,0.28
2026-07-08,10:53:05,Camera 2,smoke,0.30
2026-07-08,10:53:05,Camera 3,fire,0.27
2026-07-08,10:53:06,Camera 2,smoke,0.28
2026-07-08,10:53:06,Camera 3,fire,0.49
2026-07-08,10:53:07,Camera 3,fire,0.33
2026-07-08,10:53:07,Camera 2,smoke,0.25
2026-07-08,10:53:08,Camera 2,smoke,0.26
2026-07-08,10:53:09,Camera 2,smoke,0.28
2026-07-08,10:53:09,Camera 3,fire,0.27
2026-07-08,10:53:10,Camera 2,smoke,0.26
2026-07-08,10:53:10,Camera 3,fire,0.36
2026-07-08,10:53:11,Camera 3,fire,0.37
2026-07-08,10:53:12,Camera 3,fire,0.38
2026-07-08,10:53:12,Camera 2,smoke,0.28
2026-07-08,10:53:13,Camera 3,fire,0.36
2026-07-08,10:53:13,Camera 2,smoke,0.30
2026-07-08,10:53:14,Camera 3,fire,0.43
2026-07-08,10:53:14,Camera 2,smoke,0.31
2026-07-08,10:53:16,Camera 3,fire,0.48
2026-07-08,10:53:16,Camera 2,smoke,0.31
2026-07-08,10:53:17,Camera 3,fire,0.43
2026-07-08,10:53:17,Camera 2,smoke,0.32
2026-07-08,10:53:18,Camera 3,fire,0.49
2026-07-08,10:53:18,Camera 2,smoke,0.33
2026-07-08,10:53:19,Camera 3,fire,0.45
2026-07-08,10:53:19,Camera 2,smoke,0.31
2026-07-08,10:53:20,Camera 3,fire,0.38
2026-07-08,10:53:20,Camera 2,smoke,0.28
2026-07-08,10:53:21,Camera 3,fire,0.41
2026-07-08,10:53:21,Camera 2,smoke,0.26
2026-07-08,10:53:22,Camera 3,fire,0.47
2026-07-08,10:53:22,Camera 2,smoke,0.29
2026-07-08,10:53:23,Camera 3,fire,0.40
2026-07-08,10:53:23,Camera 2,smoke,0.36
2026-07-08,10:53:24,Camera 3,fire,0.40
2026-07-08,10:53:24,Camera 2,smoke,0.38
2026-07-08,10:53:25,Camera 3,fire,0.25
2026-07-08,10:53:25,Camera 2,smoke,0.25
2026-07-08,10:53:26,Camera 3,fire,0.29
2026-07-08,10:53:26,Camera 2,smoke,0.26
2026-07-08,10:53:27,Camera 2,smoke,0.35
2026-07-08,10:53:27,Camera 3,fire,0.26
2026-07-08,10:53:28,Camera 2,smoke,0.33
2026-07-08,10:53:28,Camera 3,fire,0.40
2026-07-08,10:53:29,Camera 2,smoke,0.29
2026-07-08,10:53:29,Camera 3,fire,0.59
2026-07-08,10:53:30,Camera 2,smoke,0.27
2026-07-08,10:53:30,Camera 3,fire,0.60
2026-07-08,10:53:31,Camera 3,fire,0.48
2026-07-08,10:53:32,Camera 2,smoke,0.25
2026-07-08,10:53:32,Camera 3,fire,0.28
2026-07-08,10:53:33,Camera 2,smoke,0.29
2026-07-08,10:53:33,Camera 3,fire,0.29
2026-07-08,10:53:34,Camera 2,smoke,0.29
2026-07-08,10:53:35,Camera 2,smoke,0.26
2026-07-08,10:53:35,Camera 3,fire,0.25
2026-07-08,10:53:37,Camera 2,smoke,0.26
2026-07-08,10:53:38,Camera 2,smoke,0.26
2026-07-08,10:53:39,Camera 2,smoke,0.28
2026-07-08,10:53:40,Camera 2,smoke,0.26
2026-07-08,10:53:41,Camera 2,smoke,0.30
2026-07-08,10:53:42,Camera 2,smoke,0.31
2026-07-08,10:53:43,Camera 3,fire,0.30
2026-07-08,10:53:44,Camera 3,fire,0.26
2026-07-08,10:53:45,Camera 3,fire,0.26
2026-07-08,10:53:46,Camera 2,smoke,0.25
2026-07-08,10:53:48,Camera 2,smoke,0.25
2026-07-08,10:53:49,Camera 3,fire,0.26
2026-07-08,10:53:49,Camera 2,smoke,0.30
2026-07-08,10:53:50,Camera 2,smoke,0.31
2026-07-08,10:53:51,Camera 2,smoke,0.28
2026-07-08,10:53:52,Camera 2,smoke,0.30
2026-07-08,10:53:54,Camera 2,smoke,0.26
2026-07-08,10:53:56,Camera 2,smoke,0.26
2026-07-08,10:53:57,Camera 2,smoke,0.26
2026-07-08,10:53:58,Camera 2,smoke,0.27
2026-07-08,10:53:59,Camera 2,smoke,0.28
2026-07-08,10:54:00,Camera 2,smoke,0.27
2026-07-08,10:54:01,Camera 2,smoke,0.27
2026-07-08,10:54:02,Camera 2,smoke,0.28
2026-07-08,10:54:03,Camera 2,smoke,0.26
2026-07-08,10:54:04,Camera 2,smoke,0.29
2026-07-08,10:54:06,Camera 2,smoke,0.25
2026-07-08,10:54:07,Camera 2,smoke,0.29
2026-07-08,10:54:08,Camera 2,smoke,0.34
2026-07-08,10:54:09,Camera 2,smoke,0.25
2026-07-08,10:54:10,Camera 3,fire,0.26
2026-07-08,10:54:10,Camera 2,smoke,0.26
2026-07-08,10:54:11,Camera 3,fire,0.29
2026-07-08,10:54:11,Camera 2,smoke,0.26
2026-07-08,10:54:12,Camera 3,fire,0.25
2026-07-08,10:54:12,Camera 2,smoke,0.27
2026-07-08,10:54:14,Camera 2,smoke,0.28
2026-07-08,10:54:14,Camera 3,fire,0.29
2026-07-08,10:54:15,Camera 2,smoke,0.28
2026-07-08,10:54:16,Camera 2,smoke,0.29
2026-07-08,10:54:17,Camera 2,smoke,0.30
2026-07-08,10:54:18,Camera 2,smoke,0.30
2026-07-08,10:54:19,Camera 2,smoke,0.25
2026-07-08,10:54:20,Camera 2,smoke,0.25
2026-07-08,10:54:21,Camera 2,smoke,0.29
2026-07-08,10:54:22,Camera 2,smoke,0.28
2026-07-08,10:54:23,Camera 2,smoke,0.25
2026-07-08,10:54:24,Camera 2,smoke,0.26
2026-07-08,10:54:26,Camera 2,smoke,0.32
2026-07-08,10:54:27,Camera 2,smoke,0.31
2026-07-08,10:54:28,Camera 2,smoke,0.25
2026-07-08,10:54:30,Camera 2,smoke,0.27
2026-07-08,10:54:31,Camera 2,smoke,0.25
2026-07-08,10:54:32,Camera 2,smoke,0.25
2026-07-08,10:54:33,Camera 2,smoke,0.26
2026-07-08,10:54:34,Camera 2,smoke,0.29
2026-07-08,10:54:35,Camera 2,smoke,0.31
2026-07-08,10:54:36,Camera 2,smoke,0.32
2026-07-08,10:54:36,Camera 3,fire,0.28
2026-07-08,10:54:37,Camera 2,smoke,0.25
2026-07-08,10:54:38,Camera 2,smoke,0.25
2026-07-08,10:54:39,Camera 2,smoke,0.25
2026-07-08,10:54:40,Camera 2,smoke,0.29
2026-07-08,10:54:41,Camera 2,smoke,0.26
2026-07-08,10:54:41,Camera 3,fire,0.30
2026-07-08,10:54:42,Camera 2,smoke,0.29
2026-07-08,10:54:43,Camera 2,smoke,0.26
2026-07-08,10:54:44,Camera 2,smoke,0.27
2026-07-08,10:54:46,Camera 2,smoke,0.25
2026-07-08,10:54:48,Camera 2,smoke,0.28
2026-07-08,10:54:49,Camera 2,smoke,0.29
2026-07-08,10:54:51,Camera 2,smoke,0.27
2026-07-08,10:54:52,Camera 2,smoke,0.27
2026-07-08,10:54:55,Camera 2,smoke,0.25
2026-07-08,10:54:56,Camera 2,smoke,0.26
2026-07-08,10:54:57,Camera 2,smoke,0.26
2026-07-08,10:54:58,Camera 2,smoke,0.26
2026-07-08,10:55:00,Camera 2,smoke,0.26
2026-07-08,10:55:02,Camera 2,smoke,0.26
2026-07-08,10:55:03,Camera 2,smoke,0.32
2026-07-08,10:55:04,Camera 2,smoke,0.35
2026-07-08,10:55:06,Camera 2,smoke,0.28
2026-07-08,10:55:07,Camera 2,smoke,0.29
2026-07-08,10:55:08,Camera 2,smoke,0.29
2026-07-08,10:55:09,Camera 2,smoke,0.28
2026-07-08,10:55:11,Camera 2,smoke,0.28
2026-07-08,10:55:12,Camera 2,smoke,0.29
2026-07-08,10:55:14,Camera 2,smoke,0.25
2026-07-08,10:55:16,Camera 2,smoke,0.25
2026-07-08,10:55:17,Camera 2,smoke,0.31
2026-07-08,10:55:18,Camera 2,smoke,0.29
2026-07-08,10:55:19,Camera 2,smoke,0.29
2026-07-08,10:55:20,Camera 2,smoke,0.30
2026-07-08,10:55:22,Camera 2,smoke,0.25
2026-07-08,10:55:23,Camera 2,smoke,0.32
2026-07-08,10:55:24,Camera 2,smoke,0.33
2026-07-08,10:55:25,Camera 2,smoke,0.25
2026-07-08,10:55:26,Camera 2,smoke,0.26
2026-07-08,10:55:27,Camera 2,smoke,0.27
2026-07-08,10:55:28,Camera 2,smoke,0.26
2026-07-08,10:55:29,Camera 2,smoke,0.32
2026-07-08,10:55:30,Camera 2,smoke,0.29
2026-07-08,10:55:31,Camera 2,smoke,0.25
2026-07-08,10:55:32,Camera 2,smoke,0.27
2026-07-08,10:55:33,Camera 2,smoke,0.29
2026-07-08,10:55:34,Camera 2,smoke,0.29
2026-07-08,10:55:36,Camera 2,smoke,0.25
2026-07-08,10:55:37,Camera 2,smoke,0.27
2026-07-08,10:55:38,Camera 2,smoke,0.29
2026-07-08,10:55:39,Camera 2,smoke,0.29
2026-07-08,10:55:40,Camera 2,smoke,0.28
2026-07-08,10:55:41,Camera 2,smoke,0.31
2026-07-08,10:55:42,Camera 2,smoke,0.34
2026-07-08,10:55:43,Camera 2,smoke,0.31
2026-07-08,10:55:44,Camera 2,smoke,0.32
2026-07-08,10:55:45,Camera 2,smoke,0.26
2026-07-08,10:55:46,Camera 2,smoke,0.25
2026-07-08,10:55:47,Camera 2,smoke,0.27
2026-07-08,10:55:48,Camera 2,smoke,0.26
2026-07-08,10:55:49,Camera 2,smoke,0.29
2026-07-08,10:55:50,Camera 2,smoke,0.28
2026-07-08,10:55:51,Camera 2,smoke,0.27
2026-07-08,10:55:52,Camera 2,smoke,0.26
2026-07-08,10:55:53,Camera 2,smoke,0.30
2026-07-08,10:55:54,Camera 2,smoke,0.31
2026-07-08,10:55:55,Camera 2,smoke,0.27
2026-07-08,10:55:56,Camera 2,smoke,0.29
2026-07-08,10:55:57,Camera 2,smoke,0.27
2026-07-08,10:55:58,Camera 2,smoke,0.28
2026-07-08,10:55:59,Camera 2,smoke,0.32
2026-07-08,10:56:00,Camera 3,fire,0.36
2026-07-08,10:56:00,Camera 2,smoke,0.31
2026-07-08,10:56:01,Camera 3,fire,0.49
2026-07-08,10:56:01,Camera 2,smoke,0.25
2026-07-08,10:56:02,Camera 2,smoke,0.27
2026-07-08,10:56:04,Camera 2,smoke,0.27
2026-07-08,10:56:05,Camera 2,smoke,0.29
2026-07-08,10:56:07,Camera 2,smoke,0.29
2026-07-08,10:56:08,Camera 2,smoke,0.27
2026-07-08,10:56:09,Camera 2,smoke,0.25
2026-07-08,10:56:10,Camera 2,smoke,0.27
2026-07-08,10:56:11,Camera 2,smoke,0.27
2026-07-08,10:56:12,Camera 2,smoke,0.26
2026-07-08,10:56:13,Camera 2,smoke,0.29
2026-07-08,10:56:14,Camera 2,smoke,0.25
2026-07-08,10:56:15,Camera 2,smoke,0.28
2026-07-08,10:56:16,Camera 2,smoke,0.27
2026-07-08,10:56:17,Camera 2,smoke,0.28
2026-07-08,10:56:18,Camera 2,smoke,0.32
2026-07-08,10:56:19,Camera 2,smoke,0.25
2026-07-08,10:56:20,Camera 2,smoke,0.28
2026-07-08,10:56:22,Camera 2,smoke,0.25
2026-07-08,10:56:23,Camera 2,smoke,0.29
2026-07-08,10:56:50,Camera 1,smoke,0.56
2026-07-08,10:56:50,Camera 1,smoke,0.56
2026-07-08,10:56:51,Camera 1,smoke,0.52
2026-07-08,10:56:53,Camera 1,smoke,0.54
2026-07-08,10:56:53,Camera 3,smoke,0.27
2026-07-08,10:56:53,Camera 3,fire,0.26
2026-07-08,10:56:54,Camera 1,smoke,0.62
2026-07-08,10:56:55,Camera 1,smoke,0.67
2026-07-08,10:56:55,Camera 1,fire,0.29
2026-07-08,10:56:56,Camera 1,smoke,0.68
2026-07-08,10:56:57,Camera 1,smoke,0.57
2026-07-08,10:56:58,Camera 1,smoke,0.70
2026-07-08,10:56:58,Camera 3,fire,0.32
2026-07-08,10:56:59,Camera 1,smoke,0.73
2026-07-08,10:57:00,Camera 1,smoke,0.73
2026-07-08,10:57:01,Camera 1,smoke,0.51
2026-07-08,10:57:02,Camera 1,smoke,0.53
2026-07-08,10:57:03,Camera 3,smoke,0.27
2026-07-08,10:57:03,Camera 1,smoke,0.74
2026-07-08,10:57:03,Camera 3,fire,0.29
2026-07-08,10:57:04,Camera 1,smoke,0.74
2026-07-08,10:57:05,Camera 3,fire,0.31
2026-07-08,10:57:05,Camera 1,smoke,0.64
2026-07-08,10:57:06,Camera 1,smoke,0.42
2026-07-08,10:57:07,Camera 3,fire,0.29
2026-07-08,10:57:07,Camera 1,smoke,0.64
2026-07-08,10:57:08,Camera 1,smoke,0.75
2026-07-08,10:57:09,Camera 3,smoke,0.33
2026-07-08,10:57:09,Camera 1,smoke,0.71
2026-07-08,10:57:10,Camera 3,smoke,0.26
2026-07-08,10:57:10,Camera 1,smoke,0.68
2026-07-08,10:57:11,Camera 1,smoke,0.69
2026-07-08,10:57:13,Camera 1,smoke,0.69
2026-07-08,10:57:13,Camera 3,smoke,0.25
2026-07-08,10:57:14,Camera 1,smoke,0.63
2026-07-08,10:57:15,Camera 1,smoke,0.61
2026-07-08,10:57:16,Camera 3,smoke,0.26
2026-07-08,10:57:16,Camera 1,smoke,0.65
2026-07-08,10:57:16,Camera 3,fire,0.26
2026-07-08,10:57:17,Camera 1,smoke,0.65
2026-07-08,10:57:18,Camera 1,smoke,0.65
2026-07-08,10:57:19,Camera 1,smoke,0.66
2026-07-08,10:57:19,Camera 3,fire,0.40
2026-07-08,10:57:20,Camera 1,smoke,0.62
2026-07-08,10:57:20,Camera 3,smoke,0.28
2026-07-08,10:57:21,Camera 1,smoke,0.68
2026-07-08,10:57:22,Camera 1,smoke,0.67
2026-07-08,10:57:23,Camera 1,smoke,0.51
2026-07-08,10:57:23,Camera 3,fire,0.36
2026-07-08,10:57:24,Camera 1,smoke,0.54
2026-07-08,10:57:25,Camera 1,smoke,0.57
2026-07-08,10:57:25,http://192.168.88.10:5000/cam/1,smoke,0.74
2026-07-08,10:57:25,http://192.168.88.10:5000/cam/1,fire,0.68
2026-07-08,10:57:25,Camera 3,fire,0.26
2026-07-08,10:57:25,Camera 3,smoke,0.25
2026-07-08,10:57:26,Camera 1,smoke,0.58
2026-07-08,10:57:26,http://192.168.88.10:5000/cam/1,fire,0.53
2026-07-08,10:57:26,http://192.168.88.10:5000/cam/1,smoke,0.45
2026-07-08,10:57:27,Camera 1,smoke,0.66
2026-07-08,10:57:27,Camera 3,smoke,0.26
2026-07-08,10:57:27,http://192.168.88.10:5000/cam/1,fire,0.74
2026-07-08,10:57:28,Camera 3,fire,0.27
2026-07-08,10:57:28,http://192.168.88.10:5000/cam/1,smoke,0.42
2026-07-08,10:57:28,Camera 1,smoke,0.65
2026-07-08,10:57:28,Camera 3,smoke,0.29
2026-07-08,10:57:29,http://192.168.88.10:5000/cam/1,fire,0.60
2026-07-08,10:57:29,Camera 3,fire,0.26
2026-07-08,10:57:29,http://192.168.88.10:5000/cam/1,smoke,0.58
2026-07-08,10:57:29,Camera 1,smoke,0.58
2026-07-08,10:57:30,http://192.168.88.10:5000/cam/1,fire,0.75
2026-07-08,10:57:30,Camera 1,fire,0.38
2026-07-08,10:57:30,Camera 1,smoke,0.61
2026-07-08,10:57:31,http://192.168.88.10:5000/cam/1,smoke,0.37
2026-07-08,10:57:31,http://192.168.88.10:5000/cam/1,fire,0.82
2026-07-08,10:57:31,Camera 1,smoke,0.64
2026-07-08,10:57:32,http://192.168.88.10:5000/cam/1,smoke,0.53
2026-07-08,10:57:32,http://192.168.88.10:5000/cam/1,fire,0.78
2026-07-08,10:57:32,Camera 1,smoke,0.59
2026-07-08,10:57:33,Camera 3,fire,0.27
2026-07-08,10:57:33,http://192.168.88.10:5000/cam/1,fire,0.79
2026-07-08,10:57:33,http://192.168.88.10:5000/cam/1,smoke,0.38
2026-07-08,10:57:34,Camera 1,smoke,0.51
2026-07-08,10:57:34,http://192.168.88.10:5000/cam/1,fire,0.64
2026-07-08,10:57:34,http://192.168.88.10:5000/cam/1,smoke,0.40
2026-07-08,10:57:35,Camera 1,smoke,0.45
2026-07-08,10:57:35,Camera 3,fire,0.26
2026-07-08,10:57:35,http://192.168.88.10:5000/cam/1,fire,0.69
2026-07-08,10:57:35,Camera 3,smoke,0.26
2026-07-08,10:57:36,Camera 1,smoke,0.51
2026-07-08,10:57:36,Camera 3,fire,0.27
2026-07-08,10:57:36,http://192.168.88.10:5000/cam/1,fire,0.54
2026-07-08,10:57:37,Camera 1,smoke,0.61
2026-07-08,10:57:37,http://192.168.88.10:5000/cam/1,fire,0.36
2026-07-08,10:57:38,Camera 3,fire,0.25
2026-07-08,10:57:38,Camera 1,smoke,0.46
2026-07-08,10:57:39,http://192.168.88.10:5000/cam/1,fire,0.41
2026-07-08,10:57:39,Camera 1,fire,0.30
2026-07-08,10:57:39,http://192.168.88.10:5000/cam/1,smoke,0.40
2026-07-08,10:57:39,Camera 3,fire,0.27
2026-07-08,10:57:39,Camera 1,smoke,0.46
2026-07-08,10:57:40,http://192.168.88.10:5000/cam/1,fire,0.57
2026-07-08,10:57:40,http://192.168.88.10:5000/cam/1,smoke,0.31
2026-07-08,10:57:40,Camera 1,smoke,0.42
2026-07-08,10:57:41,http://192.168.88.10:5000/cam/1,fire,0.57
2026-07-08,10:57:41,http://192.168.88.10:5000/cam/1,smoke,0.43
2026-07-08,10:57:41,Camera 1,smoke,0.41
2026-07-08,10:57:42,http://192.168.88.10:5000/cam/1,smoke,0.80
2026-07-08,10:57:42,http://192.168.88.10:5000/cam/1,fire,0.40
2026-07-08,10:57:42,Camera 1,smoke,0.43
2026-07-08,10:57:43,http://192.168.88.10:5000/cam/1,smoke,0.84
2026-07-08,10:57:43,http://192.168.88.10:5000/cam/1,fire,0.38
2026-07-08,10:57:43,Camera 1,smoke,0.44
2026-07-08,10:57:43,Camera 3,fire,0.28
2026-07-08,10:57:44,Camera 3,smoke,0.27
2026-07-08,10:57:44,http://192.168.88.10:5000/cam/1,smoke,0.80
2026-07-08,10:57:44,http://192.168.88.10:5000/cam/1,fire,0.34
2026-07-08,10:57:44,Camera 1,smoke,0.53
2026-07-08,10:57:45,Camera 3,fire,0.26
2026-07-08,10:57:45,http://192.168.88.10:5000/cam/1,smoke,0.74
2026-07-08,10:57:45,http://192.168.88.10:5000/cam/1,fire,0.29
2026-07-08,10:57:45,Camera 1,smoke,0.35
2026-07-08,10:57:46,Camera 1,fire,0.28
2026-07-08,10:57:46,Camera 3,fire,0.28
2026-07-08,10:57:46,http://192.168.88.10:5000/cam/1,smoke,0.46
2026-07-08,10:57:46,Camera 1,smoke,0.32
2026-07-08,10:57:47,http://192.168.88.10:5000/cam/1,fire,0.65
2026-07-08,10:57:47,Camera 3,fire,0.28
2026-07-08,10:57:48,http://192.168.88.10:5000/cam/1,smoke,0.30
2026-07-08,10:57:48,Camera 1,smoke,0.74
2026-07-08,10:57:48,http://192.168.88.10:5000/cam/1,fire,0.42
2026-07-08,10:57:49,http://192.168.88.10:5000/cam/1,smoke,0.33
2026-07-08,10:57:49,Camera 1,smoke,0.72
2026-07-08,10:57:49,http://192.168.88.10:5000/cam/1,fire,0.77
2026-07-08,10:57:50,http://192.168.88.10:5000/cam/1,smoke,0.48
2026-07-08,10:57:50,Camera 1,smoke,0.51
2026-07-08,10:57:50,Camera 3,smoke,0.26
2026-07-08,10:57:50,http://192.168.88.10:5000/cam/1,fire,0.87
2026-07-08,10:57:51,Camera 1,fire,0.28
2026-07-08,10:57:51,http://192.168.88.10:5000/cam/1,smoke,0.38
2026-07-08,10:57:51,Camera 1,smoke,0.44
2026-07-08,10:57:51,Camera 3,smoke,0.42
2026-07-08,10:57:51,http://192.168.88.10:5000/cam/1,fire,0.84
2026-07-08,10:57:52,Camera 1,fire,0.34
2026-07-08,10:57:52,http://192.168.88.10:5000/cam/1,smoke,0.42
2026-07-08,10:57:52,Camera 1,smoke,0.50
2026-07-08,10:57:52,http://192.168.88.10:5000/cam/1,fire,0.70
2026-07-08,10:57:53,http://192.168.88.10:5000/cam/1,smoke,0.43
2026-07-08,10:57:53,Camera 1,smoke,0.49
2026-07-08,10:57:54,http://192.168.88.10:5000/cam/1,fire,0.45
2026-07-08,10:57:54,http://192.168.88.10:5000/cam/1,smoke,0.46
2026-07-08,10:57:54,Camera 1,smoke,0.40
2026-07-08,10:57:55,http://192.168.88.10:5000/cam/1,fire,0.42
2026-07-08,10:57:55,http://192.168.88.10:5000/cam/1,smoke,0.45
2026-07-08,10:57:55,Camera 1,smoke,0.48
2026-07-08,10:57:56,http://192.168.88.10:5000/cam/1,fire,0.34
2026-07-08,10:57:56,http://192.168.88.10:5000/cam/1,smoke,0.62
2026-07-08,10:57:56,Camera 1,smoke,0.34
2026-07-08,10:57:57,Camera 3,fire,0.25
2026-07-08,10:57:57,http://192.168.88.10:5000/cam/1,smoke,0.47
2026-07-08,10:57:57,Camera 1,smoke,0.54
2026-07-08,10:57:57,http://192.168.88.10:5000/cam/1,fire,0.36
2026-07-08,10:57:58,Camera 3,fire,0.30
2026-07-08,10:57:58,http://192.168.88.10:5000/cam/1,smoke,0.35
2026-07-08,10:57:58,Camera 3,smoke,0.27
2026-07-08,10:57:58,Camera 1,smoke,0.46
2026-07-08,10:57:59,http://192.168.88.10:5000/cam/1,fire,0.33
2026-07-08,10:57:59,http://192.168.88.10:5000/cam/1,smoke,0.29
2026-07-08,10:58:00,http://192.168.88.10:5000/cam/1,fire,0.36
2026-07-08,10:58:00,Camera 1,smoke,0.28
2026-07-08,10:58:00,Camera 3,smoke,0.26
2026-07-08,10:58:00,http://192.168.88.10:5000/cam/1,smoke,0.36
2026-07-08,10:58:01,Camera 1,smoke,0.45
2026-07-08,10:58:01,http://192.168.88.10:5000/cam/1,fire,0.85
2026-07-08,10:58:01,Camera 3,smoke,0.27
2026-07-08,10:58:01,http://192.168.88.10:5000/cam/1,smoke,0.31
2026-07-08,10:58:02,Camera 1,smoke,0.47
2026-07-08,10:58:02,Camera 3,smoke,0.37
2026-07-08,10:58:02,http://192.168.88.10:5000/cam/1,fire,0.84
2026-07-08,10:58:03,Camera 1,smoke,0.62
2026-07-08,10:58:03,Camera 1,fire,0.49
2026-07-08,10:58:03,Camera 3,smoke,0.25
2026-07-08,10:58:03,http://192.168.88.10:5000/cam/1,fire,0.85
2026-07-08,10:58:04,Camera 1,smoke,0.42
2026-07-08,10:58:05,http://192.168.88.10:5000/cam/1,fire,0.85
2026-07-08,10:58:05,Camera 1,smoke,0.42
2026-07-08,10:58:05,Camera 3,smoke,0.36
2026-07-08,10:58:06,http://192.168.88.10:5000/cam/1,fire,0.86
2026-07-08,10:58:06,Camera 3,fire,0.27
2026-07-08,10:58:06,Camera 1,smoke,0.43
2026-07-08,10:58:06,Camera 3,smoke,0.37
2026-07-08,10:58:07,http://192.168.88.10:5000/cam/1,fire,0.72
2026-07-08,10:58:07,http://192.168.88.10:5000/cam/1,smoke,0.27
2026-07-08,10:58:07,Camera 1,smoke,0.58
2026-07-08,10:58:08,http://192.168.88.10:5000/cam/1,fire,0.87
2026-07-08,10:58:08,Camera 3,smoke,0.29
2026-07-08,10:58:08,http://192.168.88.10:5000/cam/1,smoke,0.28
2026-07-08,10:58:08,Camera 1,smoke,0.72
2026-07-08,10:58:09,http://192.168.88.10:5000/cam/1,fire,0.61
2026-07-08,10:58:09,Camera 3,fire,0.27
2026-07-08,10:58:09,Camera 1,smoke,0.62
2026-07-08,10:58:10,http://192.168.88.10:5000/cam/1,fire,0.82
2026-07-08,10:58:10,http://192.168.88.10:5000/cam/1,smoke,0.31
2026-07-08,10:58:10,Camera 1,smoke,0.62
2026-07-08,10:58:11,http://192.168.88.10:5000/cam/1,fire,0.67
2026-07-08,10:58:11,http://192.168.88.10:5000/cam/1,smoke,0.46
2026-07-08,10:58:11,Camera 1,smoke,0.74
2026-07-08,10:58:12,http://192.168.88.10:5000/cam/1,fire,0.62
2026-07-08,10:58:12,Camera 1,smoke,0.62
2026-07-08,10:58:13,http://192.168.88.10:5000/cam/1,fire,0.63
2026-07-08,10:58:13,Camera 1,smoke,0.42
2026-07-08,10:58:14,http://192.168.88.10:5000/cam/1,fire,0.74
2026-07-08,10:58:14,http://192.168.88.10:5000/cam/1,smoke,0.30
2026-07-08,10:58:14,Camera 1,smoke,0.41
2026-07-08,10:58:15,http://192.168.88.10:5000/cam/1,fire,0.71
2026-07-08,10:58:15,Camera 1,smoke,0.55
2026-07-08,10:58:16,http://192.168.88.10:5000/cam/1,smoke,0.26
2026-07-08,10:58:16,http://192.168.88.10:5000/cam/1,fire,0.45
2026-07-08,10:58:16,Camera 1,smoke,0.54
2026-07-08,10:58:17,http://192.168.88.10:5000/cam/1,fire,0.87
2026-07-08,10:58:17,http://192.168.88.10:5000/cam/1,smoke,0.27
2026-07-08,10:58:17,Camera 1,smoke,0.30
2026-07-08,10:58:18,http://192.168.88.10:5000/cam/1,fire,0.87
2026-07-08,10:58:19,Camera 1,smoke,0.29
2026-07-08,10:58:19,http://192.168.88.10:5000/cam/1,smoke,0.29
2026-07-08,10:58:19,Camera 3,smoke,0.27
2026-07-08,10:58:19,http://192.168.88.10:5000/cam/1,fire,0.87
2026-07-08,10:58:20,Camera 1,smoke,0.53
2026-07-08,10:58:20,http://192.168.88.10:5000/cam/1,fire,0.91
2026-07-08,10:58:20,http://192.168.88.10:5000/cam/1,smoke,0.28
2026-07-08,10:58:20,Camera 3,smoke,0.25
2026-07-08,10:58:26,Camera 1,smoke,0.52
2026-07-08,10:58:26,Camera 1,smoke,0.43
2026-07-08,10:58:27,Camera 1,smoke,0.61
2026-07-08,10:58:28,Camera 3,smoke,0.29
2026-07-08,10:58:29,Camera 1,smoke,0.60
2026-07-08,10:58:29,Camera 3,smoke,0.27
2026-07-08,10:58:30,Camera 1,smoke,0.58
2026-07-08,10:58:30,Camera 3,smoke,0.26
2026-07-08,10:58:31,Camera 1,smoke,0.56
2026-07-08,10:58:32,Camera 1,smoke,0.55
2026-07-08,10:58:33,Camera 1,smoke,0.56
2026-07-08,10:58:33,Camera 3,smoke,0.32
2026-07-08,10:58:34,Camera 1,smoke,0.66
2026-07-08,10:58:34,Camera 3,smoke,0.34
2026-07-08,10:58:35,Camera 1,smoke,0.41
2026-07-08,10:58:36,Camera 1,smoke,0.41
2026-07-08,10:58:37,Camera 3,smoke,0.27
2026-07-08,10:58:37,Camera 1,smoke,0.67
2026-07-08,10:58:38,Camera 1,smoke,0.78
2026-07-08,10:58:39,Camera 3,smoke,0.26
2026-07-08,10:58:39,Camera 1,smoke,0.37
2026-07-08,10:58:40,Camera 1,smoke,0.41
2026-07-08,10:58:40,Camera 3,smoke,0.26
2026-07-08,10:58:41,Camera 1,smoke,0.66
2026-07-08,10:58:41,Camera 3,smoke,0.26
2026-07-08,10:58:42,Camera 1,smoke,0.64
2026-07-08,10:58:42,Camera 3,smoke,0.31
2026-07-08,10:58:43,Camera 1,smoke,0.51
2026-07-08,10:58:44,Camera 3,smoke,0.26
2026-07-08,10:58:44,Camera 1,smoke,0.63
2026-07-08,10:58:45,Camera 3,smoke,0.26
2026-07-08,10:58:45,Camera 1,smoke,0.46
2026-07-08,10:58:46,Camera 3,smoke,0.25
2026-07-08,10:58:46,Camera 1,smoke,0.52
2026-07-08,10:58:47,Camera 1,smoke,0.32
2026-07-08,10:58:48,http://192.168.88.10:5000/cam/1,smoke,0.26
2026-07-08,10:58:49,Camera 1,smoke,0.37
2026-07-08,10:58:49,Camera 3,smoke,0.30
2026-07-08,10:58:50,Camera 1,smoke,0.41
2026-07-08,10:58:50,http://192.168.88.10:5000/cam/1,smoke,0.37
2026-07-08,10:58:51,Camera 1,smoke,0.40
2026-07-08,10:58:51,Camera 3,smoke,0.27
2026-07-08,10:58:51,http://192.168.88.10:5000/cam/1,smoke,0.29
2026-07-08,10:58:52,Camera 1,smoke,0.41
2026-07-08,10:58:52,Camera 3,smoke,0.34
2026-07-08,10:58:53,http://192.168.88.10:5000/cam/1,smoke,0.25
2026-07-08,10:58:53,Camera 1,smoke,0.52
2026-07-08,10:58:54,http://192.168.88.10:5000/cam/1,smoke,0.34
2026-07-08,10:58:54,Camera 1,smoke,0.42
2026-07-08,10:58:55,http://192.168.88.10:5000/cam/1,smoke,0.34
2026-07-08,10:58:55,Camera 3,smoke,0.30
2026-07-08,10:58:55,Camera 1,smoke,0.31
2026-07-08,10:58:56,http://192.168.88.10:5000/cam/1,smoke,0.38
2026-07-08,10:58:56,Camera 3,smoke,0.29
2026-07-08,10:58:56,Camera 1,smoke,0.29
2026-07-08,10:58:57,http://192.168.88.10:5000/cam/1,smoke,0.38
2026-07-08,10:58:57,Camera 3,smoke,0.28
2026-07-08,10:58:57,Camera 1,smoke,0.42
2026-07-08,10:58:58,http://192.168.88.10:5000/cam/1,smoke,0.28
2026-07-08,10:58:58,Camera 3,smoke,0.25
2026-07-08,10:58:58,Camera 1,smoke,0.35
2026-07-08,10:58:59,Camera 3,smoke,0.26
2026-07-08,10:58:59,Camera 1,smoke,0.32
2026-07-08,10:59:00,http://192.168.88.10:5000/cam/1,smoke,0.39
2026-07-08,10:59:01,Camera 1,smoke,0.33
2026-07-08,10:59:01,Camera 3,smoke,0.26
2026-07-08,10:59:01,http://192.168.88.10:5000/cam/1,smoke,0.26
2026-07-08,10:59:02,Camera 1,smoke,0.38
2026-07-08,10:59:03,http://192.168.88.10:5000/cam/1,smoke,0.42
2026-07-08,10:59:03,Camera 1,smoke,0.49
2026-07-08,10:59:03,Camera 3,smoke,0.26
2026-07-08,10:59:04,http://192.168.88.10:5000/cam/1,smoke,0.66
2026-07-08,10:59:04,Camera 1,smoke,0.41
2026-07-08,10:59:04,Camera 3,smoke,0.37
2026-07-08,10:59:05,http://192.168.88.10:5000/cam/1,smoke,0.36
2026-07-08,10:59:05,Camera 1,smoke,0.36
2026-07-08,10:59:06,Camera 3,smoke,0.31
2026-07-08,10:59:06,http://192.168.88.10:5000/cam/1,smoke,0.70
2026-07-08,10:59:06,Camera 1,smoke,0.37
2026-07-08,10:59:07,Camera 3,smoke,0.33
2026-07-08,10:59:07,Camera 1,smoke,0.40
2026-07-08,10:59:08,http://192.168.88.10:5000/cam/1,smoke,0.34
2026-07-08,10:59:08,Camera 1,smoke,0.36
2026-07-08,10:59:09,Camera 1,smoke,0.44
2026-07-08,10:59:09,Camera 3,smoke,0.28
2026-07-08,10:59:10,Camera 1,smoke,0.44
2026-07-08,10:59:10,Camera 3,smoke,0.27
2026-07-08,10:59:11,http://192.168.88.10:5000/cam/1,smoke,0.28
2026-07-08,10:59:11,Camera 1,smoke,0.31
2026-07-08,10:59:12,http://192.168.88.10:5000/cam/1,smoke,0.38
2026-07-08,10:59:12,Camera 3,smoke,0.26
2026-07-08,10:59:12,Camera 1,smoke,0.33
2026-07-08,10:59:13,Camera 1,smoke,0.35
2026-07-08,10:59:37,Camera 2,smoke,0.25
2026-07-08,10:59:38,Camera 2,smoke,0.26
2026-07-08,10:59:40,Camera 2,smoke,0.25
2026-07-08,10:59:46,Camera 2,smoke,0.28
2026-07-08,10:59:47,Camera 2,smoke,0.26
2026-07-08,10:59:50,Camera 2,smoke,0.28
2026-07-08,10:59:51,Camera 2,smoke,0.30
2026-07-08,10:59:52,Camera 2,smoke,0.26
2026-07-08,10:59:53,Camera 2,smoke,0.26
2026-07-08,10:59:54,Camera 2,smoke,0.26
2026-07-08,10:59:56,Camera 2,smoke,0.25
2026-07-08,10:59:57,Camera 2,smoke,0.29
2026-07-08,10:59:58,Camera 2,smoke,0.29
2026-07-08,10:59:59,http://192.168.88.10:5000/cam/1,smoke,0.56
2026-07-08,10:59:59,Camera 2,smoke,0.26
2026-07-08,11:00:00,Camera 2,smoke,0.25
2026-07-08,11:00:00,http://192.168.88.10:5000/cam/1,smoke,0.25
2026-07-08,11:00:01,Camera 2,smoke,0.27
2026-07-08,11:00:02,Camera 2,smoke,0.26
2026-07-08,11:00:03,http://192.168.88.10:5000/cam/1,smoke,0.50
2026-07-08,11:00:04,Camera 2,smoke,0.25
2026-07-08,11:00:05,http://192.168.88.10:5000/cam/1,smoke,0.47
2026-07-08,11:00:06,Camera 2,smoke,0.26
2026-07-08,11:00:06,http://192.168.88.10:5000/cam/1,smoke,0.83
2026-07-08,11:00:07,Camera 2,smoke,0.31
2026-07-08,11:00:07,http://192.168.88.10:5000/cam/1,smoke,0.62
2026-07-08,11:00:08,Camera 2,smoke,0.28
2026-07-08,11:00:08,http://192.168.88.10:5000/cam/1,smoke,0.41
2026-07-08,11:00:10,http://192.168.88.10:5000/cam/1,smoke,0.63
2026-07-08,11:00:11,http://192.168.88.10:5000/cam/1,smoke,0.39
2026-07-08,11:00:12,http://192.168.88.10:5000/cam/1,smoke,0.42
2026-07-08,11:00:14,Camera 2,smoke,0.26
2026-07-08,11:00:14,http://192.168.88.10:5000/cam/1,smoke,0.27
2026-07-08,11:00:15,Camera 2,smoke,0.31
2026-07-08,11:00:16,Camera 2,smoke,0.32
2026-07-08,11:00:16,http://192.168.88.10:5000/cam/1,smoke,0.30
2026-07-08,11:00:17,Camera 2,smoke,0.28
2026-07-08,11:00:18,Camera 2,smoke,0.31
2026-07-08,11:00:18,http://192.168.88.10:5000/cam/1,smoke,0.25
2026-07-08,11:00:19,Camera 2,smoke,0.27
2026-07-08,11:00:20,http://192.168.88.10:5000/cam/1,smoke,0.40
2026-07-08,11:00:20,Camera 2,smoke,0.30
2026-07-08,11:00:21,http://192.168.88.10:5000/cam/1,smoke,0.30
2026-07-08,11:00:21,Camera 2,smoke,0.28
2026-07-08,11:00:22,http://192.168.88.10:5000/cam/1,smoke,0.39
2026-07-08,11:00:23,Camera 2,smoke,0.28
2026-07-08,11:00:23,http://192.168.88.10:5000/cam/1,smoke,0.26
2026-07-08,11:00:24,Camera 2,smoke,0.25
2026-07-08,11:00:25,http://192.168.88.10:5000/cam/1,smoke,0.29
2026-07-08,11:00:25,Camera 2,smoke,0.37
2026-07-08,11:00:26,Camera 2,smoke,0.36
2026-07-08,11:00:26,http://192.168.88.10:5000/cam/1,smoke,0.40
2026-07-08,11:00:27,http://192.168.88.10:5000/cam/1,smoke,0.79
2026-07-08,11:00:28,http://192.168.88.10:5000/cam/1,smoke,0.80
2026-07-08,11:00:29,Camera 2,smoke,0.26
2026-07-08,11:00:29,http://192.168.88.10:5000/cam/1,smoke,0.76
2026-07-08,11:00:30,Camera 2,smoke,0.26
2026-07-08,11:00:30,http://192.168.88.10:5000/cam/1,smoke,0.71
2026-07-08,11:00:31,Camera 2,smoke,0.26
2026-07-08,11:00:32,Camera 2,smoke,0.25
2026-07-08,11:00:33,Camera 2,smoke,0.28
2026-07-08,11:00:35,Camera 2,smoke,0.25
2026-07-08,11:00:36,Camera 2,smoke,0.26
2026-07-08,11:00:37,Camera 2,smoke,0.25
2026-07-08,11:00:38,Camera 2,smoke,0.32
2026-07-08,11:00:39,Camera 2,smoke,0.35
2026-07-08,11:00:48,Camera 2,smoke,0.27
2026-07-08,11:00:49,Camera 2,smoke,0.25
2026-07-08,11:00:49,http://192.168.88.10:5000/cam/1,smoke,0.39
2026-07-08,11:00:50,Camera 2,smoke,0.26
2026-07-08,11:00:51,Camera 2,smoke,0.26
2026-07-08,11:00:52,Camera 2,smoke,0.27
2026-07-08,11:00:53,Camera 2,smoke,0.27
2026-07-08,11:00:54,http://192.168.88.10:5000/cam/1,smoke,0.38
2026-07-08,11:00:58,http://192.168.88.10:5000/cam/1,smoke,0.25
2026-07-08,11:00:59,http://192.168.88.10:5000/cam/1,smoke,0.62
2026-07-08,11:01:02,Camera 2,smoke,0.26
2026-07-08,11:01:03,Camera 2,smoke,0.26
2026-07-08,11:01:05,Camera 2,smoke,0.26
2026-07-08,11:01:08,http://192.168.88.10:5000/cam/1,smoke,0.34
2026-07-08,11:01:09,http://192.168.88.10:5000/cam/1,smoke,0.26
2026-07-08,11:01:12,http://192.168.88.10:5000/cam/1,smoke,0.31
2026-07-08,11:01:13,http://192.168.88.10:5000/cam/1,smoke,0.47
2026-07-08,11:01:14,http://192.168.88.10:5000/cam/1,smoke,0.49
2026-07-08,11:01:19,Camera 2,smoke,0.25
2026-07-08,11:01:20,Camera 2,smoke,0.25
2026-07-08,11:01:21,Camera 2,smoke,0.25
2026-07-08,11:01:30,Camera 2,smoke,0.29
2026-07-08,11:01:31,Camera 2,smoke,0.26
2026-07-08,11:01:32,Camera 2,smoke,0.27
2026-07-08,11:01:33,Camera 2,smoke,0.30
2026-07-08,11:01:35,Camera 2,smoke,0.26
2026-07-08,11:01:36,Camera 2,smoke,0.25
2026-07-08,11:01:38,Camera 2,smoke,0.25
2026-07-08,11:01:42,Camera 2,smoke,0.32
2026-07-08,11:01:43,Camera 2,smoke,0.37
2026-07-08,11:01:50,Camera 2,smoke,0.25
2026-07-08,11:01:52,Camera 2,smoke,0.25
2026-07-08,11:01:53,Camera 2,smoke,0.27
2026-07-08,11:01:54,Camera 2,smoke,0.26
2026-07-08,11:01:56,Camera 2,smoke,0.33
2026-07-08,11:01:57,Camera 2,smoke,0.38
2026-07-08,11:02:09,Camera 2,smoke,0.25
2026-07-08,11:02:20,Camera 2,smoke,0.26
2026-07-08,11:02:26,Camera 2,smoke,0.25
2026-07-08,11:02:31,Camera 2,smoke,0.25
2026-07-08,11:02:32,Camera 2,smoke,0.28
2026-07-08,11:02:33,http://192.168.88.10:5000/cam/1,smoke,0.30
2026-07-08,11:02:34,http://192.168.88.10:5000/cam/1,smoke,0.28
2026-07-08,11:02:34,Camera 2,smoke,0.26
2026-07-08,11:02:35,Camera 2,smoke,0.25
2026-07-08,11:02:36,Camera 2,smoke,0.27
2026-07-08,11:02:37,Camera 2,smoke,0.27
2026-07-08,11:02:42,Camera 2,smoke,0.25
2026-07-08,11:02:44,Camera 2,smoke,0.25
2026-07-08,11:02:46,Camera 2,smoke,0.25
2026-07-08,11:02:50,http://192.168.88.10:5000/cam/1,smoke,0.35
2026-07-08,11:02:52,Camera 2,smoke,0.28
2026-07-08,11:02:53,Camera 2,smoke,0.28
2026-07-08,11:03:01,http://192.168.88.10:5000/cam/1,smoke,0.28
2026-07-08,11:03:04,http://192.168.88.10:5000/cam/1,smoke,0.35
2026-07-08,11:03:08,Camera 2,smoke,0.27
2026-07-08,11:03:09,Camera 2,smoke,0.29
2026-07-08,11:03:12,Camera 2,smoke,0.28
2026-07-08,11:03:13,Camera 2,smoke,0.28
2026-07-08,11:03:30,Camera 2,smoke,0.26
2026-07-08,11:03:31,Camera 2,smoke,0.27
2026-07-08,11:03:40,Camera 2,smoke,0.26
2026-07-08,11:03:44,Camera 2,smoke,0.25
2026-07-08,11:03:45,Camera 2,smoke,0.25
2026-07-08,11:03:45,http://192.168.88.10:5000/cam/1,smoke,0.30
2026-07-08,11:03:47,http://192.168.88.10:5000/cam/1,smoke,0.30
2026-07-08,11:03:47,Camera 2,smoke,0.27
2026-07-08,11:04:01,http://192.168.88.10:5000/cam/1,smoke,0.35
2026-07-08,11:04:03,http://192.168.88.10:5000/cam/1,smoke,0.53
2026-07-08,11:04:06,Camera 2,smoke,0.27
2026-07-08,11:04:07,Camera 2,smoke,0.31
2026-07-08,11:04:14,Camera 2,smoke,0.25
2026-07-08,11:04:15,Camera 2,smoke,0.26
2026-07-08,11:04:18,Camera 2,smoke,0.29
2026-07-08,11:04:19,Camera 2,smoke,0.29
2026-07-08,11:04:22,Camera 2,smoke,0.25
2026-07-08,11:04:24,Camera 2,smoke,0.25
2026-07-08,11:04:25,Camera 2,smoke,0.25
2026-07-08,11:04:26,Camera 2,smoke,0.27
2026-07-08,11:04:32,Camera 2,smoke,0.25
2026-07-08,11:04:33,Camera 2,smoke,0.29
2026-07-08,11:04:48,Camera 2,smoke,0.25
2026-07-08,11:04:49,Camera 2,smoke,0.25
